date,actual,predicted
2023-10-13,38,57.954613
2023-10-13,95,94.555084
2023-10-13,57,52.40548
2023-10-13,44,55.24502
2023-10-13,79,95.20716
2023-10-13,33,35.81527
2023-10-13,117,103.51388
2023-10-13,24,44.983833
2023-10-13,92,78.39921
2023-10-13,32,31.098944
2023-10-13,24,29.726612
2023-10-13,78,95.27429
2023-10-13,23,28.69015
2023-10-13,71,76.997
2023-10-13,39,33.916626
2023-10-13,78,83.39319
2023-10-13,51,46.18328
2023-10-13,163,151.9088
2023-10-13,23,23.479052
2023-10-13,44,32.395252
2023-10-13,65,71.54841
2023-10-13,12,17.669016
2023-10-13,77,61.781704
2023-10-13,82,92.91152
2023-10-13,66,74.33364
2023-10-13,63,63.14609
2023-10-13,15,15.431443
2023-10-13,75,76.128716
2023-10-13,51,44.151455
2023-10-13,52,61.11913
2023-10-13,87,84.739265
2023-10-13,104,95.21672
2023-10-13,103,98.925476
2023-10-13,47,50.38009
2023-10-13,131,105.18719
2023-10-13,157,152.94969
2023-10-13,8,17.82042
2023-10-13,83,104.64997
2023-10-13,130,127.49762
2023-10-13,47,44.772476
2023-10-13,39,45.179886
2023-10-13,91,75.70181
2023-10-13,33,47.363876
2023-10-13,114,105.45069
2023-10-13,79,61.848812
2023-10-13,36,30.094002
2023-10-13,82,70.36211
2023-10-13,88,100.16987
2023-10-13,30,40.90197
2023-10-13,101,92.06774
2023-10-13,64,80.34035
2023-10-13,70,52.243393
2023-10-13,76,96.60845
2023-10-13,130,114.11166
2023-10-13,102,97.9622
2023-10-13,70,66.93869
2023-10-13,38,37.34295
2023-10-13,35,53.799625
2023-10-13,171,182.38853
2023-10-13,140,121.19018
2023-10-13,86,73.180664
2023-10-13,44,32.461285
2023-10-13,31,35.85027
2023-10-13,92,87.53353
2023-10-13,114,138.11203
2023-10-13,90,73.151054
2023-10-13,88,74.016556
2023-10-13,37,38.47211
2023-10-13,73,88.87417
2023-10-13,109,103.474976
2023-10-13,95,91.953735
2023-10-13,36,37.51683
2023-10-13,54,62.62412
2023-10-13,32,46.423477
2023-10-13,29,28.688673
2023-10-13,81,54.398903
2023-10-13,134,131.12195
2023-10-13,16,27.834146
2023-10-13,131,145.87294
2023-10-13,50,36.08135
2023-10-13,37,35.7995
2023-10-13,37,29.536333
2023-10-13,37,30.890873
2023-10-13,65,60.246517
2023-10-13,69,83.88686
2023-10-13,51,51.98125
2023-10-13,53,52.411587
2023-10-13,85,100.67851
2023-10-13,38,40.89025
2023-10-13,53,70.32638
2023-10-13,40,48.192787
2023-10-13,57,60.832848
2023-10-13,95,94.7745
2023-10-13,37,43.71768
2023-10-13,123,107.41233
2023-10-13,17,10.596114
2023-10-13,18,28.126528
2023-10-13,192,195.17351
2023-10-13,31,43.348423
2023-10-13,49,34.99494
2023-10-14,34,42.022976
2023-10-14,184,162.77995
2023-10-14,67,70.369865
2023-10-14,50,51.22466
2023-10-14,153,145.64282
2023-10-14,35,32.21591
2023-10-14,118,109.534096
2023-10-14,39,40.219097
2023-10-14,124,107.34461
2023-10-14,59,47.80646
2023-10-14,18,22.982403
2023-10-14,98,106.62759
2023-10-14,12,25.64756
2023-10-14,69,70.67199
2023-10-14,27,18.723696
2023-10-14,61,78.33265
2023-10-14,14,19.61113
2023-10-14,106,98.72865
2023-10-14,46,37.295742
2023-10-14,32,30.107918
2023-10-14,105,88.6834
2023-10-14,46,42.241184
2023-10-14,18,38.199768
2023-10-14,54,65.863716
2023-10-14,68,67.9585
2023-10-14,118,104.202385
2023-10-14,26,12.04051
2023-10-14,97,87.23478
2023-10-14,78,73.844826
2023-10-14,66,70.34788
2023-10-14,79,74.965454
2023-10-14,70,68.016594
2023-10-14,73,56.684364
2023-10-14,87,90.50084
2023-10-14,121,113.26389
2023-10-14,92,101.581894
2023-10-14,27,23.239899
2023-10-14,131,118.8791
2023-10-14,117,127.17604
2023-10-14,31,29.31839
2023-10-14,18,21.116331
2023-10-14,100,94.8495
2023-10-14,60,47.100872
2023-10-14,68,66.23707
2023-10-14,26,42.207375
2023-10-14,19,22.83524
2023-10-14,59,60.8757
2023-10-14,70,80.72586
2023-10-14,67,76.572556
2023-10-14,80,70.73381
2023-10-14,54,45.684834
2023-10-14,45,41.09
2023-10-14,107,85.57516
2023-10-14,92,82.334785
2023-10-14,82,73.95665
2023-10-14,93,76.7826
2023-10-14,16,21.98781
2023-10-14,59,52.09368
2023-10-14,64,72.844284
2023-10-14,68,90.14244
2023-10-14,130,105.59364
2023-10-14,108,98.26586
2023-10-14,42,35.55172
2023-10-14,53,68.6561
2023-10-14,137,156.33319
2023-10-14,38,38.915695
2023-10-14,25,42.5227
2023-10-14,42,43.21351
2023-10-14,115,140.40457
2023-10-14,85,83.66042
2023-10-14,114,110.773926
2023-10-14,72,101.17295
2023-10-14,66,69.33568
2023-10-14,42,46.145542
2023-10-14,74,53.879417
2023-10-14,43,35.96576
2023-10-14,88,76.203224
2023-10-14,49,40.778263
2023-10-14,96,107.831924
2023-10-14,43,48.786407
2023-10-14,47,47.45806
2023-10-14,70,57.086407
2023-10-14,30,24.221506
2023-10-14,38,58.27108
2023-10-14,51,64.52309
2023-10-14,107,95.502014
2023-10-14,45,41.7632
2023-10-14,82,82.326065
2023-10-14,31,53.63284
2023-10-14,87,86.51959
2023-10-14,44,42.71308
2023-10-14,33,33.9299
2023-10-14,79,83.54651
2023-10-14,36,32.838245
2023-10-14,100,70.239075
2023-10-14,25,33.471573
2023-10-14,19,23.432016
2023-10-14,189,146.06139
2023-10-14,22,27.570042
2023-10-14,10,30.247147
2023-10-15,28,32.87934
2023-10-15,114,112.33588
2023-10-15,80,80.14323
2023-10-15,48,40.332993
2023-10-15,50,63.284943
2023-10-15,30,37.247017
2023-10-15,74,78.9761
2023-10-15,65,50.51635
2023-10-15,127,119.78202
2023-10-15,27,27.130941
2023-10-15,38,34.29366
2023-10-15,46,79.31873
2023-10-15,33,28.600569
2023-10-15,103,115.07746
2023-10-15,39,32.023205
2023-10-15,95,94.3227
2023-10-15,34,21.547113
2023-10-15,83,82.22116
2023-10-15,46,34.816864
2023-10-15,32,26.86758
2023-10-15,53,47.49132
2023-10-15,47,53.848328
2023-10-15,110,80.66272
2023-10-15,63,66.86024
2023-10-15,45,54.56158
2023-10-15,117,118.19506
2023-10-15,47,37.991447
2023-10-15,99,103.83035
2023-10-15,77,85.42203
2023-10-15,94,108.48872
2023-10-15,63,60.744118
2023-10-15,63,53.110863
2023-10-15,65,58.430866
2023-10-15,110,120.15123
2023-10-15,217,179.7268
2023-10-15,133,121.86008
2023-10-15,25,28.890863
2023-10-15,89,98.31634
2023-10-15,70,85.977425
2023-10-15,32,29.876034
2023-10-15,35,30.57637
2023-10-15,92,86.288536
2023-10-15,65,64.41312
2023-10-15,98,70.66236
2023-10-15,28,45.566795
2023-10-15,52,44.6862
2023-10-15,71,73.01115
2023-10-15,94,94.41333
2023-10-15,77,96.16045
2023-10-15,62,83.54522
2023-10-15,49,54.5303
2023-10-15,30,28.130821
2023-10-15,94,86.901535
2023-10-15,100,109.49313
2023-10-15,197,197.14984
2023-10-15,67,60.425003
2023-10-15,38,33.312737
2023-10-15,34,33.081547
2023-10-15,57,44.275272
2023-10-15,94,97.415665
2023-10-15,56,50.07634
2023-10-15,50,54.35903
2023-10-15,34,29.680368
2023-10-15,84,90.43532
2023-10-15,131,146.05498
2023-10-15,56,94.86478
2023-10-15,86,122.67715
2023-10-15,34,34.494797
2023-10-15,140,139.11467
2023-10-15,109,110.995705
2023-10-15,71,72.32881
2023-10-15,61,57.91693
2023-10-15,117,106.863205
2023-10-15,57,54.700096
2023-10-15,68,57.17818
2023-10-15,23,34.374886
2023-10-15,105,93.453186
2023-10-15,39,33.350914
2023-10-15,114,113.95068
2023-10-15,24,31.117668
2023-10-15,32,47.010925
2023-10-15,46,47.05028
2023-10-15,21,23.804283
2023-10-15,78,56.3756
2023-10-15,102,110.42889
2023-10-15,90,85.59988
2023-10-15,108,108.38069
2023-10-15,91,82.336136
2023-10-15,86,127.345894
2023-10-15,35,49.973415
2023-10-15,64,50.705868
2023-10-15,37,42.840836
2023-10-15,27,34.14722
2023-10-15,23,37.85261
2023-10-15,104,104.049934
2023-10-15,27,16.300478
2023-10-15,17,23.913506
2023-10-15,209,165.17259
2023-10-15,9,12.879594
2023-10-15,32,20.90163
2023-10-16,46,46.317303
2023-10-16,54,53.93033
2023-10-16,76,71.5263
2023-10-16,49,38.4963
2023-10-16,114,100.85562
2023-10-16,39,37.309357
2023-10-16,80,81.82527
2023-10-16,42,35.0134
2023-10-16,91,90.865585
2023-10-16,12,19.151491
2023-10-16,34,27.792267
2023-10-16,94,80.741745
2023-10-16,48,46.50042
2023-10-16,56,60.835968
2023-10-16,9,13.165213
2023-10-16,77,77.079765
2023-10-16,8,13.065855
2023-10-16,98,94.74152
2023-10-16,18,16.550154
2023-10-16,25,29.15627
2023-10-16,101,87.00264
2023-10-16,62,36.146175
2023-10-16,62,70.303986
2023-10-16,78,71.3129
2023-10-16,79,71.66978
2023-10-16,147,122.29483
2023-10-16,13,8.827788
2023-10-16,63,52.76621
2023-10-16,94,80.088585
2023-10-16,80,81.767746
2023-10-16,112,99.99164
2023-10-16,78,71.3549
2023-10-16,67,76.50901
2023-10-16,39,54.860718
2023-10-16,147,129.46904
2023-10-16,92,92.238434
2023-10-16,44,26.646864
2023-10-16,77,97.91192
2023-10-16,123,119.36401
2023-10-16,17,33.546867
2023-10-16,18,21.8549
2023-10-16,75,59.33321
2023-10-16,44,46.231586
2023-10-16,55,60.40091
2023-10-16,23,34.982864
2023-10-16,31,27.741314
2023-10-16,64,68.33945
2023-10-16,63,63.946575
2023-10-16,70,75.46613
2023-10-16,105,86.30224
2023-10-16,62,53.954582
2023-10-16,16,25.335545
2023-10-16,90,84.44807
2023-10-16,48,66.81862
2023-10-16,67,68.59306
2023-10-16,52,53.096428
2023-10-16,35,28.944286
2023-10-16,64,55.466404
2023-10-16,67,54.29828
2023-10-16,194,149.88313
2023-10-16,47,48.960175
2023-10-16,56,49.72508
2023-10-16,52,39.46165
2023-10-16,82,79.75015
2023-10-16,125,113.25035
2023-10-16,75,82.96742
2023-10-16,52,61.28046
2023-10-16,27,27.4368
2023-10-16,43,51.855034
2023-10-16,77,62.847958
2023-10-16,95,85.35867
2023-10-16,40,40.69968
2023-10-16,117,92.87716
2023-10-16,55,42.60369
2023-10-16,72,51.568523
2023-10-16,21,24.998032
2023-10-16,85,90.08325
2023-10-16,56,44.18661
2023-10-16,74,71.90324
2023-10-16,14,24.451126
2023-10-16,81,68.937996
2023-10-16,26,23.18468
2023-10-16,30,20.17377
2023-10-16,56,45.770123
2023-10-16,41,55.509834
2023-10-16,61,61.83039
2023-10-16,112,94.201454
2023-10-16,62,62.088634
2023-10-16,93,91.7184
2023-10-16,87,70.85446
2023-10-16,58,41.212334
2023-10-16,28,27.729992
2023-10-16,112,92.577835
2023-10-16,28,29.851875
2023-10-16,69,79.46758
2023-10-16,17,21.020027
2023-10-16,17,26.558723
2023-10-16,134,114.59966
2023-10-16,46,32.867397
2023-10-16,37,22.704477
2023-10-17,66,56.972748
2023-10-17,80,80.58536
2023-10-17,230,192.10059
2023-10-17,69,58.26498
2023-10-17,56,67.14155
2023-10-17,33,36.919262
2023-10-17,75,81.005516
2023-10-17,47,38.77566
2023-10-17,163,157.12657
2023-10-17,16,30.749346
2023-10-17,79,63.015255
2023-10-17,76,61.377796
2023-10-17,35,34.414894
2023-10-17,86,78.41795
2023-10-17,67,35.34054
2023-10-17,31,38.277733
2023-10-17,45,42.15356
2023-10-17,141,123.86878
2023-10-17,28,24.273142
2023-10-17,34,37.304657
2023-10-17,132,104.39459
2023-10-17,34,24.276754
2023-10-17,71,77.40827
2023-10-17,59,54.41972
2023-10-17,44,48.673336
2023-10-17,114,111.89217
2023-10-17,41,31.361351
2023-10-17,108,97.65964
2023-10-17,107,90.5142
2023-10-17,47,55.444973
2023-10-17,73,71.25113
2023-10-17,27,33.151207
2023-10-17,93,110.86921
2023-10-17,44,47.59037
2023-10-17,127,123.69648
2023-10-17,114,111.38976
2023-10-17,49,27.152246
2023-10-17,122,109.330505
2023-10-17,211,185.37581
2023-10-17,23,31.376541
2023-10-17,66,45.084404
2023-10-17,132,115.82623
2023-10-17,48,55.034744
2023-10-17,125,102.93791
2023-10-17,29,36.236706
2023-10-17,34,39.108513
2023-10-17,56,63.67692
2023-10-17,55,65.03706
2023-10-17,59,61.365627
2023-10-17,31,46.43446
2023-10-17,148,126.63763
2023-10-17,35,28.34256
2023-10-17,97,124.11415
2023-10-17,136,114.7395
2023-10-17,145,132.39716
2023-10-17,52,54.768074
2023-10-17,64,53.39095
2023-10-17,56,44.604343
2023-10-17,103,90.35385
2023-10-17,114,118.6635
2023-10-17,90,75.99475
2023-10-17,141,120.108665
2023-10-17,38,30.471767
2023-10-17,81,80.36195
2023-10-17,116,115.80752
2023-10-17,80,78.91678
2023-10-17,93,75.15408
2023-10-17,39,32.421112
2023-10-17,141,118.80408
2023-10-17,102,97.43095
2023-10-17,90,81.735596
2023-10-17,33,39.27591
2023-10-17,51,72.399055
2023-10-17,29,25.324474
2023-10-17,39,27.282545
2023-10-17,41,35.40803
2023-10-17,157,160.62752
2023-10-17,66,45.87212
2023-10-17,87,88.47844
2023-10-17,38,37.524967
2023-10-17,74,68.93422
2023-10-17,90,85.60628
2023-10-17,43,34.021366
2023-10-17,80,78.53554
2023-10-17,29,82.714966
2023-10-17,117,113.38484
2023-10-17,61,58.69864
2023-10-17,103,90.62825
2023-10-17,75,74.97557
2023-10-17,86,89.996414
2023-10-17,88,85.13042
2023-10-17,46,42.607143
2023-10-17,173,167.1178
2023-10-17,63,55.44699
2023-10-17,137,125.86746
2023-10-17,11,19.838322
2023-10-17,39,30.463768
2023-10-17,72,73.1759
2023-10-17,53,39.45574
2023-10-17,52,41.796574
2023-10-18,20,33.659225
2023-10-18,156,150.20311
2023-10-18,108,120.67137
2023-10-18,71,69.82568
2023-10-18,37,42.227455
2023-10-18,32,36.27071
2023-10-18,75,73.05121
2023-10-18,73,73.09621
2023-10-18,108,61.989807
2023-10-18,37,34.748154
2023-10-18,17,19.806553
2023-10-18,80,84.70691
2023-10-18,51,48.840405
2023-10-18,116,101.39777
2023-10-18,29,24.431688
2023-10-18,63,76.9084
2023-10-18,42,54.962288
2023-10-18,125,108.13524
2023-10-18,46,44.292934
2023-10-18,28,31.777489
2023-10-18,53,74.88959
2023-10-18,43,58.38121
2023-10-18,60,100.73322
2023-10-18,13,71.289406
2023-10-18,28,32.46343
2023-10-18,96,95.30125
2023-10-18,77,63.31011
2023-10-18,117,113.73108
2023-10-18,107,108.954216
2023-10-18,57,64.60929
2023-10-18,92,101.03766
2023-10-18,62,56.08467
2023-10-18,62,66.003975
2023-10-18,33,50.442524
2023-10-18,155,145.59276
2023-10-18,54,62.686996
2023-10-18,16,25.459074
2023-10-18,134,117.05268
2023-10-18,115,122.423355
2023-10-18,56,53.493843
2023-10-18,27,30.545437
2023-10-18,89,98.67189
2023-10-18,98,102.49663
2023-10-18,127,132.97353
2023-10-18,15,14.189593
2023-10-18,10,24.54795
2023-10-18,78,73.945526
2023-10-18,133,127.256424
2023-10-18,82,86.80527
2023-10-18,78,78.08012
2023-10-18,75,66.86786
2023-10-18,47,38.966347
2023-10-18,98,107.629265
2023-10-18,62,75.281586
2023-10-18,76,72.16936
2023-10-18,65,58.97185
2023-10-18,34,34.8752
2023-10-18,22,22.391462
2023-10-18,54,71.72264
2023-10-18,69,56.555325
2023-10-18,75,69.63989
2023-10-18,154,140.62138
2023-10-18,64,58.73545
2023-10-18,120,122.43424
2023-10-18,108,102.45806
2023-10-18,85,69.295525
2023-10-18,111,113.07231
2023-10-18,20,25.6855
2023-10-18,86,95.73738
2023-10-18,49,43.219425
2023-10-18,52,78.108025
2023-10-18,80,80.23449
2023-10-18,51,94.42348
2023-10-18,26,30.503723
2023-10-18,75,55.877106
2023-10-18,17,23.186237
2023-10-18,153,158.3025
2023-10-18,53,38.589684
2023-10-18,92,101.99291
2023-10-18,29,31.419682
2023-10-18,70,68.857796
2023-10-18,47,52.07777
2023-10-18,54,42.028522
2023-10-18,126,110.87243
2023-10-18,78,76.39819
2023-10-18,80,72.144196
2023-10-18,110,114.13908
2023-10-18,90,99.41136
2023-10-18,115,114.1835
2023-10-18,128,98.482895
2023-10-18,43,42.494083
2023-10-18,31,30.874115
2023-10-18,73,75.14768
2023-10-18,54,49.3958
2023-10-18,43,25.69682
2023-10-18,54,41.82885
2023-10-18,8,27.814634
2023-10-18,139,134.05267
2023-10-18,46,37.358704
2023-10-18,18,17.738745
2023-10-19,53,61.133274
2023-10-19,43,71.140274
2023-10-19,114,147.0646
2023-10-19,113,103.78595
2023-10-19,109,107.08548
2023-10-19,47,41.074657
2023-10-19,91,96.06673
2023-10-19,101,82.10929
2023-10-19,61,91.80322
2023-10-19,42,38.743744
2023-10-19,20,24.665525
2023-10-19,79,110.35095
2023-10-19,70,44.254333
2023-10-19,139,141.03531
2023-10-19,29,23.52754
2023-10-19,110,113.507355
2023-10-19,4,30.913036
2023-10-19,148,120.71222
2023-10-19,60,53.8407
2023-10-19,22,33.250816
2023-10-19,118,118.5671
2023-10-19,11,34.91601
2023-10-19,89,98.70383
2023-10-19,121,146.95537
2023-10-19,47,51.03741
2023-10-19,70,89.662895
2023-10-19,7,16.33793
2023-10-19,93,116.38162
2023-10-19,64,69.31923
2023-10-19,61,66.59536
2023-10-19,97,94.0159
2023-10-19,30,41.850327
2023-10-19,35,33.773556
2023-10-19,57,55.778385
2023-10-19,129,121.68378
2023-10-19,44,84.750114
2023-10-19,42,48.11975
2023-10-19,64,67.84905
2023-10-19,144,154.66994
2023-10-19,43,39.993587
2023-10-19,49,42.37694
2023-10-19,57,100.17717
2023-10-19,75,78.10991
2023-10-19,42,71.8566
2023-10-19,46,28.389616
2023-10-19,39,35.09099
2023-10-19,42,53.989582
2023-10-19,114,132.39531
2023-10-19,46,81.9266
2023-10-19,113,101.898
2023-10-19,78,68.40941
2023-10-19,38,37.036324
2023-10-19,61,50.87654
2023-10-19,82,93.87924
2023-10-19,44,44.48942
2023-10-19,51,57.125576
2023-10-19,71,60.481125
2023-10-19,69,46.758755
2023-10-19,62,64.30881
2023-10-19,139,155.09775
2023-10-19,100,80.35578
2023-10-19,101,97.48657
2023-10-19,66,52.44005
2023-10-19,60,81.73117
2023-10-19,126,105.84747
2023-10-19,29,56.8487
2023-10-19,62,68.23943
2023-10-19,51,40.366226
2023-10-19,105,106.09895
2023-10-19,112,98.66316
2023-10-19,95,94.18164
2023-10-19,88,66.28338
2023-10-19,58,55.887558
2023-10-19,45,41.24178
2023-10-19,44,30.25521
2023-10-19,36,32.13369
2023-10-19,152,129.52498
2023-10-19,47,33.06646
2023-10-19,87,76.45457
2023-10-19,20,37.56759
2023-10-19,88,85.65882
2023-10-19,62,62.877625
2023-10-19,11,20.529305
2023-10-19,177,159.69208
2023-10-19,80,69.197
2023-10-19,120,134.7448
2023-10-19,91,113.538246
2023-10-19,91,105.41326
2023-10-19,109,103.48027
2023-10-19,72,74.22931
2023-10-19,49,44.58813
2023-10-19,43,42.331383
2023-10-19,90,76.55422
2023-10-19,82,66.88511
2023-10-19,111,107.17705
2023-10-19,20,20.852695
2023-10-19,10,31.142832
2023-10-19,260,214.29167
2023-10-19,32,29.950897
2023-10-19,35,47.306866
2023-10-20,77,91.69444
2023-10-20,154,116.77366
2023-10-20,150,156.54044
2023-10-20,99,91.28263
2023-10-20,66,53.54933
2023-10-20,45,59.24993
2023-10-20,108,100.68918
2023-10-20,61,57.720924
2023-10-20,129,123.490845
2023-10-20,35,44.850098
2023-10-20,32,33.71359
2023-10-20,77,91.71249
2023-10-20,18,24.430061
2023-10-20,93,105.16407
2023-10-20,33,25.875004
2023-10-20,120,98.053406
2023-10-20,18,25.575193
2023-10-20,129,143.82016
2023-10-20,35,31.849424
2023-10-20,23,20.04139
2023-10-20,72,68.13021
2023-10-20,27,25.006975
2023-10-20,49,67.46383
2023-10-20,93,90.009705
2023-10-20,26,35.47139
2023-10-20,62,88.51853
2023-10-20,12,17.463655
2023-10-20,59,66.45626
2023-10-20,45,40.40948
2023-10-20,71,83.447044
2023-10-20,40,45.554077
2023-10-20,90,71.21039
2023-10-20,86,84.58121
2023-10-20,78,69.60908
2023-10-20,96,81.6746
2023-10-20,90,67.94311
2023-10-20,30,43.100376
2023-10-20,142,145.37965
2023-10-20,64,75.067474
2023-10-20,46,35.93605
2023-10-20,38,42.39631
2023-10-20,97,79.8232
2023-10-20,57,57.546417
2023-10-20,82,110.293526
2023-10-20,27,19.199064
2023-10-20,18,27.51262
2023-10-20,30,40.73105
2023-10-20,92,94.60246
2023-10-20,61,56.848087
2023-10-20,97,89.06436
2023-10-20,56,75.85329
2023-10-20,39,43.292126
2023-10-20,143,114.18528
2023-10-20,60,87.22534
2023-10-20,55,49.56534
2023-10-20,42,42.173786
2023-10-20,35,42.91717
2023-10-20,33,45.48271
2023-10-20,61,66.232704
2023-10-20,64,70.3007
2023-10-20,108,115.09568
2023-10-20,66,69.5373
2023-10-20,35,33.785988
2023-10-20,142,142.71054
2023-10-20,74,78.38299
2023-10-20,55,82.27588
2023-10-20,68,58.98185
2023-10-20,35,34.050205
2023-10-20,50,53.51237
2023-10-20,74,74.89617
2023-10-20,110,100.584236
2023-10-20,23,24.778028
2023-10-20,82,80.8377
2023-10-20,30,33.372627
2023-10-20,40,36.693573
2023-10-20,22,24.59842
2023-10-20,71,102.072464
2023-10-20,29,38.74926
2023-10-20,26,60.081898
2023-10-20,35,29.245117
2023-10-20,158,146.54706
2023-10-20,58,50.745934
2023-10-20,16,27.337187
2023-10-20,107,83.71675
2023-10-20,71,69.92564
2023-10-20,102,115.11036
2023-10-20,88,71.86663
2023-10-20,104,109.49303
2023-10-20,80,76.87596
2023-10-20,71,80.79687
2023-10-20,46,57.316624
2023-10-20,53,46.262245
2023-10-20,102,89.158516
2023-10-20,38,36.57466
2023-10-20,79,62.61232
2023-10-20,9,11.109321
2023-10-20,34,43.207443
2023-10-20,170,153.6016
2023-10-20,41,44.831425
2023-10-20,15,17.258242
2023-10-21,36,39.776688
2023-10-21,90,83.16922
2023-10-21,140,128.43825
2023-10-21,66,56.278236
2023-10-21,80,63.534256
2023-10-21,37,28.690784
2023-10-21,92,97.95018
2023-10-21,116,103.3764
2023-10-21,166,152.77072
2023-10-21,60,56.689102
2023-10-21,42,33.485
2023-10-21,141,144.46764
2023-10-21,44,35.664783
2023-10-21,101,89.68705
2023-10-21,4,17.851204
2023-10-21,94,84.15241
2023-10-21,49,38.482193
2023-10-21,33,41.64109
2023-10-21,48,41.100674
2023-10-21,37,42.815876
2023-10-21,102,114.33265
2023-10-21,12,18.51008
2023-10-21,109,91.85926
2023-10-21,76,70.15563
2023-10-21,38,50.56002
2023-10-21,111,113.3724
2023-10-21,43,32.99356
2023-10-21,125,117.846344
2023-10-21,105,95.63213
2023-10-21,113,96.11427
2023-10-21,33,46.868767
2023-10-21,38,67.92783
2023-10-21,73,84.61513
2023-10-21,40,52.1743
2023-10-21,69,86.65681
2023-10-21,94,86.17972
2023-10-21,27,32.188156
2023-10-21,76,88.13414
2023-10-21,159,154.8027
2023-10-21,53,46.540447
2023-10-21,27,33.68402
2023-10-21,44,54.49063
2023-10-21,40,42.61336
2023-10-21,44,56.15062
2023-10-21,53,44.774334
2023-10-21,24,22.156223
2023-10-21,109,87.53539
2023-10-21,151,157.27515
2023-10-21,111,101.104095
2023-10-21,92,80.325615
2023-10-21,99,94.96688
2023-10-21,35,44.734814
2023-10-21,26,62.187603
2023-10-21,49,45.46763
2023-10-21,67,63.67372
2023-10-21,85,63.799606
2023-10-21,21,30.54378
2023-10-21,29,42.824314
2023-10-21,83,85.87019
2023-10-21,102,133.16081
2023-10-21,73,63.947086
2023-10-21,76,66.97933
2023-10-21,40,39.8708
2023-10-21,81,93.6258
2023-10-21,76,85.87915
2023-10-21,79,69.78567
2023-10-21,64,73.28883
2023-10-21,83,60.927654
2023-10-21,104,100.64685
2023-10-21,50,49.265034
2023-10-21,111,90.75123
2023-10-21,52,66.743256
2023-10-21,41,52.766777
2023-10-21,40,36.041523
2023-10-21,16,21.387543
2023-10-21,35,30.027359
2023-10-21,40,46.99372
2023-10-21,34,24.793974
2023-10-21,156,126.67364
2023-10-21,43,37.52157
2023-10-21,102,94.30629
2023-10-21,42,36.555443
2023-10-21,32,26.551813
2023-10-21,99,86.7749
2023-10-21,94,83.946304
2023-10-21,63,48.65468
2023-10-21,102,102.24259
2023-10-21,88,86.21291
2023-10-21,139,126.93605
2023-10-21,154,145.45041
2023-10-21,114,93.55008
2023-10-21,60,58.360546
2023-10-21,84,110.10909
2023-10-21,24,24.839918
2023-10-21,91,87.54757
2023-10-21,23,30.47693
2023-10-21,29,42.811043
2023-10-21,75,89.50138
2023-10-21,59,53.848576
2023-10-21,43,40.209038
2023-10-22,47,49.901398
2023-10-22,106,117.13893
2023-10-22,105,106.82152
2023-10-22,37,34.061703
2023-10-22,128,124.970406
2023-10-22,41,33.752876
2023-10-22,103,91.38693
2023-10-22,67,62.079453
2023-10-22,88,102.94924
2023-10-22,27,33.168682
2023-10-22,67,48.624702
2023-10-22,77,81.28144
2023-10-22,69,37.432198
2023-10-22,70,77.43063
2023-10-22,17,21.667168
2023-10-22,54,43.43026
2023-10-22,60,26.763786
2023-10-22,68,66.74302
2023-10-22,16,24.686554
2023-10-22,35,34.811794
2023-10-22,57,47.443027
2023-10-22,42,39.244175
2023-10-22,98,90.43073
2023-10-22,127,123.667946
2023-10-22,42,55.008568
2023-10-22,77,83.227554
2023-10-22,39,45.89894
2023-10-22,94,101.691795
2023-10-22,96,92.04112
2023-10-22,102,103.589294
2023-10-22,70,81.24838
2023-10-22,72,77.25067
2023-10-22,89,95.124695
2023-10-22,56,55.215813
2023-10-22,60,72.81393
2023-10-22,95,86.79963
2023-10-22,16,23.140251
2023-10-22,83,76.86097
2023-10-22,90,100.583694
2023-10-22,54,51.805042
2023-10-22,34,35.134857
2023-10-22,59,75.0169
2023-10-22,58,47.792458
2023-10-22,103,82.37287
2023-10-22,13,20.544867
2023-10-22,21,20.953516
2023-10-22,65,63.983337
2023-10-22,91,97.14328
2023-10-22,92,98.290306
2023-10-22,125,126.59764
2023-10-22,78,72.430405
2023-10-22,25,30.100805
2023-10-22,122,97.84939
2023-10-22,65,72.05039
2023-10-22,45,56.077232
2023-10-22,29,38.193256
2023-10-22,20,21.661936
2023-10-22,70,51.81798
2023-10-22,84,79.871346
2023-10-22,57,77.42254
2023-10-22,114,96.53904
2023-10-22,57,57.29362
2023-10-22,27,24.549711
2023-10-22,69,63.47666
2023-10-22,51,67.58211
2023-10-22,60,69.27437
2023-10-22,94,91.075745
2023-10-22,44,23.535255
2023-10-22,50,70.66844
2023-10-22,128,138.5477
2023-10-22,58,64.553535
2023-10-22,51,65.196434
2023-10-22,84,71.73241
2023-10-22,41,34.039516
2023-10-22,46,37.46837
2023-10-22,20,24.554092
2023-10-22,41,45.237206
2023-10-22,14,21.529455
2023-10-22,148,125.59453
2023-10-22,30,31.966274
2023-10-22,61,48.33608
2023-10-22,30,39.069656
2023-10-22,52,36.52441
2023-10-22,60,52.656147
2023-10-22,108,98.162445
2023-10-22,66,55.27884
2023-10-22,57,68.98349
2023-10-22,72,84.85778
2023-10-22,98,106.89291
2023-10-22,87,107.27709
2023-10-22,80,70.78729
2023-10-22,23,21.391909
2023-10-22,81,73.19177
2023-10-22,55,43.444942
2023-10-22,83,70.751724
2023-10-22,32,24.327679
2023-10-22,18,15.238512
2023-10-22,133,133.94469
2023-10-22,39,37.218735
2023-10-22,32,45.859924
2023-10-23,101,74.15438
2023-10-23,153,134.49498
2023-10-23,167,141.65538
2023-10-23,45,40.540436
2023-10-23,75,91.72415
2023-10-23,26,48.68232
2023-10-23,64,56.90174
2023-10-23,57,66.13141
2023-10-23,176,166.76517
2023-10-23,29,37.366375
2023-10-23,42,36.44752
2023-10-23,61,57.31
2023-10-23,15,28.973846
2023-10-23,80,97.55062
2023-10-23,26,30.366898
2023-10-23,84,81.81049
2023-10-23,35,23.906918
2023-10-23,40,42.21092
2023-10-23,46,35.558327
2023-10-23,69,54.807167
2023-10-23,138,125.22368
2023-10-23,76,47.904015
2023-10-23,114,111.147385
2023-10-23,58,58.81374
2023-10-23,88,110.880424
2023-10-23,72,90.13999
2023-10-23,31,24.684784
2023-10-23,148,132.96118
2023-10-23,142,125.6391
2023-10-23,93,102.507744
2023-10-23,89,92.77909
2023-10-23,68,52.788883
2023-10-23,75,107.416565
2023-10-23,89,78.13363
2023-10-23,105,114.25743
2023-10-23,172,165.35648
2023-10-23,8,11.390973
2023-10-23,118,112.475975
2023-10-23,44,58.55606
2023-10-23,85,61.53664
2023-10-23,27,21.31412
2023-10-23,79,90.63437
2023-10-23,117,94.056435
2023-10-23,89,75.24548
2023-10-23,32,40.418213
2023-10-23,49,49.792114
2023-10-23,34,49.160156
2023-10-23,148,140.47002
2023-10-23,129,120.74608
2023-10-23,63,83.06773
2023-10-23,64,70.755714
2023-10-23,35,30.74436
2023-10-23,89,104.563286
2023-10-23,93,84.288155
2023-10-23,45,83.10923
2023-10-23,59,56.077652
2023-10-23,46,36.36034
2023-10-23,25,28.222597
2023-10-23,87,75.16369
2023-10-23,155,154.87619
2023-10-23,103,83.57756
2023-10-23,45,43.960354
2023-10-23,56,45.895115
2023-10-23,39,39.992317
2023-10-23,94,140.06229
2023-10-23,103,114.110344
2023-10-23,107,79.972534
2023-10-23,28,36.415237
2023-10-23,134,125.99883
2023-10-23,68,64.25683
2023-10-23,147,133.3302
2023-10-23,70,71.318306
2023-10-23,56,85.894005
2023-10-23,43,42.69971
2023-10-23,23,30.830034
2023-10-23,54,42.684
2023-10-23,107,97.96944
2023-10-23,31,24.9515
2023-10-23,84,72.27029
2023-10-23,62,39.386204
2023-10-23,74,79.015465
2023-10-23,68,71.04907
2023-10-23,65,42.60977
2023-10-23,66,69.630226
2023-10-23,111,115.05187
2023-10-23,67,104.07251
2023-10-23,86,88.64722
2023-10-23,82,92.205696
2023-10-23,78,83.13584
2023-10-23,31,67.43239
2023-10-23,65,61.97495
2023-10-23,10,21.63397
2023-10-23,108,137.48833
2023-10-23,46,42.94191
2023-10-23,39,69.40783
2023-10-23,30,34.964108
2023-10-23,38,29.584309
2023-10-23,88,77.63281
2023-10-23,26,25.51209
2023-10-23,40,35.668465
2023-10-24,53,47.220963
2023-10-24,89,109.80543
2023-10-24,80,77.997116
2023-10-24,42,36.92805
2023-10-24,44,98.748764
2023-10-24,37,36.085724
2023-10-24,88,70.637955
2023-10-24,43,58.215633
2023-10-24,121,113.14574
2023-10-24,31,29.65207
2023-10-24,22,26.066643
2023-10-24,83,68.15832
2023-10-24,10,26.362839
2023-10-24,27,39.56356
2023-10-24,37,20.949339
2023-10-24,63,84.40301
2023-10-24,69,32.430546
2023-10-24,93,81.43171
2023-10-24,24,24.27266
2023-10-24,24,17.329756
2023-10-24,73,94.07933
2023-10-24,36,46.596764
2023-10-24,114,103.253296
2023-10-24,114,94.80785
2023-10-24,93,83.689415
2023-10-24,114,114.08602
2023-10-24,30,31.510113
2023-10-24,66,62.456852
2023-10-24,72,69.97695
2023-10-24,88,84.72057
2023-10-24,76,74.50188
2023-10-24,43,33.365486
2023-10-24,92,104.231544
2023-10-24,22,29.500254
2023-10-24,157,139.82968
2023-10-24,98,96.68623
2023-10-24,17,27.949621
2023-10-24,62,83.965675
2023-10-24,143,144.69258
2023-10-24,56,44.98528
2023-10-24,11,28.27249
2023-10-24,58,73.3348
2023-10-24,50,57.92034
2023-10-24,85,78.31681
2023-10-24,13,37.105762
2023-10-24,42,40.910572
2023-10-24,79,65.73257
2023-10-24,123,117.41891
2023-10-24,82,73.08172
2023-10-24,58,62.858166
2023-10-24,57,67.30586
2023-10-24,25,27.70183
2023-10-24,76,84.68087
2023-10-24,51,62.151382
2023-10-24,88,94.34963
2023-10-24,35,44.802788
2023-10-24,38,35.640858
2023-10-24,12,22.251562
2023-10-24,64,59.98992
2023-10-24,109,111.44085
2023-10-24,51,55.118248
2023-10-24,38,57.397243
2023-10-24,43,36.04341
2023-10-24,59,58.985477
2023-10-24,117,137.03644
2023-10-24,55,57.32751
2023-10-24,46,57.57858
2023-10-24,30,32.301933
2023-10-24,131,108.13154
2023-10-24,21,33.612576
2023-10-24,107,94.26601
2023-10-24,59,47.499805
2023-10-24,35,64.360565
2023-10-24,23,24.767372
2023-10-24,42,40.13243
2023-10-24,28,25.832695
2023-10-24,137,119.81506
2023-10-24,36,28.726555
2023-10-24,89,78.20031
2023-10-24,21,32.997757
2023-10-24,19,55.834557
2023-10-24,21,36.194035
2023-10-24,35,33.105415
2023-10-24,56,50.956116
2023-10-24,55,86.63504
2023-10-24,47,91.22302
2023-10-24,55,52.80806
2023-10-24,51,74.98621
2023-10-24,46,83.565735
2023-10-24,80,86.91532
2023-10-24,40,44.354588
2023-10-24,37,27.846498
2023-10-24,65,93.123825
2023-10-24,25,24.863592
2023-10-24,48,52.493282
2023-10-24,21,33.456604
2023-10-24,27,29.560183
2023-10-24,115,103.92508
2023-10-24,32,26.824871
2023-10-24,14,26.695364
2023-10-25,152,148.99702
2023-10-25,185,167.52074
2023-10-25,150,137.6205
2023-10-25,96,104.11173
2023-10-25,93,106.64844
2023-10-25,140,145.3069
2023-10-25,128,135.92007
2023-10-25,69,69.47776
2023-10-25,118,104.15245
2023-10-25,62,76.491196
2023-10-25,105,92.59074
2023-10-25,124,112.4545
2023-10-25,102,112.488
2023-10-25,91,104.51288
2023-10-25,38,80.569405
2023-10-25,155,130.00275
2023-10-25,89,88.6647
2023-10-25,117,101.74075
2023-10-25,90,87.07531
2023-10-25,80,78.0817
2023-10-25,86,94.27313
2023-10-25,108,97.666695
2023-10-25,113,118.22912
2023-10-25,44,49.51617
2023-10-25,70,83.642204
2023-10-25,142,117.836075
2023-10-25,101,110.578995
2023-10-25,117,118.069885
2023-10-25,76,84.11713
2023-10-25,124,115.88454
2023-10-25,96,92.58335
2023-10-25,127,121.72912
2023-10-25,125,120.166885
2023-10-25,67,68.17349
2023-10-25,63,94.55347
2023-10-25,62,78.445175
2023-10-25,78,89.76712
2023-10-25,58,56.062035
2023-10-25,61,54.218388
2023-10-25,92,90.62322
2023-10-25,180,145.44672
2023-10-25,172,162.6058
2023-10-25,191,177.3532
2023-10-25,103,101.79527
2023-10-25,98,114.46675
2023-10-25,155,153.7139
2023-10-25,187,164.75085
2023-10-25,77,70.823746
2023-10-25,163,142.60896
2023-10-25,111,113.50314
2023-10-25,177,143.29799
2023-10-25,98,99.43363
2023-10-25,158,145.79745
2023-10-25,150,130.61418
2023-10-25,83,106.645134
2023-10-25,111,99.85749
2023-10-25,71,78.89811
2023-10-25,89,78.26088
2023-10-25,176,146.50761
2023-10-25,59,72.906494
2023-10-25,251,201.19254
2023-10-25,195,187.01459
2023-10-25,160,137.98022
2023-10-25,132,129.73708
2023-10-25,127,122.944565
2023-10-25,124,116.07509
2023-10-25,156,175.82732
2023-10-25,90,84.71426
2023-10-25,133,122.16739
2023-10-25,177,147.2447
2023-10-25,58,49.45167
2023-10-25,108,107.21121
2023-10-25,261,186.9345
2023-10-25,121,104.328606
2023-10-25,42,59.21781
2023-10-25,101,91.84475
2023-10-25,139,147.29013
2023-10-25,88,95.38148
2023-10-25,126,110.76212
2023-10-25,108,107.97544
2023-10-25,209,171.04759
2023-10-25,81,98.073296
2023-10-25,73,106.10829
2023-10-25,92,86.32413
2023-10-25,80,111.691475
2023-10-25,205,194.4112
2023-10-25,97,119.68124
2023-10-25,105,109.06742
2023-10-25,190,174.32715
2023-10-25,181,137.73427
2023-10-25,111,97.9101
2023-10-25,64,79.23289
2023-10-25,159,138.04776
2023-10-25,66,75.36851
2023-10-25,73,102.34911
2023-10-25,93,85.10203
2023-10-25,105,112.53775
2023-10-25,73,73.77345
2023-10-25,70,69.551125
2023-10-25,156,139.54518
2023-10-26,106,103.176025
2023-10-26,144,132.18803
2023-10-26,87,101.51552
2023-10-26,62,67.89848
2023-10-26,79,80.49209
2023-10-26,49,79.04294
2023-10-26,84,84.229454
2023-10-26,128,119.814384
2023-10-26,168,158.51454
2023-10-26,64,57.708664
2023-10-26,110,99.72663
2023-10-26,120,124.38268
2023-10-26,118,124.64381
2023-10-26,144,129.9004
2023-10-26,119,125.55598
2023-10-26,167,122.2466
2023-10-26,116,122.15137
2023-10-26,80,91.45297
2023-10-26,88,83.68311
2023-10-26,139,130.68692
2023-10-26,178,191.48033
2023-10-26,128,152.86739
2023-10-26,45,71.76714
2023-10-26,123,115.477486
2023-10-26,140,119.185135
2023-10-26,93,107.59485
2023-10-26,125,130.71358
2023-10-26,31,25.436943
2023-10-26,181,162.46048
2023-10-26,46,54.752895
2023-10-26,181,183.52052
2023-10-26,76,86.850746
2023-10-26,141,125.32143
2023-10-26,49,59.932346
2023-10-26,99,91.37397
2023-10-26,95,100.28882
2023-10-26,104,97.58117
2023-10-26,89,81.57881
2023-10-26,137,162.33371
2023-10-26,70,90.5319
2023-10-26,180,180.18451
2023-10-26,131,127.13003
2023-10-26,151,123.61502
2023-10-26,231,165.62675
2023-10-26,191,150.81508
2023-10-26,96,103.81098
2023-10-26,118,103.93583
2023-10-26,128,113.083786
2023-10-26,185,149.49318
2023-10-26,137,118.28755
2023-10-26,99,71.87632
2023-10-26,99,83.721115
2023-10-26,84,106.750336
2023-10-26,100,78.701584
2023-10-26,52,67.564644
2023-10-26,172,151.81967
2023-10-26,131,110.80371
2023-10-26,92,88.711334
2023-10-26,82,66.734695
2023-10-26,159,194.39902
2023-10-26,214,219.67944
2023-10-26,203,170.90454
2023-10-26,90,91.83023
2023-10-26,136,110.183075
2023-10-26,89,86.73025
2023-10-26,34,59.48162
2023-10-26,124,140.42474
2023-10-26,107,89.91405
2023-10-26,151,149.22475
2023-10-26,199,141.38159
2023-10-26,158,149.45555
2023-10-26,128,129.02617
2023-10-26,117,89.012436
2023-10-26,113,92.39754
2023-10-26,79,70.50955
2023-10-26,53,59.44797
2023-10-26,161,153.73541
2023-10-26,95,94.080154
2023-10-26,143,143.35309
2023-10-26,38,61.366066
2023-10-26,82,101.2607
2023-10-26,58,94.11082
2023-10-26,74,80.189316
2023-10-26,143,122.19381
2023-10-26,90,77.017876
2023-10-26,142,143.0284
2023-10-26,108,139.97307
2023-10-26,106,107.83387
2023-10-26,122,103.827995
2023-10-26,108,89.01047
2023-10-26,66,79.4279
2023-10-26,87,94.423256
2023-10-26,43,62.1477
2023-10-26,72,71.81489
2023-10-26,237,178.1202
2023-10-26,77,78.94392
2023-10-26,105,130.51363
2023-10-26,141,119.760864
2023-10-26,47,59.189518
2023-10-26,141,133.44344
2023-10-27,143,149.21265
2023-10-27,66,100.89853
2023-10-27,82,77.51219
2023-10-27,131,127.29527
2023-10-27,168,143.83679
2023-10-27,72,82.13834
2023-10-27,94,85.01378
2023-10-27,47,44.237667
2023-10-27,146,152.63364
2023-10-27,96,96.60722
2023-10-27,110,108.51321
2023-10-27,96,84.14969
2023-10-27,91,87.76828
2023-10-27,21,30.725386
2023-10-27,66,90.878426
2023-10-27,146,127.2151
2023-10-27,124,127.69096
2023-10-27,62,65.794
2023-10-27,79,78.68623
2023-10-27,73,68.78153
2023-10-27,131,125.729744
2023-10-27,88,95.17564
2023-10-27,83,91.77233
2023-10-27,139,127.05676
2023-10-27,90,80.47508
2023-10-27,127,114.912094
2023-10-27,52,62.163754
2023-10-27,122,130.88199
2023-10-27,169,147.55716
2023-10-27,87,97.506386
2023-10-27,110,110.02056
2023-10-27,99,106.21974
2023-10-27,137,124.57125
2023-10-27,132,119.235115
2023-10-27,82,117.0336
2023-10-27,101,99.89905
2023-10-27,119,111.7427
2023-10-27,79,88.632866
2023-10-27,70,103.305504
2023-10-27,127,133.69946
2023-10-27,112,100.51342
2023-10-27,94,128.0092
2023-10-27,143,117.14715
2023-10-27,95,89.14162
2023-10-27,63,67.741325
2023-10-27,141,123.09157
2023-10-27,131,107.16027
2023-10-27,144,142.15782
2023-10-27,169,161.25768
2023-10-27,134,128.90694
2023-10-27,77,96.331924
2023-10-27,68,68.36876
2023-10-27,167,149.42047
2023-10-27,175,171.1715
2023-10-27,89,127.74177
2023-10-27,147,122.1049
2023-10-27,53,60.664528
2023-10-27,95,92.574905
2023-10-27,81,96.954414
2023-10-27,109,141.48434
2023-10-27,186,174.72917
2023-10-27,99,100.92924
2023-10-27,91,88.69223
2023-10-27,175,157.92088
2023-10-27,117,117.30459
2023-10-27,149,141.27103
2023-10-27,154,148.55528
2023-10-27,46,55.863884
2023-10-27,133,151.11993
2023-10-27,63,69.398224
2023-10-27,103,101.45295
2023-10-27,119,112.108215
2023-10-27,80,67.93857
2023-10-27,85,84.23132
2023-10-27,87,93.10707
2023-10-27,68,72.89835
2023-10-27,115,104.96174
2023-10-27,82,88.969986
2023-10-27,107,101.81037
2023-10-27,78,102.44559
2023-10-27,137,144.04538
2023-10-27,104,117.69497
2023-10-27,111,104.78737
2023-10-27,125,114.0543
2023-10-27,115,113.06183
2023-10-27,118,107.65464
2023-10-27,196,178.67862
2023-10-27,200,175.52727
2023-10-27,133,188.39186
2023-10-27,104,115.193794
2023-10-27,116,123.59368
2023-10-27,98,88.25476
2023-10-27,138,129.88431
2023-10-27,117,114.07184
2023-10-27,104,125.24447
2023-10-27,81,80.399376
2023-10-27,94,114.48893
2023-10-27,79,79.19037
2023-10-27,132,139.31755
2023-10-27,116,142.70995
2023-10-28,114,117.09497
2023-10-28,192,192.10765
2023-10-28,131,118.67754
2023-10-28,133,121.92974
2023-10-28,136,127.33697
2023-10-28,147,137.5883
2023-10-28,140,126.37359
2023-10-28,55,74.689125
2023-10-28,255,248.06694
2023-10-28,95,96.1012
2023-10-28,117,109.97305
2023-10-28,106,105.81716
2023-10-28,56,64.95479
2023-10-28,165,130.20622
2023-10-28,195,178.59207
2023-10-28,152,130.2929
2023-10-28,111,91.79288
2023-10-28,155,127.71788
2023-10-28,130,119.7144
2023-10-28,60,75.92648
2023-10-28,136,141.93062
2023-10-28,148,128.04752
2023-10-28,68,80.62677
2023-10-28,174,162.29024
2023-10-28,123,105.73079
2023-10-28,142,122.119354
2023-10-28,130,118.4214
2023-10-28,118,136.75122
2023-10-28,178,196.8315
2023-10-28,161,160.67874
2023-10-28,114,118.15733
2023-10-28,66,57.280422
2023-10-28,132,128.21962
2023-10-28,65,67.59426
2023-10-28,128,121.781654
2023-10-28,151,144.76204
2023-10-28,164,136.98102
2023-10-28,166,181.02982
2023-10-28,101,101.49489
2023-10-28,27,36.107227
2023-10-28,71,76.17998
2023-10-28,104,109.9265
2023-10-28,122,116.319244
2023-10-28,136,140.71999
2023-10-28,55,71.06714
2023-10-28,104,92.43387
2023-10-28,111,101.48686
2023-10-28,126,122.413246
2023-10-28,147,144.16649
2023-10-28,121,104.18081
2023-10-28,114,104.27487
2023-10-28,82,78.451775
2023-10-28,198,151.80562
2023-10-28,115,100.711815
2023-10-28,119,110.77429
2023-10-28,110,106.01016
2023-10-28,93,90.9933
2023-10-28,85,91.17319
2023-10-28,60,70.09351
2023-10-28,78,86.741196
2023-10-28,67,62.160145
2023-10-28,96,100.49845
2023-10-28,97,84.38931
2023-10-28,151,113.322174
2023-10-28,132,108.499214
2023-10-28,155,119.615166
2023-10-28,102,92.43733
2023-10-28,119,111.48626
2023-10-28,75,90.14199
2023-10-28,127,114.72686
2023-10-28,121,106.583916
2023-10-28,110,98.10664
2023-10-28,57,48.707653
2023-10-28,63,67.44176
2023-10-28,6,23.603653
2023-10-28,119,115.80862
2023-10-28,93,96.82024
2023-10-28,98,98.9522
2023-10-28,141,139.97826
2023-10-28,60,70.527794
2023-10-28,176,143.21219
2023-10-28,127,133.73894
2023-10-28,84,78.59216
2023-10-28,169,162.425
2023-10-28,143,135.0282
2023-10-28,145,142.69753
2023-10-28,167,138.90471
2023-10-28,179,142.21544
2023-10-28,220,226.00618
2023-10-28,207,169.96393
2023-10-28,85,91.60026
2023-10-28,66,66.75149
2023-10-28,71,62.67327
2023-10-28,104,102.39763
2023-10-28,208,190.23044
2023-10-28,248,209.92993
2023-10-28,127,123.33207
2023-10-28,136,138.18144
2023-10-28,124,116.01363
2023-10-28,107,104.64627
2023-10-29,162,133.14366
2023-10-29,92,89.64031
2023-10-29,174,156.48009
2023-10-29,90,103.18051
2023-10-29,125,110.75082
2023-10-29,133,129.58577
2023-10-29,183,147.89659
2023-10-29,137,129.4747
2023-10-29,126,116.12322
2023-10-29,72,81.35013
2023-10-29,77,78.35604
2023-10-29,195,163.03506
2023-10-29,25,32.09056
2023-10-29,113,105.671906
2023-10-29,102,96.403694
2023-10-29,72,79.25041
2023-10-29,62,78.65124
2023-10-29,103,127.74608
2023-10-29,83,77.4937
2023-10-29,51,45.604164
2023-10-29,90,85.6997
2023-10-29,129,110.525116
2023-10-29,128,112.698265
2023-10-29,124,134.84438
2023-10-29,114,113.10627
2023-10-29,45,53.822006
2023-10-29,59,60.360657
2023-10-29,85,90.386894
2023-10-29,108,124.364975
2023-10-29,102,123.00645
2023-10-29,105,112.60425
2023-10-29,91,90.47157
2023-10-29,114,113.939766
2023-10-29,52,60.06565
2023-10-29,137,135.75266
2023-10-29,54,89.29956
2023-10-29,69,90.34593
2023-10-29,122,113.13367
2023-10-29,69,97.240845
2023-10-29,75,68.45527
2023-10-29,88,90.74063
2023-10-29,149,136.25346
2023-10-29,132,132.77205
2023-10-29,123,140.99406
2023-10-29,149,120.885
2023-10-29,78,76.722824
2023-10-29,197,138.308
2023-10-29,110,110.067116
2023-10-29,171,148.78885
2023-10-29,160,141.62114
2023-10-29,41,43.356888
2023-10-29,79,80.03126
2023-10-29,110,104.643814
2023-10-29,95,104.13867
2023-10-29,112,125.12727
2023-10-29,61,96.36417
2023-10-29,88,86.99791
2023-10-29,48,69.13841
2023-10-29,123,141.72438
2023-10-29,94,100.04654
2023-10-29,110,96.446625
2023-10-29,81,80.729805
2023-10-29,40,48.75079
2023-10-29,116,125.7494
2023-10-29,117,103.58572
2023-10-29,141,106.99635
2023-10-29,70,66.48627
2023-10-29,60,64.00313
2023-10-29,73,84.13463
2023-10-29,107,105.970924
2023-10-29,80,81.45107
2023-10-29,49,44.556194
2023-10-29,115,101.25508
2023-10-29,65,61.32183
2023-10-29,83,84.77419
2023-10-29,29,33.241825
2023-10-29,101,105.23831
2023-10-29,78,81.086975
2023-10-29,29,39.756027
2023-10-29,54,64.75687
2023-10-29,180,153.18561
2023-10-29,53,56.983177
2023-10-29,99,115.62126
2023-10-29,87,83.63535
2023-10-29,139,113.402596
2023-10-29,113,112.898186
2023-10-29,103,102.25639
2023-10-29,119,88.88491
2023-10-29,171,189.59961
2023-10-29,100,96.92941
2023-10-29,72,61.56242
2023-10-29,102,96.4085
2023-10-29,88,101.867516
2023-10-29,72,76.85475
2023-10-29,64,100.61569
2023-10-29,75,64.093124
2023-10-29,99,108.283714
2023-10-29,146,151.03848
2023-10-29,75,76.13081
2023-10-29,31,48.08689
2023-10-30,109,114.78878
2023-10-30,91,80.625824
2023-10-30,86,88.56796
2023-10-30,56,66.515396
2023-10-30,178,160.90912
2023-10-30,102,89.6713
2023-10-30,89,97.632545
2023-10-30,105,102.42746
2023-10-30,120,127.58288
2023-10-30,90,92.418976
2023-10-30,86,79.139114
2023-10-30,144,130.75056
2023-10-30,131,130.16661
2023-10-30,113,110.24164
2023-10-30,141,138.40895
2023-10-30,83,86.29192
2023-10-30,86,89.71111
2023-10-30,117,101.78367
2023-10-30,65,70.02431
2023-10-30,65,58.69837
2023-10-30,181,173.51173
2023-10-30,89,99.86237
2023-10-30,69,62.729923
2023-10-30,123,118.03358
2023-10-30,46,48.981358
2023-10-30,78,76.81021
2023-10-30,121,117.51081
2023-10-30,133,116.98625
2023-10-30,99,101.98093
2023-10-30,126,147.63881
2023-10-30,104,112.3491
2023-10-30,93,89.65072
2023-10-30,95,94.99658
2023-10-30,86,98.82883
2023-10-30,112,115.18866
2023-10-30,111,94.979126
2023-10-30,71,80.21971
2023-10-30,51,62.554775
2023-10-30,137,133.78343
2023-10-30,34,27.904346
2023-10-30,117,124.03673
2023-10-30,103,105.55681
2023-10-30,80,87.56017
2023-10-30,81,93.26166
2023-10-30,51,69.37661
2023-10-30,113,122.912
2023-10-30,87,99.99806
2023-10-30,98,113.08562
2023-10-30,107,96.04296
2023-10-30,157,144.4529
2023-10-30,84,84.48083
2023-10-30,83,81.490265
2023-10-30,132,141.16676
2023-10-30,67,72.85318
2023-10-30,134,129.24886
2023-10-30,121,107.22416
2023-10-30,59,65.11154
2023-10-30,38,46.900734
2023-10-30,151,140.46844
2023-10-30,117,101.78711
2023-10-30,154,138.71016
2023-10-30,108,108.373
2023-10-30,74,73.72566
2023-10-30,102,91.44147
2023-10-30,88,96.872635
2023-10-30,90,92.89228
2023-10-30,31,57.079193
2023-10-30,71,73.38724
2023-10-30,83,89.9265
2023-10-30,112,117.78447
2023-10-30,109,100.31682
2023-10-30,90,113.09753
2023-10-30,83,80.39596
2023-10-30,63,61.91481
2023-10-30,55,58.341
2023-10-30,67,70.57837
2023-10-30,50,45.706936
2023-10-30,54,59.303196
2023-10-30,77,69.87473
2023-10-30,59,52.488213
2023-10-30,137,116.704666
2023-10-30,81,72.027794
2023-10-30,113,100.532486
2023-10-30,94,115.448395
2023-10-30,108,99.184746
2023-10-30,143,136.74767
2023-10-30,111,111.05321
2023-10-30,96,93.00977
2023-10-30,81,92.502686
2023-10-30,61,58.862503
2023-10-30,97,102.1201
2023-10-30,43,43.352684
2023-10-30,138,148.8925
2023-10-30,76,78.263245
2023-10-30,82,68.449
2023-10-30,83,83.94456
2023-10-30,94,99.20597
2023-10-30,74,86.86174
2023-10-30,57,57.7567
2023-10-30,67,73.685745
2023-10-31,66,58.270992
2023-10-31,61,70.1404
2023-10-31,106,104.797165
2023-10-31,88,89.985756
2023-10-31,86,73.35919
2023-10-31,77,73.02369
2023-10-31,80,78.31713
2023-10-31,42,48.77188
2023-10-31,124,136.21584
2023-10-31,62,61.1759
2023-10-31,53,60.19644
2023-10-31,71,83.179085
2023-10-31,92,76.08791
2023-10-31,116,114.04853
2023-10-31,38,42.169247
2023-10-31,105,107.691734
2023-10-31,100,90.82307
2023-10-31,100,95.01327
2023-10-31,42,48.676476
2023-10-31,79,84.10687
2023-10-31,164,150.62398
2023-10-31,106,115.90483
2023-10-31,76,81.89718
2023-10-31,26,38.33777
2023-10-31,101,108.84188
2023-10-31,108,110.320755
2023-10-31,76,74.21485
2023-10-31,101,108.104225
2023-10-31,76,70.241
2023-10-31,138,148.47389
2023-10-31,57,63.650208
2023-10-31,56,56.78175
2023-10-31,138,139.68004
2023-10-31,46,40.443222
2023-10-31,102,92.351074
2023-10-31,157,139.96025
2023-10-31,39,57.6989
2023-10-31,75,75.67199
2023-10-31,71,65.281235
2023-10-31,56,70.43697
2023-10-31,111,125.006485
2023-10-31,157,156.80382
2023-10-31,122,129.9116
2023-10-31,106,106.58001
2023-10-31,117,116.66031
2023-10-31,77,79.309784
2023-10-31,112,104.5852
2023-10-31,118,120.28833
2023-10-31,120,123.348465
2023-10-31,116,139.39255
2023-10-31,134,141.42679
2023-10-31,107,114.432304
2023-10-31,107,120.113144
2023-10-31,68,57.41718
2023-10-31,109,117.85217
2023-10-31,127,133.06169
2023-10-31,65,70.48111
2023-10-31,44,45.262333
2023-10-31,68,72.51625
2023-10-31,116,94.949356
2023-10-31,148,134.64531
2023-10-31,90,96.610954
2023-10-31,100,102.60038
2023-10-31,108,103.05751
2023-10-31,119,129.36732
2023-10-31,142,136.81763
2023-10-31,141,118.0819
2023-10-31,108,106.37322
2023-10-31,174,170.3299
2023-10-31,132,120.98873
2023-10-31,74,66.94941
2023-10-31,65,79.40733
2023-10-31,71,73.64501
2023-10-31,90,98.59096
2023-10-31,86,75.56556
2023-10-31,85,84.91204
2023-10-31,121,118.21966
2023-10-31,41,35.133312
2023-10-31,144,123.40088
2023-10-31,111,119.79577
2023-10-31,122,120.272835
2023-10-31,64,75.53225
2023-10-31,82,85.35439
2023-10-31,145,132.40106
2023-10-31,106,98.02879
2023-10-31,88,88.350555
2023-10-31,40,65.628044
2023-10-31,85,92.579185
2023-10-31,118,117.68051
2023-10-31,202,165.03644
2023-10-31,69,65.239525
2023-10-31,35,35.48877
2023-10-31,138,142.30145
2023-10-31,66,57.57752
2023-10-31,110,92.72771
2023-10-31,72,83.45664
2023-10-31,63,76.71897
2023-10-31,109,114.4072
2023-10-31,59,60.234478
2023-10-31,36,33.3355
2023-11-01,99,92.954506
2023-11-01,87,105.966896
2023-11-01,119,113.08894
2023-11-01,114,112.587715
2023-11-01,143,144.33519
2023-11-01,120,130.07712
2023-11-01,68,77.759346
2023-11-01,70,79.5524
2023-11-01,74,94.207726
2023-11-01,82,74.366684
2023-11-01,39,49.55006
2023-11-01,164,152.29858
2023-11-01,121,126.812805
2023-11-01,138,133.17094
2023-11-01,59,59.910057
2023-11-01,144,132.09503
2023-11-01,42,54.210304
2023-11-01,90,104.12218
2023-11-01,124,118.3873
2023-11-01,79,72.97832
2023-11-01,189,177.79214
2023-11-01,89,94.01776
2023-11-01,99,108.25326
2023-11-01,149,146.42668
2023-11-01,143,147.59634
2023-11-01,145,136.46509
2023-11-01,44,70.73825
2023-11-01,93,107.69745
2023-11-01,74,63.355244
2023-11-01,119,118.641754
2023-11-01,101,101.046074
2023-11-01,133,130.92616
2023-11-01,186,177.09102
2023-11-01,100,101.775604
2023-11-01,163,149.03287
2023-11-01,149,150.08568
2023-11-01,90,99.619286
2023-11-01,97,101.843315
2023-11-01,127,131.44835
2023-11-01,78,77.33354
2023-11-01,93,91.04486
2023-11-01,78,72.80167
2023-11-01,137,130.78636
2023-11-01,89,111.28245
2023-11-01,165,161.81334
2023-11-01,110,109.89896
2023-11-01,147,139.58348
2023-11-01,86,102.39986
2023-11-01,95,88.41858
2023-11-01,99,91.10946
2023-11-01,93,95.61407
2023-11-01,72,65.25978
2023-11-01,118,116.79571
2023-11-01,107,116.8231
2023-11-01,125,132.56274
2023-11-01,120,104.51665
2023-11-01,106,97.951645
2023-11-01,96,88.4826
2023-11-01,156,149.78629
2023-11-01,128,116.103165
2023-11-01,134,148.64702
2023-11-01,124,116.25805
2023-11-01,69,67.771645
2023-11-01,49,52.039345
2023-11-01,133,127.0926
2023-11-01,114,116.67428
2023-11-01,79,98.03745
2023-11-01,83,79.02993
2023-11-01,82,77.36475
2023-11-01,93,101.37187
2023-11-01,161,145.56313
2023-11-01,220,204.93492
2023-11-01,209,199.51955
2023-11-01,55,59.84002
2023-11-01,80,78.50414
2023-11-01,111,108.51941
2023-11-01,88,86.795746
2023-11-01,80,79.35917
2023-11-01,120,135.3576
2023-11-01,118,101.248955
2023-11-01,223,195.96716
2023-11-01,61,72.24375
2023-11-01,57,67.41179
2023-11-01,128,113.544044
2023-11-01,115,113.40667
2023-11-01,95,116.4282
2023-11-01,84,99.69878
2023-11-01,113,122.65275
2023-11-01,110,121.121826
2023-11-01,135,114.803085
2023-11-01,139,110.68765
2023-11-01,110,100.990204
2023-11-01,140,128.60675
2023-11-01,54,48.24795
2023-11-01,156,130.89035
2023-11-01,160,147.91994
2023-11-01,130,108.80097
2023-11-01,79,69.5894
2023-11-01,146,134.7856
2023-11-01,36,59.67009
2023-11-02,128,148.82013
2023-11-02,61,59.636955
2023-11-02,113,119.47564
2023-11-02,66,88.92448
2023-11-02,102,120.646675
2023-11-02,53,53.8848
2023-11-02,177,154.03339
2023-11-02,128,113.20881
2023-11-02,183,181.41257
2023-11-02,107,103.378944
2023-11-02,71,67.88575
2023-11-02,115,125.96365
2023-11-02,93,103.503845
2023-11-02,194,198.6018
2023-11-02,72,96.66875
2023-11-02,122,137.78398
2023-11-02,110,105.97564
2023-11-02,167,156.45503
2023-11-02,131,131.80293
2023-11-02,48,56.257233
2023-11-02,220,210.50218
2023-11-02,111,91.48941
2023-11-02,74,75.18488
2023-11-02,147,158.70436
2023-11-02,83,100.064
2023-11-02,163,139.19077
2023-11-02,109,101.03961
2023-11-02,81,95.03756
2023-11-02,177,152.89687
2023-11-02,259,251.69106
2023-11-02,141,128.8166
2023-11-02,89,84.05262
2023-11-02,110,125.95425
2023-11-02,126,120.14619
2023-11-02,95,116.155876
2023-11-02,95,99.76633
2023-11-02,144,128.60905
2023-11-02,135,135.83713
2023-11-02,205,195.91112
2023-11-02,99,105.265526
2023-11-02,103,104.5509
2023-11-02,131,133.90088
2023-11-02,164,146.21654
2023-11-02,143,168.58171
2023-11-02,96,121.03681
2023-11-02,56,70.60489
2023-11-02,196,150.06245
2023-11-02,94,107.25496
2023-11-02,148,145.76201
2023-11-02,111,131.8998
2023-11-02,142,143.568
2023-11-02,56,61.804302
2023-11-02,181,173.38574
2023-11-02,67,74.23961
2023-11-02,170,178.30266
2023-11-02,112,120.099655
2023-11-02,86,87.444626
2023-11-02,127,125.57339
2023-11-02,126,152.49503
2023-11-02,108,113.91971
2023-11-02,162,167.43085
2023-11-02,91,98.32652
2023-11-02,52,45.53999
2023-11-02,83,131.15529
2023-11-02,151,135.57866
2023-11-02,115,122.38108
2023-11-02,75,85.25965
2023-11-02,77,74.83957
2023-11-02,134,125.15982
2023-11-02,163,152.01654
2023-11-02,66,72.77302
2023-11-02,115,113.25364
2023-11-02,160,153.00633
2023-11-02,85,78.17364
2023-11-02,106,108.49723
2023-11-02,59,65.94493
2023-11-02,96,92.98227
2023-11-02,86,95.7279
2023-11-02,186,172.73122
2023-11-02,129,114.435684
2023-11-02,119,120.71041
2023-11-02,58,61.751427
2023-11-02,50,55.176067
2023-11-02,73,100.17341
2023-11-02,78,91.73743
2023-11-02,113,110.13804
2023-11-02,230,200.69958
2023-11-02,104,106.15104
2023-11-02,161,172.73204
2023-11-02,175,172.20097
2023-11-02,151,136.26202
2023-11-02,77,70.31816
2023-11-02,146,151.72153
2023-11-02,134,130.76648
2023-11-02,132,146.2117
2023-11-02,115,125.51929
2023-11-02,146,147.12134
2023-11-02,142,132.56287
2023-11-02,61,78.90031
2023-11-02,72,94.28684
2023-11-03,137,110.72212
2023-11-03,95,92.049065
2023-11-03,70,61.277744
2023-11-03,94,93.05038
2023-11-03,182,164.98271
2023-11-03,63,74.77472
2023-11-03,103,96.142166
2023-11-03,142,116.898094
2023-11-03,126,147.82242
2023-11-03,82,81.7909
2023-11-03,64,68.88823
2023-11-03,103,107.63869
2023-11-03,104,97.48668
2023-11-03,83,86.164795
2023-11-03,33,55.76691
2023-11-03,137,150.42053
2023-11-03,71,82.483765
2023-11-03,111,134.03346
2023-11-03,51,71.7943
2023-11-03,110,98.33742
2023-11-03,155,125.24858
2023-11-03,133,144.2951
2023-11-03,48,43.884697
2023-11-03,73,81.50062
2023-11-03,77,80.91301
2023-11-03,99,92.65589
2023-11-03,87,77.85429
2023-11-03,154,151.91289
2023-11-03,162,185.07272
2023-11-03,71,74.4443
2023-11-03,150,148.50749
2023-11-03,115,102.204025
2023-11-03,88,79.73659
2023-11-03,150,148.63628
2023-11-03,125,122.49124
2023-11-03,104,110.155754
2023-11-03,117,117.939445
2023-11-03,39,49.745037
2023-11-03,73,76.61765
2023-11-03,57,69.975555
2023-11-03,161,142.94905
2023-11-03,100,104.4383
2023-11-03,126,120.16651
2023-11-03,121,115.575226
2023-11-03,135,143.08246
2023-11-03,89,97.33491
2023-11-03,155,105.943375
2023-11-03,169,162.12903
2023-11-03,158,178.67715
2023-11-03,153,163.79068
2023-11-03,108,116.19561
2023-11-03,29,28.889603
2023-11-03,103,84.16772
2023-11-03,59,79.923515
2023-11-03,144,134.35101
2023-11-03,159,146.80449
2023-11-03,75,84.20637
2023-11-03,27,51.667233
2023-11-03,69,75.485756
2023-11-03,121,149.76204
2023-11-03,92,82.94398
2023-11-03,139,143.1786
2023-11-03,76,76.98505
2023-11-03,114,109.88157
2023-11-03,140,111.3213
2023-11-03,146,135.87042
2023-11-03,136,124.158295
2023-11-03,102,101.781944
2023-11-03,101,122.41153
2023-11-03,154,140.41388
2023-11-03,119,99.37009
2023-11-03,98,84.07453
2023-11-03,109,88.89818
2023-11-03,123,127.00671
2023-11-03,69,74.871925
2023-11-03,81,73.78939
2023-11-03,93,100.54629
2023-11-03,105,123.353516
2023-11-03,88,97.16588
2023-11-03,96,92.705505
2023-11-03,185,190.62494
2023-11-03,121,120.561844
2023-11-03,68,72.64813
2023-11-03,120,104.07826
2023-11-03,95,114.5138
2023-11-03,90,82.8587
2023-11-03,155,127.21297
2023-11-03,188,178.8613
2023-11-03,74,108.56212
2023-11-03,124,143.0548
2023-11-03,114,91.45798
2023-11-03,43,48.108803
2023-11-03,120,109.37041
2023-11-03,57,70.03724
2023-11-03,111,127.815605
2023-11-03,69,81.89256
2023-11-03,77,98.72772
2023-11-03,172,179.45644
2023-11-03,54,64.51186
2023-11-03,111,124.21854
2023-11-04,120,104.96731
2023-11-04,85,90.864
2023-11-04,86,88.67843
2023-11-04,104,106.17839
2023-11-04,59,75.16727
2023-11-04,62,76.60135
2023-11-04,99,95.22841
2023-11-04,81,88.69435
2023-11-04,94,118.94703
2023-11-04,91,100.72037
2023-11-04,29,32.71243
2023-11-04,156,146.08047
2023-11-04,110,91.78363
2023-11-04,84,111.61415
2023-11-04,112,94.37072
2023-11-04,129,124.29441
2023-11-04,102,97.14708
2023-11-04,37,54.56664
2023-11-04,69,61.85419
2023-11-04,59,64.502
2023-11-04,127,136.11745
2023-11-04,110,101.586105
2023-11-04,119,108.98169
2023-11-04,179,139.03761
2023-11-04,149,171.38326
2023-11-04,60,58.238514
2023-11-04,162,117.64604
2023-11-04,69,75.11939
2023-11-04,144,155.32788
2023-11-04,145,150.38072
2023-11-04,169,156.79242
2023-11-04,112,108.0807
2023-11-04,147,133.32866
2023-11-04,145,118.82582
2023-11-04,103,92.43015
2023-11-04,93,109.57671
2023-11-04,158,139.45653
2023-11-04,99,96.486046
2023-11-04,123,131.5417
2023-11-04,54,61.760784
2023-11-04,40,66.13315
2023-11-04,112,154.8936
2023-11-04,166,157.45743
2023-11-04,170,177.24973
2023-11-04,127,150.33914
2023-11-04,138,139.29723
2023-11-04,202,168.95973
2023-11-04,122,125.74328
2023-11-04,115,164.31918
2023-11-04,270,188.1042
2023-11-04,151,143.67336
2023-11-04,116,108.05199
2023-11-04,95,103.97105
2023-11-04,185,182.00076
2023-11-04,114,105.92275
2023-11-04,90,103.379395
2023-11-04,162,151.05316
2023-11-04,54,76.00002
2023-11-04,186,191.25829
2023-11-04,71,82.01996
2023-11-04,91,118.16942
2023-11-04,138,135.44218
2023-11-04,57,52.743103
2023-11-04,180,156.79332
2023-11-04,65,89.86047
2023-11-04,109,103.524895
2023-11-04,134,133.00308
2023-11-04,56,59.354187
2023-11-04,82,90.20097
2023-11-04,116,116.464485
2023-11-04,120,111.33108
2023-11-04,153,142.22186
2023-11-04,103,92.34802
2023-11-04,144,139.89923
2023-11-04,19,27.409018
2023-11-04,93,93.52204
2023-11-04,137,141.56973
2023-11-04,41,61.153866
2023-11-04,77,88.85974
2023-11-04,38,47.608746
2023-11-04,68,85.358574
2023-11-04,71,86.946724
2023-11-04,98,94.936806
2023-11-04,112,114.843445
2023-11-04,135,175.76236
2023-11-04,94,89.35507
2023-11-04,69,76.6369
2023-11-04,145,142.64867
2023-11-04,58,120.09349
2023-11-04,66,86.99754
2023-11-04,110,98.66341
2023-11-04,114,108.182465
2023-11-04,100,94.70183
2023-11-04,62,70.63827
2023-11-04,124,106.40508
2023-11-04,128,135.25764
2023-11-04,81,94.99117
2023-11-04,79,78.190834
2023-11-04,74,75.063
2023-11-04,101,100.22079
2023-11-05,105,108.19272
2023-11-05,94,86.68636
2023-11-05,102,101.10454
2023-11-05,115,128.9053
2023-11-05,116,154.50612
2023-11-05,109,93.450356
2023-11-05,203,174.03662
2023-11-05,86,102.27016
2023-11-05,69,95.11117
2023-11-05,67,71.02231
2023-11-05,71,73.28513
2023-11-05,107,91.47609
2023-11-05,103,104.52699
2023-11-05,84,122.186676
2023-11-05,92,79.49113
2023-11-05,172,152.92326
2023-11-05,83,96.45427
2023-11-05,72,90.55086
2023-11-05,104,103.59987
2023-11-05,65,61.9526
2023-11-05,136,130.88138
2023-11-05,80,78.43869
2023-11-05,4,31.762808
2023-11-05,87,110.33817
2023-11-05,179,172.31815
2023-11-05,141,123.613434
2023-11-05,105,107.34671
2023-11-05,156,137.31732
2023-11-05,107,121.16643
2023-11-05,121,122.02637
2023-11-05,35,56.85974
2023-11-05,38,46.47697
2023-11-05,128,116.67292
2023-11-05,140,145.05261
2023-11-05,109,108.175095
2023-11-05,120,119.13463
2023-11-05,59,72.16296
2023-11-05,68,75.80109
2023-11-05,74,85.95746
2023-11-05,83,72.82722
2023-11-05,113,101.139626
2023-11-05,141,121.40803
2023-11-05,127,115.40129
2023-11-05,63,98.20971
2023-11-05,165,158.25783
2023-11-05,108,102.30133
2023-11-05,218,163.45569
2023-11-05,110,124.52352
2023-11-05,133,141.43759
2023-11-05,78,79.8373
2023-11-05,145,145.42227
2023-11-05,32,37.063175
2023-11-05,88,87.95588
2023-11-05,120,133.13548
2023-11-05,77,87.9371
2023-11-05,148,144.32063
2023-11-05,93,96.11562
2023-11-05,75,86.02033
2023-11-05,79,89.532974
2023-11-05,110,110.23141
2023-11-05,131,120.46264
2023-11-05,119,117.38789
2023-11-05,134,125.7961
2023-11-05,81,121.37682
2023-11-05,78,116.78512
2023-11-05,167,149.84256
2023-11-05,168,177.35309
2023-11-05,179,147.90758
2023-11-05,155,154.80923
2023-11-05,110,120.871155
2023-11-05,89,103.159546
2023-11-05,41,41.398994
2023-11-05,161,149.20435
2023-11-05,50,59.01699
2023-11-05,94,68.621346
2023-11-05,97,84.46329
2023-11-05,114,109.68079
2023-11-05,116,104.438324
2023-11-05,123,117.981186
2023-11-05,81,68.93592
2023-11-05,60,71.23744
2023-11-05,88,85.667145
2023-11-05,56,57.504597
2023-11-05,141,171.91374
2023-11-05,147,169.73488
2023-11-05,50,58.84124
2023-11-05,118,105.82588
2023-11-05,90,74.92951
2023-11-05,139,161.71213
2023-11-05,139,135.10336
2023-11-05,75,80.18427
2023-11-05,110,107.6757
2023-11-05,167,150.30885
2023-11-05,99,103.69419
2023-11-05,127,106.62771
2023-11-05,151,129.57689
2023-11-05,97,99.02373
2023-11-05,103,106.829834
2023-11-05,73,70.95918
2023-11-05,88,71.25414
2023-11-06,97,94.81924
2023-11-06,97,94.09433
2023-11-06,140,131.157
2023-11-06,94,103.19242
2023-11-06,101,106.337395
2023-11-06,94,89.95715
2023-11-06,173,142.24007
2023-11-06,113,118.92599
2023-11-06,165,144.75835
2023-11-06,79,80.97239
2023-11-06,78,79.81966
2023-11-06,123,107.00838
2023-11-06,76,81.44415
2023-11-06,102,113.63121
2023-11-06,89,85.5236
2023-11-06,84,111.59129
2023-11-06,85,87.70194
2023-11-06,75,99.86266
2023-11-06,75,75.498
2023-11-06,71,69.422485
2023-11-06,73,65.93064
2023-11-06,58,46.208992
2023-11-06,90,103.18512
2023-11-06,118,137.61932
2023-11-06,99,91.518005
2023-11-06,87,82.58745
2023-11-06,57,79.42576
2023-11-06,129,113.50245
2023-11-06,74,84.73886
2023-11-06,94,93.42823
2023-11-06,100,121.788765
2023-11-06,104,102.97039
2023-11-06,130,147.7979
2023-11-06,83,92.918335
2023-11-06,23,41.24215
2023-11-06,88,109.78567
2023-11-06,69,81.68084
2023-11-06,72,84.24966
2023-11-06,97,114.09027
2023-11-06,108,102.65504
2023-11-06,96,92.52296
2023-11-06,100,84.87996
2023-11-06,141,131.2945
2023-11-06,138,130.66504
2023-11-06,117,111.95763
2023-11-06,82,70.834915
2023-11-06,133,129.14424
2023-11-06,135,131.69846
2023-11-06,119,110.66721
2023-11-06,70,57.674786
2023-11-06,181,170.97112
2023-11-06,81,75.40572
2023-11-06,133,146.87883
2023-11-06,68,80.468025
2023-11-06,77,70.04861
2023-11-06,116,111.15683
2023-11-06,27,29.503496
2023-11-06,52,67.3977
2023-11-06,137,124.750916
2023-11-06,98,80.36987
2023-11-06,109,108.0971
2023-11-06,162,123.308914
2023-11-06,98,92.440056
2023-11-06,122,114.724434
2023-11-06,90,90.81991
2023-11-06,135,120.28429
2023-11-06,133,113.60607
2023-11-06,46,34.62829
2023-11-06,76,67.31631
2023-11-06,52,67.51287
2023-11-06,91,81.18652
2023-11-06,92,86.70537
2023-11-06,97,89.8101
2023-11-06,70,64.49163
2023-11-06,81,78.38811
2023-11-06,58,67.672874
2023-11-06,83,79.702705
2023-11-06,73,81.94681
2023-11-06,104,103.64611
2023-11-06,76,75.838806
2023-11-06,91,93.31256
2023-11-06,107,100.01375
2023-11-06,74,80.30958
2023-11-06,62,67.30498
2023-11-06,103,115.19676
2023-11-06,159,135.37033
2023-11-06,108,122.28846
2023-11-06,66,105.88166
2023-11-06,98,96.25968
2023-11-06,83,77.677895
2023-11-06,121,110.18276
2023-11-06,101,91.358734
2023-11-06,109,115.594124
2023-11-06,83,81.85143
2023-11-06,139,122.61018
2023-11-06,51,63.77555
2023-11-06,76,93.70707
2023-11-06,91,97.27028
2023-11-06,77,84.291725
2023-11-06,75,77.78941
2023-11-07,99,96.89326
2023-11-07,153,126.30675
2023-11-07,105,100.34206
2023-11-07,92,96.77429
2023-11-07,98,88.75484
2023-11-07,60,61.598526
2023-11-07,236,182.18486
2023-11-07,63,67.73792
2023-11-07,104,92.01172
2023-11-07,90,83.95811
2023-11-07,78,84.28989
2023-11-07,133,122.41273
2023-11-07,85,71.92481
2023-11-07,98,102.548195
2023-11-07,143,126.61963
2023-11-07,123,132.73772
2023-11-07,97,82.12683
2023-11-07,129,108.60705
2023-11-07,86,75.749695
2023-11-07,76,70.83429
2023-11-07,146,161.51677
2023-11-07,151,137.99742
2023-11-07,117,138.67694
2023-11-07,102,92.10177
2023-11-07,97,99.226234
2023-11-07,137,131.19055
2023-11-07,225,183.41179
2023-11-07,103,114.072495
2023-11-07,113,113.856544
2023-11-07,71,77.721695
2023-11-07,119,131.37636
2023-11-07,82,81.21327
2023-11-07,98,85.45849
2023-11-07,78,73.50082
2023-11-07,99,82.708176
2023-11-07,108,113.7643
2023-11-07,156,162.77266
2023-11-07,76,62.85834
2023-11-07,120,122.69275
2023-11-07,91,89.809395
2023-11-07,108,109.05826
2023-11-07,98,112.04958
2023-11-07,167,156.41788
2023-11-07,127,106.69814
2023-11-07,95,99.67503
2023-11-07,88,78.78813
2023-11-07,167,161.46704
2023-11-07,91,87.11232
2023-11-07,141,122.88393
2023-11-07,90,76.691
2023-11-07,104,111.026306
2023-11-07,32,31.396507
2023-11-07,84,83.72717
2023-11-07,122,113.84578
2023-11-07,104,104.0021
2023-11-07,165,143.22021
2023-11-07,100,104.45978
2023-11-07,73,71.87517
2023-11-07,100,85.780235
2023-11-07,122,112.8838
2023-11-07,231,213.12025
2023-11-07,32,43.34749
2023-11-07,72,84.32304
2023-11-07,112,121.627556
2023-11-07,77,95.03497
2023-11-07,119,102.951996
2023-11-07,157,147.32272
2023-11-07,73,73.94592
2023-11-07,47,47.798477
2023-11-07,118,136.1361
2023-11-07,143,139.09305
2023-11-07,99,102.287575
2023-11-07,102,117.20058
2023-11-07,83,83.28107
2023-11-07,49,42.045704
2023-11-07,90,87.6417
2023-11-07,143,142.28197
2023-11-07,80,86.69555
2023-11-07,87,95.36218
2023-11-07,88,85.58538
2023-11-07,97,93.09548
2023-11-07,89,96.52502
2023-11-07,80,97.5011
2023-11-07,129,126.877365
2023-11-07,135,121.17571
2023-11-07,46,63.965073
2023-11-07,235,196.71722
2023-11-07,130,124.69155
2023-11-07,80,86.68854
2023-11-07,135,139.73262
2023-11-07,119,105.53986
2023-11-07,66,57.090015
2023-11-07,81,90.029816
2023-11-07,59,59.866516
2023-11-07,125,92.600494
2023-11-07,90,79.81467
2023-11-07,131,123.06095
2023-11-07,105,95.69729
2023-11-07,80,73.403946
2023-11-07,136,110.08913
2023-11-08,144,155.8712
2023-11-08,19,66.87893
2023-11-08,214,195.75409
2023-11-08,118,122.41821
2023-11-08,149,151.67085
2023-11-08,61,55.308746
2023-11-08,204,168.30063
2023-11-08,133,105.72097
2023-11-08,126,126.4843
2023-11-08,143,143.11333
2023-11-08,82,84.79226
2023-11-08,133,120.787766
2023-11-08,153,137.29144
2023-11-08,101,101.85796
2023-11-08,159,124.97305
2023-11-08,102,117.60624
2023-11-08,141,167.79675
2023-11-08,210,198.9653
2023-11-08,85,75.63229
2023-11-08,42,40.07018
2023-11-08,115,123.737236
2023-11-08,106,132.25414
2023-11-08,191,168.4486
2023-11-08,136,129.68855
2023-11-08,94,84.75498
2023-11-08,80,83.07439
2023-11-08,76,79.25757
2023-11-08,79,97.27831
2023-11-08,139,119.97518
2023-11-08,120,132.33798
2023-11-08,111,113.70168
2023-11-08,70,71.0418
2023-11-08,113,119.288155
2023-11-08,162,145.81958
2023-11-08,77,94.017296
2023-11-08,74,79.783554
2023-11-08,72,91.38826
2023-11-08,114,109.135414
2023-11-08,75,79.70543
2023-11-08,81,71.04161
2023-11-08,117,127.350296
2023-11-08,65,89.71781
2023-11-08,167,167.69865
2023-11-08,105,119.921684
2023-11-08,82,88.79802
2023-11-08,60,47.602036
2023-11-08,148,115.53161
2023-11-08,58,52.204712
2023-11-08,111,100.91682
2023-11-08,204,197.71317
2023-11-08,113,110.192474
2023-11-08,51,60.957035
2023-11-08,128,136.60962
2023-11-08,213,207.9256
2023-11-08,116,107.893814
2023-11-08,95,77.324585
2023-11-08,106,104.61575
2023-11-08,108,110.1011
2023-11-08,137,129.67914
2023-11-08,81,77.10516
2023-11-08,152,149.35434
2023-11-08,140,163.90073
2023-11-08,112,111.502266
2023-11-08,157,144.17938
2023-11-08,73,72.017494
2023-11-08,160,137.94717
2023-11-08,169,164.42647
2023-11-08,46,53.072674
2023-11-08,91,94.21993
2023-11-08,125,149.25754
2023-11-08,64,60.326714
2023-11-08,92,92.12423
2023-11-08,161,163.23593
2023-11-08,94,85.35185
2023-11-08,93,82.30396
2023-11-08,99,97.97091
2023-11-08,169,162.4972
2023-11-08,77,93.59502
2023-11-08,75,78.25307
2023-11-08,55,56.653107
2023-11-08,102,129.95737
2023-11-08,117,139.77563
2023-11-08,118,117.9443
2023-11-08,141,144.0637
2023-11-08,102,88.42081
2023-11-08,130,128.4252
2023-11-08,142,170.19615
2023-11-08,130,128.00603
2023-11-08,125,119.047874
2023-11-08,160,184.12401
2023-11-08,143,114.09533
2023-11-08,62,63.506386
2023-11-08,42,60.09654
2023-11-08,95,95.29067
2023-11-08,90,95.81138
2023-11-08,65,62.103794
2023-11-08,72,93.77044
2023-11-08,191,172.90535
2023-11-08,73,83.70845
2023-11-08,110,107.33404
2023-11-09,117,103.5767
2023-11-09,99,99.19075
2023-11-09,96,82.28712
2023-11-09,141,131.39653
2023-11-09,83,89.000694
2023-11-09,110,106.65517
2023-11-09,116,90.62284
2023-11-09,114,111.13418
2023-11-09,95,106.91502
2023-11-09,98,88.6519
2023-11-09,77,79.96452
2023-11-09,148,143.98738
2023-11-09,60,82.141464
2023-11-09,71,77.659836
2023-11-09,94,81.886314
2023-11-09,91,87.08135
2023-11-09,53,73.32825
2023-11-09,206,195.83795
2023-11-09,24,34.75029
2023-11-09,18,27.647621
2023-11-09,134,140.61513
2023-11-09,114,112.62574
2023-11-09,61,87.32008
2023-11-09,59,103.007614
2023-11-09,93,91.658005
2023-11-09,98,91.73775
2023-11-09,158,135.55775
2023-11-09,144,127.72466
2023-11-09,125,140.20343
2023-11-09,206,201.16466
2023-11-09,134,130.35724
2023-11-09,70,70.42768
2023-11-09,86,86.17266
2023-11-09,99,89.827156
2023-11-09,114,105.6389
2023-11-09,147,145.63316
2023-11-09,103,113.823395
2023-11-09,126,138.48146
2023-11-09,68,59.614334
2023-11-09,59,59.773193
2023-11-09,83,88.3655
2023-11-09,156,145.77527
2023-11-09,91,95.5176
2023-11-09,49,63.042614
2023-11-09,45,34.1809
2023-11-09,138,126.953865
2023-11-09,171,130.25163
2023-11-09,87,85.92656
2023-11-09,172,185.87733
2023-11-09,133,157.62367
2023-11-09,76,85.244354
2023-11-09,105,103.69998
2023-11-09,32,61.93981
2023-11-09,157,143.50441
2023-11-09,109,110.60064
2023-11-09,102,111.446724
2023-11-09,81,93.48518
2023-11-09,81,85.452644
2023-11-09,117,105.726776
2023-11-09,94,95.024895
2023-11-09,165,150.98795
2023-11-09,65,93.605515
2023-11-09,105,100.87212
2023-11-09,122,113.43234
2023-11-09,141,137.9342
2023-11-09,215,175.26468
2023-11-09,176,146.5902
2023-11-09,105,100.12587
2023-11-09,92,109.0841
2023-11-09,140,172.05199
2023-11-09,108,94.229355
2023-11-09,133,144.17993
2023-11-09,136,132.08046
2023-11-09,91,95.520996
2023-11-09,67,71.86915
2023-11-09,117,114.96103
2023-11-09,222,188.5072
2023-11-09,71,96.88908
2023-11-09,83,72.79397
2023-11-09,80,75.52704
2023-11-09,70,84.93424
2023-11-09,65,80.7398
2023-11-09,106,95.034386
2023-11-09,78,88.76384
2023-11-09,139,111.297035
2023-11-09,172,164.09685
2023-11-09,151,126.17276
2023-11-09,198,170.45816
2023-11-09,146,146.21378
2023-11-09,100,122.94153
2023-11-09,87,76.28057
2023-11-09,60,65.87659
2023-11-09,101,143.51707
2023-11-09,73,76.99928
2023-11-09,76,63.481182
2023-11-09,67,67.45051
2023-11-09,87,137.26859
2023-11-09,166,175.8357
2023-11-09,46,45.987522
2023-11-09,91,84.65718
2023-11-10,77,66.724976
2023-11-10,111,111.89488
2023-11-10,115,112.536
2023-11-10,88,93.60169
2023-11-10,139,125.70616
2023-11-10,84,107.66876
2023-11-10,110,113.33703
2023-11-10,74,99.29839
2023-11-10,87,77.49105
2023-11-10,52,60.97594
2023-11-10,36,37.317158
2023-11-10,172,161.37679
2023-11-10,69,79.40996
2023-11-10,132,115.678406
2023-11-10,77,66.6419
2023-11-10,69,115.02943
2023-11-10,46,78.60914
2023-11-10,85,89.19713
2023-11-10,83,80.00186
2023-11-10,100,89.22994
2023-11-10,174,151.85901
2023-11-10,159,147.32602
2023-11-10,89,81.471954
2023-11-10,117,118.98117
2023-11-10,18,21.117542
2023-11-10,105,114.13752
2023-11-10,89,85.3396
2023-11-10,131,150.12529
2023-11-10,91,81.503555
2023-11-10,44,54.140152
2023-11-10,90,99.85827
2023-11-10,88,102.68587
2023-11-10,140,133.05795
2023-11-10,54,44.378334
2023-11-10,84,85.84834
2023-11-10,104,119.47489
2023-11-10,92,89.8905
2023-11-10,66,70.723495
2023-11-10,107,94.39448
2023-11-10,101,97.903755
2023-11-10,76,61.8431
2023-11-10,198,187.21712
2023-11-10,138,119.513664
2023-11-10,131,130.34673
2023-11-10,64,56.638992
2023-11-10,84,111.22587
2023-11-10,160,124.02902
2023-11-10,76,113.306435
2023-11-10,121,105.861046
2023-11-10,131,127.42107
2023-11-10,139,125.31178
2023-11-10,91,83.117744
2023-11-10,75,80.236725
2023-11-10,146,147.3006
2023-11-10,27,39.10354
2023-11-10,100,106.26438
2023-11-10,39,55.41008
2023-11-10,100,100.74278
2023-11-10,158,146.01129
2023-11-10,124,127.0187
2023-11-10,132,124.63786
2023-11-10,115,126.91402
2023-11-10,53,59.86574
2023-11-10,80,82.600845
2023-11-10,96,84.4051
2023-11-10,145,165.0963
2023-11-10,115,108.61431
2023-11-10,110,123.53992
2023-11-10,75,80.35423
2023-11-10,43,66.46812
2023-11-10,116,109.27035
2023-11-10,145,152.37474
2023-11-10,111,94.17757
2023-11-10,133,143.00409
2023-11-10,66,66.98094
2023-11-10,90,89.00013
2023-11-10,142,128.42876
2023-11-10,86,99.10366
2023-11-10,173,144.44133
2023-11-10,139,136.65979
2023-11-10,86,66.5281
2023-11-10,183,174.3953
2023-11-10,115,99.61101
2023-11-10,132,122.838615
2023-11-10,88,91.37081
2023-11-10,168,173.57764
2023-11-10,140,130.21185
2023-11-10,150,139.12059
2023-11-10,103,99.10284
2023-11-10,131,138.59154
2023-11-10,53,57.00463
2023-11-10,78,89.670334
2023-11-10,148,141.93805
2023-11-10,154,149.55017
2023-11-10,125,109.671844
2023-11-10,80,100.32303
2023-11-10,104,124.71945
2023-11-10,110,108.05106
2023-11-10,70,80.19726
2023-11-10,86,100.87965
2023-11-11,91,75.69065
2023-11-11,115,120.821106
2023-11-11,128,111.38501
2023-11-11,132,137.7287
2023-11-11,93,90.88432
2023-11-11,64,71.79131
2023-11-11,114,94.38785
2023-11-11,127,119.51498
2023-11-11,154,135.60315
2023-11-11,100,88.5034
2023-11-11,108,89.889824
2023-11-11,100,119.208885
2023-11-11,86,81.72218
2023-11-11,173,164.07199
2023-11-11,129,109.95794
2023-11-11,65,87.10523
2023-11-11,103,89.12974
2023-11-11,79,72.27157
2023-11-11,41,45.555523
2023-11-11,58,57.936714
2023-11-11,85,87.447296
2023-11-11,81,96.685936
2023-11-11,115,125.64021
2023-11-11,165,131.6725
2023-11-11,113,117.47784
2023-11-11,127,125.90856
2023-11-11,75,87.284256
2023-11-11,75,103.83195
2023-11-11,131,125.38652
2023-11-11,100,102.920334
2023-11-11,131,119.68034
2023-11-11,129,119.35259
2023-11-11,123,112.923996
2023-11-11,123,134.46692
2023-11-11,100,95.43434
2023-11-11,62,56.904423
2023-11-11,129,116.63248
2023-11-11,142,122.272964
2023-11-11,60,85.42673
2023-11-11,57,69.243256
2023-11-11,47,50.06846
2023-11-11,132,125.98156
2023-11-11,133,134.83574
2023-11-11,182,156.38635
2023-11-11,148,127.88846
2023-11-11,154,160.24516
2023-11-11,197,131.85593
2023-11-11,118,134.30971
2023-11-11,185,151.73862
2023-11-11,219,168.59575
2023-11-11,190,178.0332
2023-11-11,81,83.43228
2023-11-11,94,86.59817
2023-11-11,200,227.1632
2023-11-11,118,130.27022
2023-11-11,107,90.88602
2023-11-11,67,67.85149
2023-11-11,113,107.6334
2023-11-11,116,141.18973
2023-11-11,96,101.75141
2023-11-11,150,148.43404
2023-11-11,83,111.52665
2023-11-11,71,82.342606
2023-11-11,153,144.29137
2023-11-11,99,103.98228
2023-11-11,173,155.7232
2023-11-11,90,94.90192
2023-11-11,106,100.434006
2023-11-11,103,94.862755
2023-11-11,148,144.6211
2023-11-11,199,191.18797
2023-11-11,133,139.70972
2023-11-11,126,123.16567
2023-11-11,144,143.95303
2023-11-11,107,100.08085
2023-11-11,90,89.03455
2023-11-11,142,136.2004
2023-11-11,70,79.98643
2023-11-11,146,139.59683
2023-11-11,87,86.51105
2023-11-11,112,101.295166
2023-11-11,131,116.842
2023-11-11,124,112.570694
2023-11-11,146,129.58965
2023-11-11,42,55.447243
2023-11-11,112,120.92247
2023-11-11,139,127.34629
2023-11-11,67,95.34261
2023-11-11,87,90.37701
2023-11-11,92,93.89055
2023-11-11,73,65.860634
2023-11-11,73,76.0464
2023-11-11,140,127.62441
2023-11-11,112,100.95511
2023-11-11,126,131.58212
2023-11-11,112,95.071625
2023-11-11,72,87.904594
2023-11-11,159,129.81326
2023-11-11,51,54.823597
2023-11-11,83,86.692986
2023-11-12,95,86.294815
2023-11-12,157,171.8525
2023-11-12,138,140.02545
2023-11-12,108,102.0593
2023-11-12,135,131.99933
2023-11-12,77,72.00615
2023-11-12,92,82.49478
2023-11-12,129,124.47823
2023-11-12,150,121.07784
2023-11-12,92,87.419685
2023-11-12,74,67.49143
2023-11-12,130,121.64781
2023-11-12,49,45.03855
2023-11-12,112,124.37368
2023-11-12,104,100.122444
2023-11-12,133,130.43323
2023-11-12,93,80.24069
2023-11-12,150,141.26082
2023-11-12,71,69.392654
2023-11-12,58,56.77908
2023-11-12,213,209.1255
2023-11-12,133,142.61148
2023-11-12,140,157.84775
2023-11-12,98,110.57294
2023-11-12,158,146.40906
2023-11-12,194,186.18936
2023-11-12,132,136.4658
2023-11-12,157,157.03763
2023-11-12,66,71.1148
2023-11-12,173,169.54906
2023-11-12,150,155.95602
2023-11-12,140,106.711105
2023-11-12,157,128.41415
2023-11-12,86,126.880875
2023-11-12,118,119.66525
2023-11-12,142,142.89862
2023-11-12,98,98.57672
2023-11-12,108,101.05645
2023-11-12,81,86.35117
2023-11-12,28,29.055044
2023-11-12,150,138.03168
2023-11-12,212,223.35501
2023-11-12,100,115.09853
2023-11-12,131,123.265755
2023-11-12,41,49.193657
2023-11-12,116,97.98352
2023-11-12,167,118.78374
2023-11-12,160,154.36993
2023-11-12,101,66.0225
2023-11-12,130,112.94579
2023-11-12,48,75.889854
2023-11-12,71,71.82616
2023-11-12,94,84.49427
2023-11-12,192,193.70074
2023-11-12,117,129.2078
2023-11-12,120,113.723976
2023-11-12,85,91.38491
2023-11-12,149,137.57158
2023-11-12,132,119.20788
2023-11-12,120,111.70354
2023-11-12,133,131.25673
2023-11-12,89,113.38971
2023-11-12,21,53.147972
2023-11-12,85,102.826935
2023-11-12,104,104.35641
2023-11-12,128,132.54947
2023-11-12,132,117.08812
2023-11-12,66,67.88088
2023-11-12,94,101.347786
2023-11-12,161,139.57404
2023-11-12,104,113.04955
2023-11-12,115,104.07447
2023-11-12,188,153.79645
2023-11-12,58,76.47355
2023-11-12,93,91.871544
2023-11-12,117,112.29195
2023-11-12,137,139.5805
2023-11-12,77,86.85178
2023-11-12,95,95.00991
2023-11-12,102,94.21922
2023-11-12,126,128.57024
2023-11-12,138,145.49974
2023-11-12,188,164.14836
2023-11-12,92,86.22133
2023-11-12,102,99.73089
2023-11-12,143,147.85031
2023-11-12,76,86.83021
2023-11-12,122,136.85402
2023-11-12,50,47.413345
2023-11-12,159,143.5417
2023-11-12,78,76.0003
2023-11-12,42,49.489582
2023-11-12,85,91.51191
2023-11-12,105,110.86431
2023-11-12,85,94.8665
2023-11-12,128,130.0773
2023-11-12,71,66.43223
2023-11-12,74,55.136795
2023-11-12,93,93.51499
2023-11-12,98,86.77767
2023-11-13,35,55.19488
2023-11-13,147,137.2583
2023-11-13,159,150.67061
2023-11-13,112,103.82088
2023-11-13,180,166.33008
2023-11-13,97,137.08632
2023-11-13,152,162.85054
2023-11-13,139,150.87909
2023-11-13,139,120.61812
2023-11-13,49,64.438675
2023-11-13,96,92.23741
2023-11-13,85,92.848114
2023-11-13,61,65.10915
2023-11-13,140,134.81331
2023-11-13,66,53.517803
2023-11-13,114,137.5136
2023-11-13,104,86.71665
2023-11-13,66,87.781265
2023-11-13,98,92.59418
2023-11-13,57,53.094772
2023-11-13,168,149.8895
2023-11-13,85,122.73315
2023-11-13,91,97.57178
2023-11-13,106,90.8847
2023-11-13,107,97.6801
2023-11-13,176,148.35648
2023-11-13,155,138.31639
2023-11-13,149,171.55438
2023-11-13,136,151.39644
2023-11-13,155,183.82176
2023-11-13,38,42.00281
2023-11-13,71,62.40194
2023-11-13,224,173.24892
2023-11-13,46,74.18069
2023-11-13,78,83.585976
2023-11-13,137,132.80994
2023-11-13,101,102.31529
2023-11-13,83,101.76631
2023-11-13,108,99.455826
2023-11-13,105,105.61543
2023-11-13,100,130.59743
2023-11-13,87,94.11416
2023-11-13,52,77.674324
2023-11-13,116,120.712105
2023-11-13,61,74.35399
2023-11-13,134,151.06975
2023-11-13,112,131.3513
2023-11-13,77,88.808914
2023-11-13,108,119.646935
2023-11-13,136,131.22491
2023-11-13,104,101.227516
2023-11-13,74,69.94882
2023-11-13,82,82.093735
2023-11-13,103,118.32626
2023-11-13,118,113.32829
2023-11-13,67,98.30882
2023-11-13,74,71.097725
2023-11-13,96,94.57581
2023-11-13,92,87.26983
2023-11-13,103,100.451164
2023-11-13,159,157.7741
2023-11-13,104,119.79117
2023-11-13,56,77.88431
2023-11-13,115,112.2029
2023-11-13,85,77.3081
2023-11-13,119,151.54631
2023-11-13,206,198.01617
2023-11-13,108,103.79057
2023-11-13,98,79.19383
2023-11-13,80,94.15658
2023-11-13,77,79.15931
2023-11-13,106,110.77964
2023-11-13,121,94.798164
2023-11-13,49,67.73516
2023-11-13,76,68.890495
2023-11-13,85,86.04971
2023-11-13,97,90.05348
2023-11-13,60,74.99511
2023-11-13,122,109.69384
2023-11-13,97,86.99131
2023-11-13,127,152.8474
2023-11-13,117,112.00018
2023-11-13,113,116.65139
2023-11-13,116,125.05517
2023-11-13,189,176.87318
2023-11-13,140,157.05913
2023-11-13,114,104.78532
2023-11-13,146,176.8374
2023-11-13,67,72.93769
2023-11-13,106,112.02647
2023-11-13,130,122.57776
2023-11-13,48,54.00349
2023-11-13,89,112.883316
2023-11-13,50,59.239586
2023-11-13,91,74.71568
2023-11-13,121,128.61893
2023-11-13,121,117.102646
2023-11-13,169,179.80882
2023-11-13,73,70.8819
2023-11-13,85,92.96499
2023-11-14,122,125.43208
2023-11-14,113,107.79467
2023-11-14,130,109.48574
2023-11-14,95,83.706764
2023-11-14,185,172.68643
2023-11-14,69,81.6106
2023-11-14,55,85.9682
2023-11-14,95,95.738045
2023-11-14,204,223.4321
2023-11-14,75,69.53531
2023-11-14,43,36.144516
2023-11-14,76,92.00153
2023-11-14,114,118.00168
2023-11-14,153,147.8278
2023-11-14,126,103.64547
2023-11-14,93,110.917816
2023-11-14,126,123.7431
2023-11-14,95,99.80461
2023-11-14,79,76.52209
2023-11-14,103,98.401306
2023-11-14,109,127.033646
2023-11-14,106,95.19296
2023-11-14,119,116.87351
2023-11-14,166,123.77954
2023-11-14,180,178.89645
2023-11-14,56,78.827065
2023-11-14,113,105.64627
2023-11-14,33,61.874027
2023-11-14,147,175.89806
2023-11-14,98,105.39996
2023-11-14,78,76.07264
2023-11-14,91,90.69885
2023-11-14,207,140.76631
2023-11-14,121,117.05089
2023-11-14,75,84.00167
2023-11-14,93,119.65242
2023-11-14,94,86.164246
2023-11-14,75,64.157646
2023-11-14,114,100.45648
2023-11-14,89,84.82648
2023-11-14,80,101.66201
2023-11-14,131,121.225555
2023-11-14,88,86.75244
2023-11-14,53,54.54738
2023-11-14,43,73.825066
2023-11-14,104,97.53681
2023-11-14,91,97.61449
2023-11-14,40,44.531296
2023-11-14,188,174.9761
2023-11-14,69,75.125626
2023-11-14,150,144.62065
2023-11-14,58,56.086235
2023-11-14,92,95.22866
2023-11-14,182,180.38353
2023-11-14,144,130.84943
2023-11-14,85,98.1709
2023-11-14,89,91.22151
2023-11-14,58,60.56008
2023-11-14,59,54.62018
2023-11-14,94,74.35078
2023-11-14,101,104.32076
2023-11-14,106,104.11057
2023-11-14,163,141.15282
2023-11-14,133,125.4392
2023-11-14,45,94.18537
2023-11-14,126,127.50323
2023-11-14,120,133.54625
2023-11-14,76,75.07043
2023-11-14,113,146.0944
2023-11-14,57,53.900223
2023-11-14,68,63.026974
2023-11-14,169,165.53581
2023-11-14,112,133.27373
2023-11-14,95,97.13603
2023-11-14,93,85.81087
2023-11-14,48,53.093163
2023-11-14,81,93.21733
2023-11-14,75,90.96084
2023-11-14,126,114.399635
2023-11-14,80,86.112526
2023-11-14,88,94.64751
2023-11-14,80,81.13823
2023-11-14,114,116.42488
2023-11-14,115,108.42061
2023-11-14,165,184.02507
2023-11-14,126,122.85053
2023-11-14,113,136.21196
2023-11-14,99,120.24598
2023-11-14,186,178.53766
2023-11-14,109,101.561295
2023-11-14,59,58.637268
2023-11-14,100,95.34017
2023-11-14,150,138.5934
2023-11-14,78,78.0059
2023-11-14,83,79.43713
2023-11-14,124,108.98728
2023-11-14,71,87.39334
2023-11-14,62,54.79707
2023-11-14,41,47.440125
2023-11-14,76,70.19809
2023-11-15,90,88.72942
2023-11-15,104,91.008606
2023-11-15,149,163.88232
2023-11-15,110,100.505486
2023-11-15,81,106.221596
2023-11-15,149,135.31966
2023-11-15,77,73.80543
2023-11-15,96,87.416084
2023-11-15,48,58.999687
2023-11-15,114,112.77856
2023-11-15,69,64.128624
2023-11-15,129,153.35608
2023-11-15,79,85.410385
2023-11-15,145,161.95183
2023-11-15,84,77.55307
2023-11-15,92,96.53009
2023-11-15,160,139.39497
2023-11-15,182,173.98726
2023-11-15,74,71.08487
2023-11-15,121,109.8516
2023-11-15,64,74.76483
2023-11-15,133,108.31002
2023-11-15,159,177.49399
2023-11-15,110,93.036736
2023-11-15,46,82.24948
2023-11-15,70,67.42866
2023-11-15,93,81.83066
2023-11-15,98,84.03189
2023-11-15,64,82.74384
2023-11-15,188,170.81252
2023-11-15,34,38.55938
2023-11-15,148,126.99148
2023-11-15,86,100.96914
2023-11-15,69,81.88244
2023-11-15,99,97.736694
2023-11-15,102,101.12472
2023-11-15,110,113.35275
2023-11-15,143,140.40169
2023-11-15,73,78.22246
2023-11-15,102,105.9172
2023-11-15,129,120.70054
2023-11-15,230,219.22801
2023-11-15,188,187.5056
2023-11-15,150,130.05037
2023-11-15,74,112.64106
2023-11-15,156,155.61159
2023-11-15,138,118.705025
2023-11-15,190,182.63354
2023-11-15,190,176.37094
2023-11-15,174,195.65178
2023-11-15,98,93.741646
2023-11-15,71,77.13674
2023-11-15,101,106.77953
2023-11-15,171,180.39444
2023-11-15,117,105.14091
2023-11-15,82,95.72148
2023-11-15,92,105.66727
2023-11-15,146,156.72241
2023-11-15,94,98.14647
2023-11-15,142,119.80655
2023-11-15,150,124.66861
2023-11-15,244,211.73201
2023-11-15,194,169.231
2023-11-15,93,85.00783
2023-11-15,139,139.40111
2023-11-15,106,119.69709
2023-11-15,109,127.5995
2023-11-15,55,54.529957
2023-11-15,121,134.34465
2023-11-15,193,178.50983
2023-11-15,124,133.04366
2023-11-15,87,100.89456
2023-11-15,134,146.41145
2023-11-15,134,147.66307
2023-11-15,94,97.11567
2023-11-15,50,46.865116
2023-11-15,117,159.93031
2023-11-15,130,128.73024
2023-11-15,174,165.52109
2023-11-15,56,59.297394
2023-11-15,78,75.97868
2023-11-15,140,135.42343
2023-11-15,126,148.77911
2023-11-15,82,65.401695
2023-11-15,83,88.95683
2023-11-15,174,149.59009
2023-11-15,156,130.09604
2023-11-15,114,98.465805
2023-11-15,42,52.65534
2023-11-15,142,129.34187
2023-11-15,99,83.05759
2023-11-15,37,48.173145
2023-11-15,96,99.59127
2023-11-15,91,98.02734
2023-11-15,115,101.31607
2023-11-15,56,51.334137
2023-11-15,67,89.800446
2023-11-15,101,109.8047
2023-11-15,114,109.331375
2023-11-15,59,69.84781
2023-11-16,164,154.03961
2023-11-16,66,89.188255
2023-11-16,120,117.583336
2023-11-16,48,37.891888
2023-11-16,116,111.739334
2023-11-16,124,117.23083
2023-11-16,174,179.05275
2023-11-16,114,110.00253
2023-11-16,55,56.21373
2023-11-16,71,74.41306
2023-11-16,85,90.03713
2023-11-16,173,151.79709
2023-11-16,115,116.22305
2023-11-16,86,101.938416
2023-11-16,107,108.69729
2023-11-16,52,47.946373
2023-11-16,40,60.126637
2023-11-16,88,105.974266
2023-11-16,30,50.507248
2023-11-16,75,76.87419
2023-11-16,147,146.49437
2023-11-16,52,82.44134
2023-11-16,117,118.79039
2023-11-16,129,98.36596
2023-11-16,116,99.95866
2023-11-16,91,97.83276
2023-11-16,83,69.88998
2023-11-16,146,122.93615
2023-11-16,75,69.93962
2023-11-16,91,95.198814
2023-11-16,32,65.76358
2023-11-16,108,97.75521
2023-11-16,70,78.00757
2023-11-16,99,98.07059
2023-11-16,55,66.4174
2023-11-16,80,86.020164
2023-11-16,73,82.09483
2023-11-16,74,92.25929
2023-11-16,81,107.31035
2023-11-16,75,77.168076
2023-11-16,108,99.16784
2023-11-16,67,92.687584
2023-11-16,121,124.01795
2023-11-16,118,111.520424
2023-11-16,73,83.34002
2023-11-16,108,103.57269
2023-11-16,153,137.0009
2023-11-16,131,118.33367
2023-11-16,126,116.45485
2023-11-16,125,135.38597
2023-11-16,100,115.79553
2023-11-16,74,77.96763
2023-11-16,264,210.69406
2023-11-16,116,110.89191
2023-11-16,101,110.816475
2023-11-16,88,89.11847
2023-11-16,82,81.83638
2023-11-16,82,83.92723
2023-11-16,131,139.55544
2023-11-16,97,91.31747
2023-11-16,191,161.65315
2023-11-16,80,108.36171
2023-11-16,57,65.955894
2023-11-16,118,123.84133
2023-11-16,61,77.83748
2023-11-16,155,147.5153
2023-11-16,185,163.49673
2023-11-16,63,66.90733
2023-11-16,98,92.70483
2023-11-16,99,100.14499
2023-11-16,125,125.27778
2023-11-16,113,115.832466
2023-11-16,4,35.95777
2023-11-16,51,70.1849
2023-11-16,75,74.98935
2023-11-16,89,86.54419
2023-11-16,70,110.38983
2023-11-16,118,106.86262
2023-11-16,124,133.52501
2023-11-16,105,112.240425
2023-11-16,82,86.94151
2023-11-16,124,133.71283
2023-11-16,87,91.44302
2023-11-16,140,130.28177
2023-11-16,117,107.5993
2023-11-16,158,154.2517
2023-11-16,149,131.62457
2023-11-16,162,150.79999
2023-11-16,129,117.588684
2023-11-16,78,111.79494
2023-11-16,71,79.03013
2023-11-16,75,75.092445
2023-11-16,134,126.114334
2023-11-16,106,103.175514
2023-11-16,196,158.91368
2023-11-16,124,131.5423
2023-11-16,152,145.84845
2023-11-16,101,105.70454
2023-11-16,72,76.25224
2023-11-16,98,108.404915
2023-11-17,102,102.407104
2023-11-17,139,116.64357
2023-11-17,107,95.973045
2023-11-17,49,62.182117
2023-11-17,54,50.85952
2023-11-17,115,96.365845
2023-11-17,134,165.9813
2023-11-17,81,85.873856
2023-11-17,82,78.466606
2023-11-17,64,62.39719
2023-11-17,119,120.0503
2023-11-17,148,124.42157
2023-11-17,46,59.90039
2023-11-17,75,68.60166
2023-11-17,64,60.24815
2023-11-17,173,151.96309
2023-11-17,87,88.30155
2023-11-17,48,39.265553
2023-11-17,55,54.02623
2023-11-17,45,53.20538
2023-11-17,112,108.81159
2023-11-17,54,56.32775
2023-11-17,137,126.56571
2023-11-17,149,126.39571
2023-11-17,114,102.37003
2023-11-17,85,84.46666
2023-11-17,89,118.13426
2023-11-17,118,107.902435
2023-11-17,138,118.46784
2023-11-17,126,127.65061
2023-11-17,138,132.23898
2023-11-17,99,95.24563
2023-11-17,43,55.23358
2023-11-17,72,59.90715
2023-11-17,121,109.09425
2023-11-17,126,116.813866
2023-11-17,97,74.9834
2023-11-17,115,104.286644
2023-11-17,117,108.77695
2023-11-17,42,48.10637
2023-11-17,73,80.37026
2023-11-17,137,128.59819
2023-11-17,67,76.30791
2023-11-17,131,133.95923
2023-11-17,67,77.42574
2023-11-17,167,146.42374
2023-11-17,109,110.34853
2023-11-17,79,93.09481
2023-11-17,39,35.04944
2023-11-17,100,102.563705
2023-11-17,188,187.41759
2023-11-17,73,73.51819
2023-11-17,54,57.17959
2023-11-17,109,105.55826
2023-11-17,69,73.285
2023-11-17,95,106.23001
2023-11-17,100,92.97099
2023-11-17,88,72.859795
2023-11-17,123,131.28209
2023-11-17,174,162.29254
2023-11-17,133,142.87827
2023-11-17,85,79.79223
2023-11-17,107,102.233246
2023-11-17,118,104.201164
2023-11-17,96,95.32278
2023-11-17,82,96.325645
2023-11-17,193,189.03265
2023-11-17,67,64.596504
2023-11-17,95,85.11397
2023-11-17,82,76.188965
2023-11-17,107,109.02432
2023-11-17,159,156.65613
2023-11-17,91,142.64825
2023-11-17,105,103.315994
2023-11-17,29,19.335228
2023-11-17,111,104.67455
2023-11-17,77,97.840775
2023-11-17,64,73.85847
2023-11-17,102,97.39721
2023-11-17,46,49.594948
2023-11-17,76,75.50001
2023-11-17,70,65.29932
2023-11-17,53,46.97488
2023-11-17,103,93.34324
2023-11-17,149,130.69293
2023-11-17,168,154.24655
2023-11-17,148,158.38202
2023-11-17,143,117.33086
2023-11-17,112,114.424644
2023-11-17,103,99.96527
2023-11-17,158,136.51262
2023-11-17,79,77.76797
2023-11-17,30,56.15512
2023-11-17,80,67.32766
2023-11-17,99,88.07517
2023-11-17,98,100.31688
2023-11-17,42,55.382538
2023-11-17,132,117.815445
2023-11-17,87,87.065445
2023-11-17,134,120.64993
2023-11-18,106,111.81275
2023-11-18,119,109.733185
2023-11-18,154,150.46268
2023-11-18,103,107.253006
2023-11-18,57,60.491226
2023-11-18,32,53.532562
2023-11-18,139,146.5226
2023-11-18,40,63.47921
2023-11-18,137,144.74356
2023-11-18,48,52.9892
2023-11-18,116,104.83716
2023-11-18,155,152.70659
2023-11-18,59,81.48098
2023-11-18,135,124.68129
2023-11-18,93,66.82199
2023-11-18,101,96.30722
2023-11-18,77,66.06493
2023-11-18,112,100.635826
2023-11-18,85,76.370895
2023-11-18,52,59.184372
2023-11-18,69,57.62969
2023-11-18,143,153.36275
2023-11-18,103,100.66239
2023-11-18,123,124.523285
2023-11-18,83,77.94123
2023-11-18,88,100.403564
2023-11-18,167,165.00937
2023-11-18,154,203.73093
2023-11-18,169,174.25134
2023-11-18,41,43.669704
2023-11-18,214,199.1615
2023-11-18,203,172.11754
2023-11-18,81,82.96284
2023-11-18,88,80.91842
2023-11-18,119,99.27903
2023-11-18,78,79.242645
2023-11-18,58,61.25227
2023-11-18,90,82.743126
2023-11-18,90,110.362144
2023-11-18,115,109.4036
2023-11-18,135,132.42638
2023-11-18,28,39.918373
2023-11-18,245,238.04858
2023-11-18,233,192.76195
2023-11-18,118,112.9273
2023-11-18,183,185.39816
2023-11-18,125,149.97133
2023-11-18,100,159.96246
2023-11-18,155,135.11098
2023-11-18,171,147.20326
2023-11-18,56,78.048584
2023-11-18,152,131.1441
2023-11-18,169,169.2853
2023-11-18,80,70.81098
2023-11-18,149,140.46509
2023-11-18,137,148.18515
2023-11-18,61,50.290016
2023-11-18,40,42.75537
2023-11-18,146,151.5169
2023-11-18,128,112.073425
2023-11-18,164,142.70844
2023-11-18,199,177.4868
2023-11-18,97,108.69612
2023-11-18,126,142.5662
2023-11-18,118,102.56215
2023-11-18,144,149.37358
2023-11-18,170,172.29614
2023-11-18,144,152.08078
2023-11-18,77,68.72913
2023-11-18,84,69.821945
2023-11-18,77,101.911446
2023-11-18,202,197.05252
2023-11-18,126,114.757866
2023-11-18,102,105.57073
2023-11-18,105,97.73304
2023-11-18,82,92.582855
2023-11-18,128,118.46706
2023-11-18,106,103.21918
2023-11-18,163,143.97656
2023-11-18,82,94.60509
2023-11-18,169,150.18784
2023-11-18,100,86.74733
2023-11-18,124,116.95033
2023-11-18,142,121.16061
2023-11-18,93,76.50154
2023-11-18,143,168.67868
2023-11-18,124,132.13924
2023-11-18,112,143.0148
2023-11-18,158,146.209
2023-11-18,117,99.046135
2023-11-18,131,137.55627
2023-11-18,134,128.37004
2023-11-18,95,87.654495
2023-11-18,81,82.582466
2023-11-18,118,108.82249
2023-11-18,128,129.58047
2023-11-18,129,99.14219
2023-11-18,49,52.630985
2023-11-18,90,91.68097
2023-11-18,47,69.620125
2023-11-19,127,130.48004
2023-11-19,92,120.393776
2023-11-19,130,129.46681
2023-11-19,212,203.0345
2023-11-19,155,172.59612
2023-11-19,103,113.95338
2023-11-19,145,146.16118
2023-11-19,90,104.58694
2023-11-19,45,64.17236
2023-11-19,118,104.66985
2023-11-19,83,95.40979
2023-11-19,193,204.74237
2023-11-19,39,90.66513
2023-11-19,112,103.86227
2023-11-19,166,148.3166
2023-11-19,179,175.44939
2023-11-19,85,88.443
2023-11-19,114,113.658264
2023-11-19,68,78.65291
2023-11-19,102,94.74523
2023-11-19,123,131.66045
2023-11-19,26,63.271133
2023-11-19,184,198.55075
2023-11-19,87,149.8185
2023-11-19,143,143.87512
2023-11-19,100,123.864525
2023-11-19,90,104.098526
2023-11-19,86,101.582054
2023-11-19,178,173.17924
2023-11-19,113,94.91137
2023-11-19,139,138.78357
2023-11-19,107,120.57912
2023-11-19,69,99.654564
2023-11-19,102,104.38378
2023-11-19,50,52.96252
2023-11-19,136,134.62604
2023-11-19,73,77.70961
2023-11-19,103,103.917915
2023-11-19,133,144.94522
2023-11-19,14,24.586685
2023-11-19,116,109.0317
2023-11-19,94,119.58328
2023-11-19,59,66.45635
2023-11-19,110,135.0555
2023-11-19,122,106.94242
2023-11-19,103,117.853264
2023-11-19,157,142.58421
2023-11-19,108,131.93742
2023-11-19,181,184.58975
2023-11-19,200,167.94395
2023-11-19,122,138.83661
2023-11-19,85,80.20241
2023-11-19,125,129.32448
2023-11-19,96,93.65815
2023-11-19,119,113.35529
2023-11-19,131,117.67177
2023-11-19,72,71.50375
2023-11-19,81,91.40304
2023-11-19,69,87.42151
2023-11-19,67,61.723953
2023-11-19,157,158.45793
2023-11-19,136,140.31047
2023-11-19,123,127.36263
2023-11-19,166,193.30916
2023-11-19,123,125.65984
2023-11-19,129,130.55396
2023-11-19,160,149.20059
2023-11-19,86,83.7987
2023-11-19,75,88.91359
2023-11-19,189,170.99252
2023-11-19,77,79.41996
2023-11-19,111,137.4569
2023-11-19,93,121.60181
2023-11-19,62,66.15332
2023-11-19,97,89.839424
2023-11-19,99,96.20958
2023-11-19,97,98.920654
2023-11-19,77,76.66558
2023-11-19,87,101.48795
2023-11-19,88,86.607445
2023-11-19,130,131.66714
2023-11-19,147,146.2407
2023-11-19,64,90.467316
2023-11-19,233,232.54315
2023-11-19,155,158.66806
2023-11-19,100,120.32022
2023-11-19,154,147.93561
2023-11-19,107,133.06438
2023-11-19,99,106.25341
2023-11-19,297,239.3998
2023-11-19,100,112.80889
2023-11-19,130,125.27841
2023-11-19,39,93.02469
2023-11-19,82,82.59246
2023-11-19,93,72.80768
2023-11-19,108,94.692154
2023-11-19,84,85.30189
2023-11-19,152,154.12888
2023-11-19,96,102.07939
2023-11-19,39,46.24848
2023-11-20,132,109.76467
2023-11-20,21,24.789253
2023-11-20,125,121.19956
2023-11-20,63,84.23746
2023-11-20,180,170.45538
2023-11-20,94,85.941795
2023-11-20,90,77.191315
2023-11-20,65,71.10738
2023-11-20,110,101.01337
2023-11-20,79,77.19197
2023-11-20,46,48.763718
2023-11-20,127,118.474075
2023-11-20,91,99.31182
2023-11-20,111,107.63214
2023-11-20,71,60.75127
2023-11-20,88,93.72661
2023-11-20,60,50.887337
2023-11-20,117,108.941055
2023-11-20,88,74.08305
2023-11-20,35,43.70003
2023-11-20,178,183.50917
2023-11-20,86,100.78895
2023-11-20,84,90.12026
2023-11-20,97,146.94514
2023-11-20,124,125.26968
2023-11-20,164,134.80522
2023-11-20,118,100.00833
2023-11-20,26,34.691204
2023-11-20,139,108.26083
2023-11-20,194,183.4408
2023-11-20,74,72.20037
2023-11-20,43,49.39893
2023-11-20,103,98.13923
2023-11-20,57,50.879578
2023-11-20,81,95.821625
2023-11-20,124,112.78524
2023-11-20,87,78.97112
2023-11-20,59,76.92048
2023-11-20,95,78.34956
2023-11-20,66,66.01328
2023-11-20,119,105.514305
2023-11-20,156,149.49896
2023-11-20,84,90.27311
2023-11-20,91,107.81505
2023-11-20,112,124.88816
2023-11-20,60,67.32141
2023-11-20,74,64.937836
2023-11-20,113,110.04032
2023-11-20,133,98.81311
2023-11-20,76,73.97656
2023-11-20,109,109.526566
2023-11-20,116,100.18243
2023-11-20,118,119.7034
2023-11-20,113,113.935776
2023-11-20,200,190.97742
2023-11-20,149,141.18275
2023-11-20,82,75.08574
2023-11-20,93,88.53226
2023-11-20,85,94.71244
2023-11-20,76,86.456055
2023-11-20,88,107.74144
2023-11-20,118,120.940956
2023-11-20,52,57.811886
2023-11-20,116,122.35556
2023-11-20,195,187.28845
2023-11-20,109,87.2189
2023-11-20,71,58.40482
2023-11-20,45,43.328236
2023-11-20,38,46.113914
2023-11-20,150,146.42505
2023-11-20,121,105.64784
2023-11-20,74,101.52028
2023-11-20,33,44.92764
2023-11-20,51,49.871883
2023-11-20,95,89.86158
2023-11-20,88,86.044685
2023-11-20,114,97.22781
2023-11-20,112,104.809586
2023-11-20,88,74.81435
2023-11-20,47,45.71242
2023-11-20,145,116.310394
2023-11-20,83,64.05036
2023-11-20,120,103.49009
2023-11-20,72,94.97089
2023-11-20,136,155.42162
2023-11-20,162,135.84984
2023-11-20,141,135.48793
2023-11-20,88,97.06431
2023-11-20,103,109.23239
2023-11-20,95,78.39683
2023-11-20,77,87.57272
2023-11-20,86,88.24335
2023-11-20,74,69.19571
2023-11-20,77,77.488144
2023-11-20,129,111.89294
2023-11-20,75,93.25322
2023-11-20,101,90.189545
2023-11-20,144,123.13017
2023-11-20,85,76.11595
2023-11-20,68,75.75025
2023-11-21,56,67.221146
2023-11-21,180,166.1324
2023-11-21,107,92.51709
2023-11-21,98,98.59658
2023-11-21,102,107.10179
2023-11-21,126,119.4322
2023-11-21,96,95.4801
2023-11-21,57,78.06593
2023-11-21,87,94.1982
2023-11-21,82,80.824684
2023-11-21,88,96.562935
2023-11-21,97,77.030914
2023-11-21,61,78.919914
2023-11-21,94,102.411514
2023-11-21,142,169.95374
2023-11-21,249,227.05656
2023-11-21,122,116.4767
2023-11-21,140,119.339485
2023-11-21,83,82.31091
2023-11-21,65,66.75596
2023-11-21,104,108.57042
2023-11-21,98,92.73043
2023-11-21,123,113.84248
2023-11-21,126,102.23195
2023-11-21,66,91.796936
2023-11-21,84,84.56956
2023-11-21,107,83.85044
2023-11-21,50,97.33266
2023-11-21,142,122.031494
2023-11-21,106,95.122154
2023-11-21,165,160.2021
2023-11-21,74,78.9658
2023-11-21,107,151.24016
2023-11-21,39,52.39892
2023-11-21,122,125.442635
2023-11-21,146,143.62946
2023-11-21,115,98.10896
2023-11-21,100,90.09204
2023-11-21,121,131.06361
2023-11-21,52,53.763027
2023-11-21,132,125.18322
2023-11-21,75,84.4604
2023-11-21,105,113.088
2023-11-21,142,132.36581
2023-11-21,71,75.910675
2023-11-21,135,139.02669
2023-11-21,209,185.8735
2023-11-21,90,101.23707
2023-11-21,108,99.01237
2023-11-21,139,121.996216
2023-11-21,84,96.00797
2023-11-21,100,86.27492
2023-11-21,152,194.31725
2023-11-21,101,105.57558
2023-11-21,104,119.892975
2023-11-21,115,101.492004
2023-11-21,78,81.59008
2023-11-21,70,64.46795
2023-11-21,129,114.748634
2023-11-21,76,79.81519
2023-11-21,82,108.555405
2023-11-21,62,89.216515
2023-11-21,67,74.67032
2023-11-21,74,74.19955
2023-11-21,55,58.717476
2023-11-21,118,106.86941
2023-11-21,162,159.9193
2023-11-21,68,65.258125
2023-11-21,118,115.75795
2023-11-21,52,66.15588
2023-11-21,82,75.59045
2023-11-21,86,99.0627
2023-11-21,104,118.83492
2023-11-21,108,94.43337
2023-11-21,81,89.65667
2023-11-21,65,66.829094
2023-11-21,96,78.68282
2023-11-21,65,62.62871
2023-11-21,175,172.04697
2023-11-21,75,74.71472
2023-11-21,66,95.91107
2023-11-21,132,145.84076
2023-11-21,69,62.276062
2023-11-21,194,174.51613
2023-11-21,146,158.2827
2023-11-21,106,104.824776
2023-11-21,59,74.84302
2023-11-21,105,145.95065
2023-11-21,105,103.953545
2023-11-21,133,129.88567
2023-11-21,149,147.13164
2023-11-21,148,134.82108
2023-11-21,102,148.10968
2023-11-21,94,96.19178
2023-11-21,203,240.25563
2023-11-21,151,133.68643
2023-11-21,112,116.00692
2023-11-21,140,128.99272
2023-11-21,95,92.74412
2023-11-21,80,87.44631
2023-11-22,100,98.81505
2023-11-22,116,107.174065
2023-11-22,139,119.30977
2023-11-22,109,113.9014
2023-11-22,184,150.95953
2023-11-22,168,161.5843
2023-11-22,131,163.0145
2023-11-22,81,90.261986
2023-11-22,142,139.67935
2023-11-22,114,98.42664
2023-11-22,41,52.985493
2023-11-22,59,68.29527
2023-11-22,101,106.91517
2023-11-22,74,81.523476
2023-11-22,59,94.452995
2023-11-22,83,70.651146
2023-11-22,84,92.65035
2023-11-22,195,187.02927
2023-11-22,133,124.762054
2023-11-22,85,85.374405
2023-11-22,123,118.42346
2023-11-22,91,89.80009
2023-11-22,76,67.016624
2023-11-22,133,120.345894
2023-11-22,112,97.8919
2023-11-22,143,126.86383
2023-11-22,74,122.676476
2023-11-22,65,68.07769
2023-11-22,90,102.61533
2023-11-22,148,129.21896
2023-11-22,86,92.70851
2023-11-22,124,104.64116
2023-11-22,91,102.34898
2023-11-22,40,43.52828
2023-11-22,112,129.4811
2023-11-22,120,108.805405
2023-11-22,140,117.31927
2023-11-22,83,83.72455
2023-11-22,103,128.81009
2023-11-22,50,55.790993
2023-11-22,34,23.614351
2023-11-22,183,162.3083
2023-11-22,134,129.70432
2023-11-22,149,125.95852
2023-11-22,69,65.55013
2023-11-22,161,141.2362
2023-11-22,248,219.86656
2023-11-22,97,99.58775
2023-11-22,100,117.420074
2023-11-22,204,195.60675
2023-11-22,138,144.84709
2023-11-22,91,84.963806
2023-11-22,111,139.25835
2023-11-22,85,76.50038
2023-11-22,193,217.76584
2023-11-22,96,101.34845
2023-11-22,131,129.69244
2023-11-22,120,106.97605
2023-11-22,172,183.26256
2023-11-22,99,124.74729
2023-11-22,69,59.98858
2023-11-22,166,160.74048
2023-11-22,65,53.64662
2023-11-22,169,149.09134
2023-11-22,89,99.28667
2023-11-22,85,89.10783
2023-11-22,192,212.53732
2023-11-22,110,103.43021
2023-11-22,122,117.12385
2023-11-22,90,110.87824
2023-11-22,43,56.725037
2023-11-22,162,157.29916
2023-11-22,90,103.93266
2023-11-22,68,72.238976
2023-11-22,149,130.48436
2023-11-22,83,85.52402
2023-11-22,154,150.36398
2023-11-22,103,124.71523
2023-11-22,117,126.81117
2023-11-22,48,58.496304
2023-11-22,110,117.17261
2023-11-22,125,128.84999
2023-11-22,66,59.59752
2023-11-22,65,53.436474
2023-11-22,79,88.51604
2023-11-22,178,157.92198
2023-11-22,179,194.73836
2023-11-22,57,60.81968
2023-11-22,121,138.0257
2023-11-22,206,199.82181
2023-11-22,78,96.53614
2023-11-22,151,127.30926
2023-11-22,66,99.84953
2023-11-22,82,78.93128
2023-11-22,172,141.00818
2023-11-22,98,106.24199
2023-11-22,141,131.88278
2023-11-22,162,138.54443
2023-11-22,112,125.48041
2023-11-22,68,86.60148
2023-11-23,71,70.17565
2023-11-23,54,46.761463
2023-11-23,125,117.065155
2023-11-23,81,86.230446
2023-11-23,168,138.00777
2023-11-23,66,81.412384
2023-11-23,141,154.01146
2023-11-23,89,94.27719
2023-11-23,125,113.08433
2023-11-23,108,105.02109
2023-11-23,43,38.81113
2023-11-23,142,135.74376
2023-11-23,102,97.079765
2023-11-23,127,126.04337
2023-11-23,144,154.18854
2023-11-23,121,114.01486
2023-11-23,71,91.90432
2023-11-23,101,105.98308
2023-11-23,74,63.967205
2023-11-23,25,22.044313
2023-11-23,141,141.4534
2023-11-23,88,86.95893
2023-11-23,110,102.25512
2023-11-23,139,131.18047
2023-11-23,138,138.90009
2023-11-23,65,73.10598
2023-11-23,136,160.86108
2023-11-23,118,105.64611
2023-11-23,107,94.32855
2023-11-23,168,204.67725
2023-11-23,130,127.07986
2023-11-23,139,128.42415
2023-11-23,133,147.96689
2023-11-23,88,77.51587
2023-11-23,152,156.55876
2023-11-23,107,112.40716
2023-11-23,143,135.35455
2023-11-23,113,117.27115
2023-11-23,95,102.18564
2023-11-23,73,75.37558
2023-11-23,64,62.774467
2023-11-23,98,78.72687
2023-11-23,117,118.296555
2023-11-23,122,133.90285
2023-11-23,130,129.65627
2023-11-23,70,77.933685
2023-11-23,157,112.80076
2023-11-23,95,98.631485
2023-11-23,138,121.84953
2023-11-23,69,85.24133
2023-11-23,77,84.46329
2023-11-23,158,126.11687
2023-11-23,107,101.160446
2023-11-23,129,123.42234
2023-11-23,205,205.50371
2023-11-23,143,139.97858
2023-11-23,97,99.9713
2023-11-23,84,79.22334
2023-11-23,101,99.98696
2023-11-23,62,61.485058
2023-11-23,89,79.240974
2023-11-23,52,60.29525
2023-11-23,119,112.61697
2023-11-23,199,166.88234
2023-11-23,176,161.71277
2023-11-23,144,147.86931
2023-11-23,115,125.61736
2023-11-23,67,76.07181
2023-11-23,88,89.2173
2023-11-23,157,176.99614
2023-11-23,102,99.866104
2023-11-23,214,191.45502
2023-11-23,122,131.62811
2023-11-23,55,51.84997
2023-11-23,69,91.63574
2023-11-23,76,70.21257
2023-11-23,101,118.59248
2023-11-23,91,92.59808
2023-11-23,86,105.820244
2023-11-23,21,36.058514
2023-11-23,133,116.8178
2023-11-23,68,63.82133
2023-11-23,123,119.31431
2023-11-23,113,117.61357
2023-11-23,176,139.51225
2023-11-23,129,132.2076
2023-11-23,115,129.58017
2023-11-23,126,119.575905
2023-11-23,96,81.18629
2023-11-23,99,124.38174
2023-11-23,67,64.28797
2023-11-23,133,119.178795
2023-11-23,116,123.76333
2023-11-23,72,74.7082
2023-11-23,167,195.7513
2023-11-23,128,125.25782
2023-11-23,179,179.37532
2023-11-23,146,130.08148
2023-11-23,84,83.66591
2023-11-23,83,65.70843
2023-11-24,56,62.055492
2023-11-24,68,66.956215
2023-11-24,102,94.42957
2023-11-24,94,120.205986
2023-11-24,70,81.17576
2023-11-24,96,83.53394
2023-11-24,140,148.7978
2023-11-24,163,132.52965
2023-11-24,130,118.06751
2023-11-24,89,85.584435
2023-11-24,114,108.828674
2023-11-24,159,171.7783
2023-11-24,53,88.271126
2023-11-24,150,135.71432
2023-11-24,127,119.68215
2023-11-24,104,133.59633
2023-11-24,144,140.61206
2023-11-24,135,118.02357
2023-11-24,60,62.760326
2023-11-24,54,60.11445
2023-11-24,61,58.54362
2023-11-24,67,60.29308
2023-11-24,93,100.14963
2023-11-24,164,154.66368
2023-11-24,85,92.94145
2023-11-24,74,68.08645
2023-11-24,118,112.5
2023-11-24,85,89.5904
2023-11-24,129,128.91989
2023-11-24,85,88.6691
2023-11-24,93,90.617195
2023-11-24,159,152.15845
2023-11-24,57,72.73622
2023-11-24,30,37.97702
2023-11-24,72,83.13662
2023-11-24,64,91.968895
2023-11-24,134,109.70412
2023-11-24,55,66.06296
2023-11-24,81,73.71992
2023-11-24,33,45.402046
2023-11-24,135,128.07152
2023-11-24,75,78.21082
2023-11-24,117,123.767586
2023-11-24,226,202.80212
2023-11-24,89,103.17091
2023-11-24,67,71.439804
2023-11-24,118,141.44293
2023-11-24,113,112.360466
2023-11-24,90,93.20854
2023-11-24,116,131.14761
2023-11-24,136,132.89514
2023-11-24,146,147.03806
2023-11-24,105,135.19179
2023-11-24,128,131.21158
2023-11-24,75,94.30826
2023-11-24,93,94.421684
2023-11-24,96,98.546
2023-11-24,132,119.0509
2023-11-24,95,100.03901
2023-11-24,58,80.838005
2023-11-24,67,67.51121
2023-11-24,147,127.347694
2023-11-24,78,84.203125
2023-11-24,107,144.07599
2023-11-24,149,150.77002
2023-11-24,98,95.53224
2023-11-24,159,162.45529
2023-11-24,172,149.4807
2023-11-24,70,70.04089
2023-11-24,96,114.645805
2023-11-24,121,127.696556
2023-11-24,174,191.84583
2023-11-24,71,74.00701
2023-11-24,68,65.07183
2023-11-24,29,47.08205
2023-11-24,36,55.089832
2023-11-24,110,111.3193
2023-11-24,48,43.22185
2023-11-24,143,148.17717
2023-11-24,39,49.65609
2023-11-24,103,102.080025
2023-11-24,95,96.54456
2023-11-24,94,89.06022
2023-11-24,177,169.99335
2023-11-24,160,127.40486
2023-11-24,157,147.52985
2023-11-24,79,125.85544
2023-11-24,218,179.4001
2023-11-24,135,141.68913
2023-11-24,90,100.87839
2023-11-24,136,121.68831
2023-11-24,108,121.933334
2023-11-24,59,73.30446
2023-11-24,62,60.401985
2023-11-24,102,109.52637
2023-11-24,84,92.650215
2023-11-24,132,131.45988
2023-11-24,86,68.00082
2023-11-24,76,73.105225
2023-11-24,124,102.76417
2023-11-25,107,91.14416
2023-11-25,75,94.955925
2023-11-25,90,82.63246
2023-11-25,84,95.76784
2023-11-25,173,167.71774
2023-11-25,52,66.943504
2023-11-25,106,101.38258
2023-11-25,52,54.45604
2023-11-25,180,162.31993
2023-11-25,42,48.409557
2023-11-25,65,58.09874
2023-11-25,169,148.20552
2023-11-25,33,52.163418
2023-11-25,176,144.10426
2023-11-25,59,58.945366
2023-11-25,125,109.35622
2023-11-25,90,76.685646
2023-11-25,157,153.09567
2023-11-25,22,27.620497
2023-11-25,68,73.9612
2023-11-25,78,83.67626
2023-11-25,128,131.9239
2023-11-25,119,113.69405
2023-11-25,114,104.05522
2023-11-25,54,75.51494
2023-11-25,133,119.099434
2023-11-25,124,110.78661
2023-11-25,142,142.35518
2023-11-25,206,164.9772
2023-11-25,128,119.410904
2023-11-25,67,74.31241
2023-11-25,140,120.74132
2023-11-25,135,128.98984
2023-11-25,101,97.45302
2023-11-25,93,85.58493
2023-11-25,46,47.552963
2023-11-25,31,46.654373
2023-11-25,122,105.47222
2023-11-25,66,78.886284
2023-11-25,104,107.50706
2023-11-25,91,88.6038
2023-11-25,152,142.0922
2023-11-25,98,104.67717
2023-11-25,112,140.41647
2023-11-25,100,118.90775
2023-11-25,96,95.211655
2023-11-25,121,114.09074
2023-11-25,128,116.766815
2023-11-25,144,144.48738
2023-11-25,125,104.24578
2023-11-25,127,149.29543
2023-11-25,108,96.04472
2023-11-25,102,98.160446
2023-11-25,80,88.8572
2023-11-25,73,76.58525
2023-11-25,134,127.7443
2023-11-25,65,66.57777
2023-11-25,93,92.364265
2023-11-25,146,125.9404
2023-11-25,91,90.41904
2023-11-25,124,113.8931
2023-11-25,87,93.2731
2023-11-25,123,110.40725
2023-11-25,134,148.16092
2023-11-25,87,105.86386
2023-11-25,155,127.441635
2023-11-25,103,95.418755
2023-11-25,95,92.85889
2023-11-25,91,94.79524
2023-11-25,50,39.979984
2023-11-25,148,140.8494
2023-11-25,119,121.71424
2023-11-25,82,87.83089
2023-11-25,57,57.949097
2023-11-25,60,54.717777
2023-11-25,91,85.187584
2023-11-25,53,50.353172
2023-11-25,125,120.83074
2023-11-25,92,77.189255
2023-11-25,75,81.39148
2023-11-25,103,104.5285
2023-11-25,108,94.707375
2023-11-25,100,96.70089
2023-11-25,102,110.483734
2023-11-25,146,128.95886
2023-11-25,133,109.162506
2023-11-25,124,127.76135
2023-11-25,43,48.09246
2023-11-25,138,141.23337
2023-11-25,89,89.676735
2023-11-25,128,131.96913
2023-11-25,90,87.11826
2023-11-25,72,78.17436
2023-11-25,30,40.928642
2023-11-25,50,57.508884
2023-11-25,162,151.93163
2023-11-25,97,85.54069
2023-11-25,89,99.49658
2023-11-25,85,82.85506
2023-11-25,76,68.4432
2023-11-26,148,137.40723
2023-11-26,131,128.59192
2023-11-26,178,168.95961
2023-11-26,116,121.42873
2023-11-26,95,113.92553
2023-11-26,103,99.09716
2023-11-26,86,81.224
2023-11-26,63,70.435196
2023-11-26,117,129.7506
2023-11-26,85,75.67029
2023-11-26,75,113.60786
2023-11-26,145,142.27661
2023-11-26,68,108.14737
2023-11-26,108,105.39566
2023-11-26,166,164.25444
2023-11-26,97,112.08551
2023-11-26,120,114.07003
2023-11-26,102,112.564995
2023-11-26,126,127.37555
2023-11-26,119,128.2065
2023-11-26,30,42.028633
2023-11-26,77,72.61166
2023-11-26,91,106.98124
2023-11-26,73,62.87369
2023-11-26,85,102.64981
2023-11-26,42,36.98997
2023-11-26,125,111.96533
2023-11-26,150,115.03278
2023-11-26,61,88.51603
2023-11-26,60,70.42498
2023-11-26,91,121.64394
2023-11-26,91,100.44249
2023-11-26,80,86.00527
2023-11-26,68,78.68113
2023-11-26,105,107.996895
2023-11-26,88,89.01456
2023-11-26,153,137.59488
2023-11-26,99,95.01024
2023-11-26,105,120.30466
2023-11-26,77,89.38042
2023-11-26,104,95.39097
2023-11-26,89,107.76226
2023-11-26,117,114.470085
2023-11-26,108,121.56605
2023-11-26,82,95.706276
2023-11-26,84,85.90333
2023-11-26,75,65.98212
2023-11-26,81,73.84642
2023-11-26,89,109.672134
2023-11-26,48,50.3701
2023-11-26,123,134.11223
2023-11-26,126,90.11189
2023-11-26,87,111.14534
2023-11-26,158,148.62779
2023-11-26,111,112.472885
2023-11-26,120,104.252106
2023-11-26,98,99.52942
2023-11-26,73,74.828064
2023-11-26,158,140.38976
2023-11-26,114,138.7693
2023-11-26,112,110.67949
2023-11-26,53,66.94488
2023-11-26,67,67.52726
2023-11-26,124,123.389175
2023-11-26,66,77.70839
2023-11-26,111,104.83655
2023-11-26,184,187.20793
2023-11-26,49,48.87027
2023-11-26,94,95.62733
2023-11-26,113,126.46634
2023-11-26,112,119.09124
2023-11-26,108,105.851364
2023-11-26,50,90.10973
2023-11-26,54,56.999115
2023-11-26,60,64.24975
2023-11-26,91,83.58077
2023-11-26,142,137.00488
2023-11-26,38,44.527607
2023-11-26,147,137.14351
2023-11-26,84,88.85904
2023-11-26,97,108.4416
2023-11-26,38,49.605843
2023-11-26,118,106.9844
2023-11-26,183,164.59673
2023-11-26,158,163.8635
2023-11-26,112,123.879135
2023-11-26,100,124.018524
2023-11-26,97,102.342926
2023-11-26,122,146.80783
2023-11-26,209,181.5725
2023-11-26,170,174.15831
2023-11-26,93,100.60395
2023-11-26,116,140.64342
2023-11-26,66,60.866787
2023-11-26,110,134.72375
2023-11-26,140,120.63958
2023-11-26,206,192.74338
2023-11-26,86,97.1366
2023-11-26,135,141.59724
2023-11-26,95,114.090675
2023-11-27,88,96.61605
2023-11-27,121,110.67412
2023-11-27,144,127.237656
2023-11-27,126,127.47792
2023-11-27,158,142.09875
2023-11-27,114,103.55596
2023-11-27,80,93.64159
2023-11-27,127,100.22832
2023-11-27,212,158.3844
2023-11-27,112,116.045235
2023-11-27,103,108.023994
2023-11-27,92,99.96792
2023-11-27,133,133.23799
2023-11-27,169,166.73474
2023-11-27,137,148.8693
2023-11-27,108,110.87155
2023-11-27,37,57.20401
2023-11-27,34,54.84277
2023-11-27,167,149.4398
2023-11-27,67,67.44262
2023-11-27,74,93.79537
2023-11-27,110,99.168236
2023-11-27,170,162.19182
2023-11-27,112,113.25666
2023-11-27,142,133.76508
2023-11-27,140,123.06722
2023-11-27,128,114.78439
2023-11-27,198,168.42203
2023-11-27,35,31.531614
2023-11-27,63,77.92751
2023-11-27,82,87.01928
2023-11-27,107,110.60405
2023-11-27,146,135.95097
2023-11-27,47,47.31299
2023-11-27,175,181.17017
2023-11-27,100,101.672455
2023-11-27,113,110.94589
2023-11-27,52,43.788853
2023-11-27,133,145.92229
2023-11-27,66,83.46246
2023-11-27,64,66.976166
2023-11-27,62,52.84409
2023-11-27,130,116.51568
2023-11-27,152,129.35954
2023-11-27,111,93.846695
2023-11-27,95,89.32243
2023-11-27,146,134.44594
2023-11-27,57,58.629524
2023-11-27,109,105.820366
2023-11-27,152,123.25859
2023-11-27,96,99.95722
2023-11-27,70,86.74459
2023-11-27,149,128.83858
2023-11-27,107,103.91118
2023-11-27,136,167.49146
2023-11-27,94,97.854774
2023-11-27,78,68.4045
2023-11-27,71,66.1516
2023-11-27,82,109.74011
2023-11-27,84,135.3648
2023-11-27,106,117.19693
2023-11-27,141,141.66478
2023-11-27,180,160.71661
2023-11-27,53,55.912838
2023-11-27,75,89.670364
2023-11-27,183,154.33427
2023-11-27,105,128.96523
2023-11-27,24,40.955082
2023-11-27,63,78.47655
2023-11-27,116,109.60043
2023-11-27,139,137.64566
2023-11-27,139,141.4291
2023-11-27,133,111.48979
2023-11-27,68,59.331642
2023-11-27,47,75.997665
2023-11-27,97,94.23121
2023-11-27,115,103.97748
2023-11-27,80,88.85082
2023-11-27,151,145.48854
2023-11-27,64,68.02239
2023-11-27,181,178.29305
2023-11-27,117,112.84137
2023-11-27,129,121.1641
2023-11-27,124,108.321106
2023-11-27,236,192.64597
2023-11-27,255,218.78288
2023-11-27,133,154.22316
2023-11-27,140,139.46431
2023-11-27,123,118.53213
2023-11-27,149,132.05193
2023-11-27,45,79.1395
2023-11-27,98,94.41117
2023-11-27,125,129.02551
2023-11-27,116,118.9705
2023-11-27,237,233.36191
2023-11-27,142,126.85239
2023-11-27,78,64.63962
2023-11-27,103,106.7326
2023-11-27,101,110.61557
2023-11-27,40,57.77974
2023-11-28,139,111.25007
2023-11-28,58,58.302994
2023-11-28,41,82.906685
2023-11-28,98,100.79499
2023-11-28,113,99.08595
2023-11-28,78,109.631485
2023-11-28,120,123.48487
2023-11-28,149,105.08986
2023-11-28,180,147.60152
2023-11-28,99,93.86502
2023-11-28,71,70.79647
2023-11-28,117,110.35675
2023-11-28,126,94.89313
2023-11-28,80,75.236275
2023-11-28,70,99.44577
2023-11-28,139,129.66347
2023-11-28,124,106.947845
2023-11-28,118,112.152534
2023-11-28,66,57.29387
2023-11-28,67,70.06346
2023-11-28,42,35.819733
2023-11-28,30,42.87407
2023-11-28,82,92.3054
2023-11-28,134,132.37206
2023-11-28,51,42.69371
2023-11-28,77,105.81604
2023-11-28,74,83.61201
2023-11-28,112,77.70955
2023-11-28,199,157.98059
2023-11-28,101,107.41386
2023-11-28,95,87.01986
2023-11-28,92,83.91458
2023-11-28,94,97.563576
2023-11-28,69,71.48227
2023-11-28,27,38.59095
2023-11-28,82,79.17985
2023-11-28,75,71.45158
2023-11-28,87,90.44386
2023-11-28,79,95.94271
2023-11-28,38,54.845974
2023-11-28,66,69.25823
2023-11-28,100,91.06972
2023-11-28,101,120.65732
2023-11-28,121,131.40967
2023-11-28,95,84.589874
2023-11-28,115,146.22118
2023-11-28,108,93.12064
2023-11-28,77,73.39317
2023-11-28,172,152.68407
2023-11-28,131,121.957825
2023-11-28,92,95.27971
2023-11-28,52,50.650887
2023-11-28,117,99.81911
2023-11-28,147,139.89008
2023-11-28,156,173.19513
2023-11-28,97,92.41425
2023-11-28,74,73.907684
2023-11-28,67,68.35265
2023-11-28,176,179.05273
2023-11-28,110,136.58885
2023-11-28,74,78.890594
2023-11-28,90,84.593666
2023-11-28,61,71.02142
2023-11-28,215,213.7533
2023-11-28,108,102.75059
2023-11-28,188,194.08783
2023-11-28,113,105.15969
2023-11-28,49,51.785934
2023-11-28,151,139.63524
2023-11-28,144,131.32852
2023-11-28,118,100.07081
2023-11-28,108,97.582664
2023-11-28,89,80.43852
2023-11-28,104,102.308136
2023-11-28,113,114.545044
2023-11-28,61,55.249203
2023-11-28,133,120.105896
2023-11-28,85,76.24898
2023-11-28,94,105.14874
2023-11-28,59,87.24373
2023-11-28,82,87.41988
2023-11-28,92,85.80035
2023-11-28,113,119.030266
2023-11-28,157,139.12106
2023-11-28,128,86.90276
2023-11-28,85,60.964165
2023-11-28,86,76.342476
2023-11-28,88,81.87599
2023-11-28,119,105.94621
2023-11-28,52,58.11123
2023-11-28,73,73.17781
2023-11-28,55,57.83739
2023-11-28,122,99.5214
2023-11-28,84,84.05674
2023-11-28,102,127.33683
2023-11-28,79,77.16095
2023-11-28,120,131.73187
2023-11-28,122,108.913605
2023-11-28,47,53.82531
2023-11-28,75,130.9727
2023-11-29,148,119.24821
2023-11-29,62,70.79676
2023-11-29,103,117.898254
2023-11-29,122,124.36996
2023-11-29,78,76.08706
2023-11-29,98,124.59888
2023-11-29,113,98.46167
2023-11-29,97,90.50078
2023-11-29,46,56.153263
2023-11-29,113,113.3467
2023-11-29,105,108.76584
2023-11-29,137,120.69343
2023-11-29,94,74.30629
2023-11-29,65,62.171917
2023-11-29,128,148.53049
2023-11-29,117,108.91524
2023-11-29,99,81.75236
2023-11-29,112,121.94792
2023-11-29,139,128.405
2023-11-29,89,95.00354
2023-11-29,112,112.77744
2023-11-29,133,117.90117
2023-11-29,124,115.2375
2023-11-29,74,113.86379
2023-11-29,85,90.92887
2023-11-29,69,86.29078
2023-11-29,88,78.14555
2023-11-29,113,91.08867
2023-11-29,84,110.64249
2023-11-29,61,67.19347
2023-11-29,113,109.21069
2023-11-29,124,104.27557
2023-11-29,64,76.77899
2023-11-29,65,55.61054
2023-11-29,114,117.86174
2023-11-29,74,65.67439
2023-11-29,82,77.644905
2023-11-29,59,68.78436
2023-11-29,52,47.406147
2023-11-29,71,85.55966
2023-11-29,80,72.82961
2023-11-29,148,147.2645
2023-11-29,137,134.02422
2023-11-29,128,158.3642
2023-11-29,98,78.42375
2023-11-29,126,144.55441
2023-11-29,149,133.84344
2023-11-29,89,79.63532
2023-11-29,204,178.2347
2023-11-29,125,130.7729
2023-11-29,142,142.04942
2023-11-29,102,100.70983
2023-11-29,126,108.12223
2023-11-29,127,119.98707
2023-11-29,80,111.03879
2023-11-29,184,167.62433
2023-11-29,84,80.015236
2023-11-29,117,114.53004
2023-11-29,122,139.10684
2023-11-29,95,114.62278
2023-11-29,58,64.77224
2023-11-29,101,110.760544
2023-11-29,140,118.00953
2023-11-29,134,142.00343
2023-11-29,168,141.67787
2023-11-29,161,148.3088
2023-11-29,204,175.09499
2023-11-29,123,117.52295
2023-11-29,55,79.943474
2023-11-29,133,118.26909
2023-11-29,129,125.67111
2023-11-29,145,149.91069
2023-11-29,155,130.23337
2023-11-29,25,33.617897
2023-11-29,85,87.50759
2023-11-29,81,82.17316
2023-11-29,61,57.93777
2023-11-29,25,23.891397
2023-11-29,86,80.78663
2023-11-29,57,71.77538
2023-11-29,125,117.55929
2023-11-29,86,83.89586
2023-11-29,89,78.550186
2023-11-29,120,129.46709
2023-11-29,96,91.402626
2023-11-29,223,205.06929
2023-11-29,130,140.10532
2023-11-29,101,92.242516
2023-11-29,129,147.08311
2023-11-29,108,118.55626
2023-11-29,126,116.411095
2023-11-29,111,111.477234
2023-11-29,118,117.23697
2023-11-29,76,84.1442
2023-11-29,158,158.93814
2023-11-29,66,67.241776
2023-11-29,95,88.78968
2023-11-29,103,89.16862
2023-11-29,70,67.01188
2023-11-29,65,107.77996
2023-11-30,99,82.920074
2023-11-30,165,145.9075
2023-11-30,135,143.68169
2023-11-30,125,124.93114
2023-11-30,146,155.57243
2023-11-30,75,73.46366
2023-11-30,89,110.25074
2023-11-30,113,112.37876
2023-11-30,154,135.9339
2023-11-30,65,68.22723
2023-11-30,101,99.63344
2023-11-30,117,108.67493
2023-11-30,73,69.27111
2023-11-30,122,110.051506
2023-11-30,47,55.750603
2023-11-30,87,93.90632
2023-11-30,144,140.51804
2023-11-30,89,102.226585
2023-11-30,71,69.054276
2023-11-30,56,56.210632
2023-11-30,116,108.328285
2023-11-30,72,62.67771
2023-11-30,91,103.489655
2023-11-30,39,61.778477
2023-11-30,143,140.0565
2023-11-30,73,89.29111
2023-11-30,71,71.75641
2023-11-30,163,138.09795
2023-11-30,61,58.32028
2023-11-30,99,107.58738
2023-11-30,64,76.52674
2023-11-30,51,39.8632
2023-11-30,154,130.9349
2023-11-30,70,81.675316
2023-11-30,69,63.785484
2023-11-30,107,109.18062
2023-11-30,84,75.88248
2023-11-30,98,88.91154
2023-11-30,95,96.76046
2023-11-30,71,76.9641
2023-11-30,122,105.44488
2023-11-30,77,73.30491
2023-11-30,74,80.1583
2023-11-30,19,37.75009
2023-11-30,133,140.51086
2023-11-30,102,107.7657
2023-11-30,137,121.02992
2023-11-30,115,120.82902
2023-11-30,91,93.35683
2023-11-30,85,96.46909
2023-11-30,140,141.74445
2023-11-30,84,96.985245
2023-11-30,134,116.80624
2023-11-30,120,133.01666
2023-11-30,144,139.25972
2023-11-30,93,107.6417
2023-11-30,60,66.537254
2023-11-30,62,57.940422
2023-11-30,80,69.86899
2023-11-30,116,100.51875
2023-11-30,108,100.08446
2023-11-30,123,126.8264
2023-11-30,82,77.716385
2023-11-30,152,147.32343
2023-11-30,110,115.39062
2023-11-30,121,107.15133
2023-11-30,116,100.4806
2023-11-30,65,74.12416
2023-11-30,126,117.8959
2023-11-30,112,117.68154
2023-11-30,62,75.364426
2023-11-30,110,99.316284
2023-11-30,173,146.45741
2023-11-30,97,84.2494
2023-11-30,60,64.80616
2023-11-30,42,36.44178
2023-11-30,71,65.10171
2023-11-30,90,86.0962
2023-11-30,91,93.54114
2023-11-30,76,76.40498
2023-11-30,101,113.8464
2023-11-30,120,124.24392
2023-11-30,148,150.9279
2023-11-30,98,118.44821
2023-11-30,115,120.62639
2023-11-30,146,133.09384
2023-11-30,62,60.99168
2023-11-30,79,81.77943
2023-11-30,111,113.30476
2023-11-30,78,60.17795
2023-11-30,124,111.31351
2023-11-30,119,114.348465
2023-11-30,161,151.3024
2023-11-30,95,95.71105
2023-11-30,95,79.94193
2023-11-30,74,84.46071
2023-11-30,112,130.20386
2023-11-30,87,99.48372
2023-11-30,56,64.767586
2023-11-30,70,67.79944
2023-12-01,109,95.73708
2023-12-01,156,127.14969
2023-12-01,227,222.1254
2023-12-01,90,97.03051
2023-12-01,150,134.20871
2023-12-01,69,74.209595
2023-12-01,141,154.97014
2023-12-01,43,55.656055
2023-12-01,152,166.50903
2023-12-01,88,85.2556
2023-12-01,151,148.01917
2023-12-01,67,67.732
2023-12-01,65,71.02595
2023-12-01,105,114.62232
2023-12-01,82,91.302475
2023-12-01,145,137.19273
2023-12-01,101,106.559395
2023-12-01,180,173.02692
2023-12-01,91,90.60228
2023-12-01,98,95.61653
2023-12-01,121,132.11308
2023-12-01,107,104.53289
2023-12-01,121,136.38504
2023-12-01,168,146.03195
2023-12-01,119,124.3257
2023-12-01,124,124.66682
2023-12-01,50,66.312775
2023-12-01,85,85.1615
2023-12-01,118,123.3621
2023-12-01,124,130.5818
2023-12-01,130,129.31268
2023-12-01,110,110.539276
2023-12-01,177,182.27847
2023-12-01,99,97.473816
2023-12-01,149,148.22575
2023-12-01,149,131.43192
2023-12-01,108,97.28848
2023-12-01,68,72.61617
2023-12-01,145,131.74246
2023-12-01,58,58.03778
2023-12-01,156,143.92189
2023-12-01,133,124.65449
2023-12-01,155,166.37033
2023-12-01,181,165.90375
2023-12-01,162,153.13416
2023-12-01,118,114.47842
2023-12-01,72,71.54512
2023-12-01,71,68.43365
2023-12-01,83,71.93744
2023-12-01,161,167.96558
2023-12-01,199,205.67964
2023-12-01,95,95.11254
2023-12-01,160,157.76222
2023-12-01,149,146.95764
2023-12-01,108,123.22422
2023-12-01,176,177.04152
2023-12-01,22,28.377857
2023-12-01,36,36.057686
2023-12-01,108,137.7097
2023-12-01,144,124.07661
2023-12-01,69,64.98057
2023-12-01,149,158.99838
2023-12-01,96,97.23483
2023-12-01,143,130.41254
2023-12-01,124,115.01543
2023-12-01,55,63.022137
2023-12-01,41,61.939888
2023-12-01,94,85.94246
2023-12-01,52,57.580257
2023-12-01,46,56.185276
2023-12-01,206,193.33873
2023-12-01,108,118.91037
2023-12-01,112,117.80456
2023-12-01,62,70.39941
2023-12-01,61,66.16064
2023-12-01,65,66.76782
2023-12-01,112,101.10276
2023-12-01,70,69.33126
2023-12-01,105,106.43181
2023-12-01,60,71.12747
2023-12-01,161,151.21355
2023-12-01,142,130.26617
2023-12-01,192,170.79222
2023-12-01,115,113.415825
2023-12-01,123,133.2085
2023-12-01,174,181.30281
2023-12-01,102,114.696045
2023-12-01,165,159.16621
2023-12-01,275,252.39056
2023-12-01,191,175.54062
2023-12-01,51,57.658062
2023-12-01,72,81.70755
2023-12-01,160,168.78214
2023-12-01,35,33.519157
2023-12-01,135,138.37836
2023-12-01,156,156.64406
2023-12-01,156,134.20764
2023-12-01,144,127.82231
2023-12-01,83,79.93255
2023-12-01,35,32.71731
2023-12-02,160,139.97694
2023-12-02,83,107.42002
2023-12-02,209,210.15073
2023-12-02,114,119.979805
2023-12-02,118,123.416466
2023-12-02,138,123.35227
2023-12-02,213,204.30396
2023-12-02,89,96.355415
2023-12-02,204,185.29736
2023-12-02,119,110.78194
2023-12-02,78,83.91684
2023-12-02,137,138.08014
2023-12-02,161,165.91222
2023-12-02,83,84.817345
2023-12-02,155,153.91046
2023-12-02,85,111.22835
2023-12-02,48,57.64338
2023-12-02,115,94.24913
2023-12-02,106,100.91176
2023-12-02,140,130.22133
2023-12-02,151,122.46046
2023-12-02,143,137.33084
2023-12-02,179,188.50581
2023-12-02,54,82.617874
2023-12-02,97,110.95205
2023-12-02,161,143.4779
2023-12-02,149,144.58261
2023-12-02,127,134.99794
2023-12-02,143,167.6997
2023-12-02,164,146.38745
2023-12-02,141,141.67772
2023-12-02,107,105.36108
2023-12-02,74,103.906
2023-12-02,42,38.345615
2023-12-02,147,138.39955
2023-12-02,94,104.11059
2023-12-02,55,54.233
2023-12-02,161,137.36942
2023-12-02,119,122.22657
2023-12-02,90,90.80568
2023-12-02,177,149.7005
2023-12-02,126,130.8955
2023-12-02,209,199.39227
2023-12-02,141,140.27167
2023-12-02,162,137.86696
2023-12-02,60,74.8513
2023-12-02,102,84.595695
2023-12-02,128,124.97342
2023-12-02,94,125.17205
2023-12-02,100,92.17259
2023-12-02,105,102.25177
2023-12-02,165,150.30994
2023-12-02,114,142.71666
2023-12-02,136,126.29298
2023-12-02,110,99.70033
2023-12-02,173,169.14885
2023-12-02,51,57.189476
2023-12-02,90,93.78286
2023-12-02,221,211.9892
2023-12-02,146,117.164696
2023-12-02,30,51.86491
2023-12-02,85,103.13448
2023-12-02,34,50.84867
2023-12-02,98,113.01956
2023-12-02,92,101.70867
2023-12-02,154,143.71123
2023-12-02,147,146.49689
2023-12-02,72,70.47306
2023-12-02,124,123.634674
2023-12-02,130,109.695076
2023-12-02,60,68.72297
2023-12-02,99,93.453766
2023-12-02,116,139.20564
2023-12-02,49,49.27562
2023-12-02,110,103.718506
2023-12-02,76,82.42064
2023-12-02,112,111.62986
2023-12-02,65,78.20224
2023-12-02,171,156.04393
2023-12-02,74,74.2368
2023-12-02,105,96.11677
2023-12-02,70,86.80897
2023-12-02,90,87.4844
2023-12-02,123,149.43536
2023-12-02,140,159.96072
2023-12-02,123,127.12967
2023-12-02,95,108.35591
2023-12-02,110,112.67935
2023-12-02,130,139.15865
2023-12-02,30,33.640312
2023-12-02,67,112.470184
2023-12-02,151,143.86769
2023-12-02,258,230.91814
2023-12-02,84,70.28333
2023-12-02,180,180.49359
2023-12-02,118,124.99271
2023-12-02,89,90.72212
2023-12-02,193,175.0209
2023-12-02,96,99.593216
2023-12-02,103,119.114784
2023-12-03,119,121.344925
2023-12-03,78,95.70413
2023-12-03,181,158.25626
2023-12-03,20,28.677864
2023-12-03,121,130.91368
2023-12-03,134,124.605705
2023-12-03,129,135.80035
2023-12-03,111,103.48432
2023-12-03,162,149.83315
2023-12-03,111,99.08541
2023-12-03,75,73.437904
2023-12-03,162,176.66786
2023-12-03,115,120.279274
2023-12-03,113,106.71203
2023-12-03,96,113.65198
2023-12-03,205,177.1941
2023-12-03,126,103.344864
2023-12-03,157,155.14214
2023-12-03,161,158.57487
2023-12-03,70,80.82333
2023-12-03,116,120.49709
2023-12-03,90,92.51962
2023-12-03,72,96.34152
2023-12-03,114,121.39559
2023-12-03,61,62.159824
2023-12-03,137,116.68775
2023-12-03,58,69.06425
2023-12-03,119,119.53005
2023-12-03,67,65.67016
2023-12-03,133,124.75911
2023-12-03,94,107.631966
2023-12-03,102,116.812775
2023-12-03,82,89.61769
2023-12-03,97,100.61453
2023-12-03,172,164.5265
2023-12-03,205,184.11922
2023-12-03,108,104.66505
2023-12-03,84,78.78895
2023-12-03,104,108.57631
2023-12-03,43,56.933075
2023-12-03,131,138.01433
2023-12-03,129,126.6556
2023-12-03,100,102.81386
2023-12-03,171,148.36082
2023-12-03,125,95.632965
2023-12-03,110,128.15514
2023-12-03,142,137.68806
2023-12-03,106,110.8845
2023-12-03,169,170.84929
2023-12-03,118,120.1294
2023-12-03,156,159.49554
2023-12-03,100,117.164116
2023-12-03,113,145.80658
2023-12-03,185,194.38148
2023-12-03,128,183.98506
2023-12-03,152,136.70552
2023-12-03,91,86.046715
2023-12-03,122,119.7085
2023-12-03,166,158.33755
2023-12-03,121,137.234
2023-12-03,106,87.8767
2023-12-03,85,94.55481
2023-12-03,86,95.088234
2023-12-03,116,115.646805
2023-12-03,76,64.8197
2023-12-03,96,93.456314
2023-12-03,70,108.52123
2023-12-03,39,40.84032
2023-12-03,118,115.14085
2023-12-03,130,126.21439
2023-12-03,106,87.4159
2023-12-03,121,138.17409
2023-12-03,110,115.27496
2023-12-03,69,80.097824
2023-12-03,112,107.17761
2023-12-03,43,51.73403
2023-12-03,104,103.16223
2023-12-03,63,66.04878
2023-12-03,39,43.521423
2023-12-03,65,74.41331
2023-12-03,80,92.93963
2023-12-03,121,114.774284
2023-12-03,144,158.23044
2023-12-03,137,135.4413
2023-12-03,107,109.829544
2023-12-03,218,199.19109
2023-12-03,131,154.04898
2023-12-03,134,133.18867
2023-12-03,154,162.26054
2023-12-03,131,118.20256
2023-12-03,59,63.812977
2023-12-03,103,114.87371
2023-12-03,104,131.98102
2023-12-03,52,56.32665
2023-12-03,69,88.45438
2023-12-03,145,137.5313
2023-12-03,118,106.778175
2023-12-03,122,124.4608
2023-12-03,41,64.77222
2023-12-03,80,104.15771
2023-12-04,73,87.810585
2023-12-04,191,179.65599
2023-12-04,134,116.76463
2023-12-04,82,87.11173
2023-12-04,101,114.48854
2023-12-04,99,105.9752
2023-12-04,104,112.43698
2023-12-04,37,48.99337
2023-12-04,188,200.70058
2023-12-04,116,105.34518
2023-12-04,124,116.39532
2023-12-04,146,151.9963
2023-12-04,134,128.80675
2023-12-04,5,24.754889
2023-12-04,131,125.86365
2023-12-04,103,110.79456
2023-12-04,20,26.886889
2023-12-04,108,114.15912
2023-12-04,60,75.49998
2023-12-04,72,59.769337
2023-12-04,145,162.94106
2023-12-04,194,165.11389
2023-12-04,135,117.682945
2023-12-04,102,99.69285
2023-12-04,114,108.45424
2023-12-04,80,88.19102
2023-12-04,151,128.3203
2023-12-04,97,84.84832
2023-12-04,181,205.99562
2023-12-04,201,191.93658
2023-12-04,164,151.71259
2023-12-04,114,131.18214
2023-12-04,227,191.79541
2023-12-04,118,129.27557
2023-12-04,123,137.79317
2023-12-04,144,132.26437
2023-12-04,110,90.29088
2023-12-04,61,61.4727
2023-12-04,117,119.83033
2023-12-04,62,69.02983
2023-12-04,126,124.61386
2023-12-04,162,155.50168
2023-12-04,103,98.38413
2023-12-04,78,95.019684
2023-12-04,153,146.74356
2023-12-04,128,135.67049
2023-12-04,75,72.21657
2023-12-04,197,188.81943
2023-12-04,162,193.42671
2023-12-04,131,129.20013
2023-12-04,94,83.26838
2023-12-04,92,92.0927
2023-12-04,141,120.667816
2023-12-04,124,132.54366
2023-12-04,160,166.85976
2023-12-04,129,166.1606
2023-12-04,77,74.34991
2023-12-04,54,41.38419
2023-12-04,163,176.54716
2023-12-04,203,180.4027
2023-12-04,231,200.41818
2023-12-04,109,125.693
2023-12-04,52,58.039436
2023-12-04,120,99.70797
2023-12-04,30,36.423985
2023-12-04,129,150.68031
2023-12-04,101,107.226395
2023-12-04,101,95.513535
2023-12-04,59,94.656525
2023-12-04,36,51.408604
2023-12-04,102,81.91211
2023-12-04,109,117.45378
2023-12-04,112,97.68793
2023-12-04,102,98.00356
2023-12-04,89,82.79604
2023-12-04,94,97.93101
2023-12-04,78,71.040436
2023-12-04,88,82.31852
2023-12-04,136,132.70284
2023-12-04,4,36.126484
2023-12-04,186,176.99498
2023-12-04,93,85.3422
2023-12-04,87,92.83053
2023-12-04,93,90.49619
2023-12-04,61,75.44045
2023-12-04,80,89.93509
2023-12-04,100,99.60432
2023-12-04,115,116.28813
2023-12-04,147,184.34605
2023-12-04,111,106.48999
2023-12-04,120,125.231125
2023-12-04,101,100.46801
2023-12-04,127,122.18151
2023-12-04,97,93.09851
2023-12-04,105,111.85046
2023-12-04,83,106.41464
2023-12-04,112,121.08294
2023-12-04,68,61.921467
2023-12-04,77,94.98417
2023-12-04,85,100.479774
2023-12-05,24,32.676025
2023-12-05,127,128.19939
2023-12-05,133,126.41618
2023-12-05,133,124.36984
2023-12-05,132,132.14317
2023-12-05,112,113.56518
2023-12-05,66,70.053665
2023-12-05,121,155.92123
2023-12-05,181,185.19547
2023-12-05,95,94.336655
2023-12-05,61,81.76594
2023-12-05,34,41.08411
2023-12-05,45,75.83361
2023-12-05,85,81.03868
2023-12-05,52,61.795666
2023-12-05,225,215.67131
2023-12-05,86,93.76935
2023-12-05,145,138.71008
2023-12-05,71,68.5128
2023-12-05,110,125.5423
2023-12-05,113,115.52599
2023-12-05,102,112.135056
2023-12-05,82,69.66507
2023-12-05,208,209.85855
2023-12-05,163,169.35532
2023-12-05,158,139.10405
2023-12-05,44,55.96829
2023-12-05,235,216.63637
2023-12-05,89,97.6375
2023-12-05,67,53.289722
2023-12-05,135,149.73895
2023-12-05,75,76.46185
2023-12-05,91,121.8268
2023-12-05,97,98.22262
2023-12-05,118,111.7224
2023-12-05,189,177.70168
2023-12-05,39,54.833347
2023-12-05,107,100.13819
2023-12-05,170,144.30898
2023-12-05,54,70.851715
2023-12-05,88,97.307724
2023-12-05,120,126.1385
2023-12-05,90,95.39973
2023-12-05,159,146.87845
2023-12-05,163,128.38443
2023-12-05,59,56.30713
2023-12-05,102,115.68799
2023-12-05,83,63.68676
2023-12-05,118,119.44237
2023-12-05,97,90.818344
2023-12-05,59,90.4232
2023-12-05,57,52.25506
2023-12-05,138,146.1064
2023-12-05,121,118.42262
2023-12-05,96,90.49111
2023-12-05,100,149.45265
2023-12-05,41,43.91729
2023-12-05,92,92.35112
2023-12-05,121,111.16775
2023-12-05,128,150.01427
2023-12-05,117,110.607864
2023-12-05,163,179.15645
2023-12-05,91,100.57281
2023-12-05,4,42.536213
2023-12-05,185,175.89212
2023-12-05,81,88.39786
2023-12-05,39,47.257935
2023-12-05,130,128.91568
2023-12-05,175,159.66357
2023-12-05,55,52.60958
2023-12-05,145,154.67982
2023-12-05,130,146.50336
2023-12-05,196,221.95634
2023-12-05,59,59.048374
2023-12-05,98,102.806175
2023-12-05,106,113.007744
2023-12-05,148,131.09975
2023-12-05,62,58.31111
2023-12-05,170,134.13591
2023-12-05,125,146.08275
2023-12-05,119,138.96538
2023-12-05,88,93.07057
2023-12-05,127,121.00342
2023-12-05,117,100.615395
2023-12-05,118,127.683395
2023-12-05,173,149.65483
2023-12-05,58,54.46763
2023-12-05,212,190.38562
2023-12-05,69,102.17299
2023-12-05,78,86.74255
2023-12-05,114,110.28152
2023-12-05,57,62.791767
2023-12-05,161,206.62244
2023-12-05,99,100.21611
2023-12-05,75,90.77606
2023-12-05,87,104.21378
2023-12-05,92,110.866974
2023-12-05,176,160.44934
2023-12-05,86,84.91167
2023-12-05,151,167.5159
2023-12-06,142,120.14295
2023-12-06,114,106.85392
2023-12-06,183,183.37479
2023-12-06,152,151.16763
2023-12-06,111,139.31949
2023-12-06,190,191.13889
2023-12-06,138,159.24663
2023-12-06,61,72.61187
2023-12-06,37,57.45485
2023-12-06,126,132.83109
2023-12-06,136,129.24226
2023-12-06,118,109.80808
2023-12-06,136,155.07977
2023-12-06,78,82.020325
2023-12-06,73,69.10029
2023-12-06,100,111.95163
2023-12-06,161,149.17831
2023-12-06,100,117.83025
2023-12-06,93,93.664444
2023-12-06,68,81.19997
2023-12-06,143,133.7258
2023-12-06,85,77.79674
2023-12-06,193,181.99806
2023-12-06,125,94.61537
2023-12-06,145,129.0657
2023-12-06,86,101.37047
2023-12-06,135,155.7638
2023-12-06,181,163.69298
2023-12-06,91,103.015816
2023-12-06,110,115.19383
2023-12-06,47,36.266056
2023-12-06,85,76.52791
2023-12-06,111,146.6316
2023-12-06,109,109.44858
2023-12-06,132,109.13996
2023-12-06,81,99.95256
2023-12-06,120,112.06824
2023-12-06,163,162.49321
2023-12-06,155,157.74309
2023-12-06,52,67.94529
2023-12-06,64,68.04126
2023-12-06,128,127.12702
2023-12-06,148,141.23344
2023-12-06,222,211.81424
2023-12-06,68,92.517044
2023-12-06,191,176.88307
2023-12-06,98,95.11878
2023-12-06,108,141.38544
2023-12-06,265,230.88004
2023-12-06,182,145.75581
2023-12-06,215,202.30206
2023-12-06,72,75.515816
2023-12-06,80,115.144554
2023-12-06,94,86.998795
2023-12-06,144,144.48659
2023-12-06,109,132.23572
2023-12-06,142,123.18049
2023-12-06,97,95.393196
2023-12-06,174,173.07486
2023-12-06,182,171.93532
2023-12-06,65,71.11915
2023-12-06,97,91.29194
2023-12-06,168,158.41841
2023-12-06,217,198.72908
2023-12-06,154,151.96521
2023-12-06,169,155.27037
2023-12-06,201,207.64584
2023-12-06,58,67.8113
2023-12-06,271,217.28894
2023-12-06,143,138.93192
2023-12-06,183,174.89388
2023-12-06,137,138.63632
2023-12-06,120,117.5503
2023-12-06,24,29.037172
2023-12-06,95,82.749825
2023-12-06,57,65.611824
2023-12-06,117,115.30897
2023-12-06,100,110.72453
2023-12-06,94,79.33809
2023-12-06,79,92.20392
2023-12-06,126,111.717804
2023-12-06,128,122.985054
2023-12-06,118,127.94069
2023-12-06,208,223.49892
2023-12-06,186,172.07094
2023-12-06,199,175.93106
2023-12-06,205,192.20087
2023-12-06,172,133.19731
2023-12-06,199,202.57542
2023-12-06,61,78.84861
2023-12-06,151,143.96191
2023-12-06,83,81.11243
2023-12-06,122,139.94823
2023-12-06,126,125.28552
2023-12-06,132,132.99747
2023-12-06,76,111.28926
2023-12-06,117,138.00677
2023-12-06,118,129.53793
2023-12-06,128,122.580894
2023-12-06,48,88.54207
2023-12-07,131,119.7744
2023-12-07,154,136.2052
2023-12-07,123,126.66391
2023-12-07,87,98.395905
2023-12-07,130,131.7591
2023-12-07,85,100.245995
2023-12-07,127,156.03273
2023-12-07,108,97.740295
2023-12-07,188,168.81174
2023-12-07,47,39.292343
2023-12-07,120,133.37077
2023-12-07,176,161.21649
2023-12-07,83,107.60993
2023-12-07,59,58.70644
2023-12-07,54,75.47866
2023-12-07,235,205.0896
2023-12-07,73,77.996445
2023-12-07,143,133.86255
2023-12-07,107,97.33421
2023-12-07,83,79.06062
2023-12-07,161,147.21045
2023-12-07,69,64.343254
2023-12-07,99,106.74529
2023-12-07,137,165.88052
2023-12-07,63,70.56991
2023-12-07,161,189.13263
2023-12-07,112,123.33693
2023-12-07,153,136.1042
2023-12-07,186,170.9256
2023-12-07,133,137.77495
2023-12-07,159,193.48169
2023-12-07,110,107.01434
2023-12-07,96,130.25517
2023-12-07,46,52.694992
2023-12-07,101,128.51254
2023-12-07,187,180.83789
2023-12-07,108,103.384674
2023-12-07,102,91.6048
2023-12-07,110,129.07916
2023-12-07,36,55.2148
2023-12-07,51,64.82519
2023-12-07,105,113.551834
2023-12-07,178,177.56233
2023-12-07,102,115.31516
2023-12-07,83,72.509674
2023-12-07,111,124.65494
2023-12-07,152,176.39537
2023-12-07,124,116.84053
2023-12-07,179,156.91447
2023-12-07,109,84.17306
2023-12-07,169,170.53802
2023-12-07,93,78.48724
2023-12-07,132,140.29004
2023-12-07,42,46.290787
2023-12-07,70,92.63557
2023-12-07,103,104.60438
2023-12-07,34,48.785267
2023-12-07,48,57.50598
2023-12-07,143,126.21985
2023-12-07,175,146.2118
2023-12-07,131,120.005844
2023-12-07,78,85.9501
2023-12-07,79,87.41503
2023-12-07,208,192.65137
2023-12-07,100,101.34323
2023-12-07,177,177.41776
2023-12-07,160,166.60732
2023-12-07,51,56.584465
2023-12-07,187,189.4611
2023-12-07,180,146.55293
2023-12-07,190,182.88568
2023-12-07,116,117.71416
2023-12-07,165,161.67932
2023-12-07,54,59.52263
2023-12-07,34,52.146725
2023-12-07,102,99.297905
2023-12-07,76,79.94616
2023-12-07,85,77.97816
2023-12-07,77,86.3418
2023-12-07,85,90.97194
2023-12-07,174,160.92859
2023-12-07,34,45.429573
2023-12-07,113,126.63373
2023-12-07,100,93.62671
2023-12-07,120,86.81795
2023-12-07,230,204.08694
2023-12-07,142,157.26329
2023-12-07,189,134.4215
2023-12-07,171,161.06761
2023-12-07,125,112.848495
2023-12-07,94,114.63278
2023-12-07,92,82.13125
2023-12-07,96,114.577835
2023-12-07,92,91.06375
2023-12-07,78,90.43289
2023-12-07,96,96.93092
2023-12-07,84,107.46019
2023-12-07,131,119.54514
2023-12-07,51,55.15123
2023-12-07,69,89.80315
2023-12-08,147,124.43254
2023-12-08,129,129.46815
2023-12-08,92,82.07106
2023-12-08,99,90.664764
2023-12-08,125,127.95539
2023-12-08,195,186.26567
2023-12-08,141,148.41974
2023-12-08,103,98.85647
2023-12-08,330,231.98102
2023-12-08,105,104.00392
2023-12-08,51,60.941162
2023-12-08,153,136.66133
2023-12-08,103,110.79736
2023-12-08,140,126.236984
2023-12-08,73,76.66946
2023-12-08,88,110.96772
2023-12-08,123,132.67302
2023-12-08,86,97.35578
2023-12-08,71,68.703316
2023-12-08,68,59.70558
2023-12-08,116,108.04394
2023-12-08,80,74.13076
2023-12-08,117,107.821396
2023-12-08,74,73.94734
2023-12-08,86,77.54928
2023-12-08,176,167.88933
2023-12-08,105,100.680016
2023-12-08,95,100.45472
2023-12-08,166,121.013916
2023-12-08,122,122.68964
2023-12-08,139,126.92237
2023-12-08,71,66.79523
2023-12-08,61,69.75572
2023-12-08,106,106.84087
2023-12-08,96,90.3422
2023-12-08,131,137.16284
2023-12-08,69,61.024563
2023-12-08,70,56.844337
2023-12-08,142,118.60979
2023-12-08,92,85.86753
2023-12-08,127,128.65802
2023-12-08,20,18.756502
2023-12-08,66,66.90488
2023-12-08,73,92.64473
2023-12-08,132,131.9963
2023-12-08,116,133.88832
2023-12-08,143,137.95271
2023-12-08,54,47.813206
2023-12-08,183,143.28331
2023-12-08,176,148.52933
2023-12-08,120,147.1644
2023-12-08,78,78.98392
2023-12-08,140,119.97982
2023-12-08,79,93.202415
2023-12-08,49,73.589066
2023-12-08,156,178.067
2023-12-08,110,96.15382
2023-12-08,70,63.808662
2023-12-08,106,96.887
2023-12-08,146,147.94029
2023-12-08,189,179.24051
2023-12-08,93,88.96112
2023-12-08,68,71.89268
2023-12-08,133,98.07181
2023-12-08,33,36.1781
2023-12-08,125,159.61215
2023-12-08,128,122.69885
2023-12-08,42,55.888783
2023-12-08,161,143.19687
2023-12-08,77,82.90796
2023-12-08,92,93.03343
2023-12-08,97,91.91776
2023-12-08,85,77.61592
2023-12-08,66,67.90386
2023-12-08,51,55.266594
2023-12-08,138,132.55722
2023-12-08,88,85.143
2023-12-08,91,91.730064
2023-12-08,90,94.75376
2023-12-08,122,120.12444
2023-12-08,163,158.52809
2023-12-08,119,91.50183
2023-12-08,104,103.75591
2023-12-08,123,110.02415
2023-12-08,178,153.28244
2023-12-08,121,126.18016
2023-12-08,151,152.75836
2023-12-08,54,41.11224
2023-12-08,175,153.87532
2023-12-08,124,115.51031
2023-12-08,117,123.082115
2023-12-08,58,62.217545
2023-12-08,122,128.29617
2023-12-08,96,100.91792
2023-12-08,77,74.14451
2023-12-08,133,148.4721
2023-12-08,51,50.332462
2023-12-08,176,145.95811
2023-12-08,60,56.183292
2023-12-08,116,103.34786
2023-12-09,99,100.03792
2023-12-09,95,93.594536
2023-12-09,162,153.86694
2023-12-09,78,73.70794
2023-12-09,79,75.02853
2023-12-09,116,120.09749
2023-12-09,113,95.02376
2023-12-09,120,106.98734
2023-12-09,125,81.872536
2023-12-09,61,85.24938
2023-12-09,82,81.34194
2023-12-09,159,140.93446
2023-12-09,45,50.683475
2023-12-09,123,90.90811
2023-12-09,65,59.141983
2023-12-09,132,147.16635
2023-12-09,77,97.660774
2023-12-09,152,150.30858
2023-12-09,59,57.216366
2023-12-09,61,69.439255
2023-12-09,113,119.37541
2023-12-09,106,108.91041
2023-12-09,146,120.96935
2023-12-09,168,160.2503
2023-12-09,75,85.28199
2023-12-09,146,152.93405
2023-12-09,53,50.224987
2023-12-09,76,92.63653
2023-12-09,159,134.95073
2023-12-09,193,181.2985
2023-12-09,163,177.23767
2023-12-09,109,94.00236
2023-12-09,94,110.3595
2023-12-09,117,126.689156
2023-12-09,106,108.97479
2023-12-09,143,154.3296
2023-12-09,66,73.91998
2023-12-09,120,123.873024
2023-12-09,161,142.7102
2023-12-09,88,105.15016
2023-12-09,95,104.707085
2023-12-09,102,98.01087
2023-12-09,124,117.58582
2023-12-09,141,117.41134
2023-12-09,89,82.759895
2023-12-09,155,179.61813
2023-12-09,110,87.11354
2023-12-09,102,92.929565
2023-12-09,140,127.26752
2023-12-09,108,143.77283
2023-12-09,69,63.217983
2023-12-09,85,70.69232
2023-12-09,93,95.39169
2023-12-09,137,137.13287
2023-12-09,50,48.854923
2023-12-09,53,61.389946
2023-12-09,35,54.869556
2023-12-09,56,60.033684
2023-12-09,67,70.397
2023-12-09,106,153.96274
2023-12-09,101,118.226364
2023-12-09,82,76.377045
2023-12-09,93,103.66041
2023-12-09,160,141.50531
2023-12-09,104,93.729836
2023-12-09,96,109.49951
2023-12-09,198,184.6826
2023-12-09,63,63.738995
2023-12-09,123,116.624374
2023-12-09,250,232.23619
2023-12-09,124,132.95343
2023-12-09,81,88.268265
2023-12-09,127,123.07917
2023-12-09,137,138.5503
2023-12-09,87,88.09405
2023-12-09,84,86.40784
2023-12-09,145,158.21602
2023-12-09,88,91.912346
2023-12-09,117,108.99397
2023-12-09,106,101.6585
2023-12-09,6,40.86449
2023-12-09,88,87.70562
2023-12-09,92,90.82012
2023-12-09,60,64.87692
2023-12-09,55,43.830578
2023-12-09,95,110.08195
2023-12-09,74,72.16957
2023-12-09,96,102.56283
2023-12-09,158,144.06985
2023-12-09,118,125.746796
2023-12-09,88,99.59723
2023-12-09,82,86.173454
2023-12-09,123,104.810715
2023-12-09,117,99.08624
2023-12-09,67,73.205284
2023-12-09,59,80.034424
2023-12-09,36,79.990486
2023-12-09,108,86.93327
2023-12-09,44,48.23988
2023-12-09,48,96.09996
2023-12-10,127,124.72384
2023-12-10,143,134.43765
2023-12-10,201,197.32484
2023-12-10,93,88.5716
2023-12-10,100,81.688644
2023-12-10,110,115.76286
2023-12-10,82,89.032234
2023-12-10,74,76.61179
2023-12-10,220,181.25235
2023-12-10,107,112.76728
2023-12-10,79,82.45727
2023-12-10,169,163.38971
2023-12-10,101,100.600006
2023-12-10,196,176.40042
2023-12-10,69,73.02196
2023-12-10,68,66.62398
2023-12-10,133,110.86083
2023-12-10,177,152.90517
2023-12-10,108,96.85522
2023-12-10,52,66.063614
2023-12-10,198,162.01228
2023-12-10,96,100.80811
2023-12-10,154,161.78415
2023-12-10,154,107.35015
2023-12-10,97,101.24131
2023-12-10,115,128.42096
2023-12-10,132,118.648346
2023-12-10,106,109.41604
2023-12-10,92,85.23212
2023-12-10,188,210.60986
2023-12-10,124,131.8756
2023-12-10,128,141.74124
2023-12-10,68,82.438126
2023-12-10,135,144.87712
2023-12-10,70,67.44076
2023-12-10,105,110.63582
2023-12-10,113,103.574234
2023-12-10,130,109.20636
2023-12-10,120,127.85243
2023-12-10,48,60.258736
2023-12-10,105,100.887436
2023-12-10,125,111.31296
2023-12-10,134,159.0977
2023-12-10,71,65.3494
2023-12-10,99,96.26148
2023-12-10,110,108.303535
2023-12-10,174,159.77762
2023-12-10,114,103.00614
2023-12-10,165,143.02986
2023-12-10,146,175.25937
2023-12-10,67,106.553925
2023-12-10,73,80.74992
2023-12-10,149,129.39731
2023-12-10,142,156.2693
2023-12-10,93,90.36808
2023-12-10,97,102.04338
2023-12-10,74,63.533226
2023-12-10,104,101.80202
2023-12-10,107,95.664154
2023-12-10,60,74.36077
2023-12-10,75,76.08001
2023-12-10,128,109.02737
2023-12-10,44,59.70176
2023-12-10,125,108.80226
2023-12-10,104,90.872635
2023-12-10,145,139.55887
2023-12-10,139,134.793
2023-12-10,57,61.711803
2023-12-10,137,136.37447
2023-12-10,139,138.1004
2023-12-10,75,86.85019
2023-12-10,88,92.098495
2023-12-10,79,74.20887
2023-12-10,66,63.235294
2023-12-10,53,49.93427
2023-12-10,71,68.0949
2023-12-10,77,65.32681
2023-12-10,91,90.52657
2023-12-10,121,108.09677
2023-12-10,22,46.955902
2023-12-10,206,183.00966
2023-12-10,101,92.31124
2023-12-10,95,98.783104
2023-12-10,68,63.67839
2023-12-10,51,60.10305
2023-12-10,88,128.81424
2023-12-10,124,127.16131
2023-12-10,110,118.6357
2023-12-10,124,131.0731
2023-12-10,134,149.6377
2023-12-10,44,74.014465
2023-12-10,82,88.73794
2023-12-10,119,107.66433
2023-12-10,101,101.93141
2023-12-10,57,53.7622
2023-12-10,88,86.81224
2023-12-10,57,73.98556
2023-12-10,106,93.04799
2023-12-10,111,98.75247
2023-12-10,77,106.5946
2023-12-11,67,89.20101
2023-12-11,43,60.45075
2023-12-11,203,171.90608
2023-12-11,101,91.77565
2023-12-11,99,104.90745
2023-12-11,88,87.613464
2023-12-11,79,114.40545
2023-12-11,105,102.22039
2023-12-11,84,94.75082
2023-12-11,103,110.56227
2023-12-11,92,90.02753
2023-12-11,116,120.67853
2023-12-11,100,94.14183
2023-12-11,91,80.294266
2023-12-11,86,81.29772
2023-12-11,89,81.968346
2023-12-11,136,134.94592
2023-12-11,55,61.757145
2023-12-11,45,52.56909
2023-12-11,105,94.98258
2023-12-11,69,105.14636
2023-12-11,115,105.554115
2023-12-11,95,102.0647
2023-12-11,136,105.72156
2023-12-11,63,61.792023
2023-12-11,125,123.06926
2023-12-11,131,148.42418
2023-12-11,71,79.86299
2023-12-11,152,137.83354
2023-12-11,135,144.11569
2023-12-11,82,81.51879
2023-12-11,142,151.35907
2023-12-11,144,125.771774
2023-12-11,80,105.08279
2023-12-11,62,61.93208
2023-12-11,67,78.48019
2023-12-11,132,106.058784
2023-12-11,103,107.70764
2023-12-11,84,77.36163
2023-12-11,140,118.102196
2023-12-11,103,95.46801
2023-12-11,96,96.83387
2023-12-11,126,125.957146
2023-12-11,157,147.42087
2023-12-11,74,75.716545
2023-12-11,119,108.0607
2023-12-11,167,173.11711
2023-12-11,72,80.32492
2023-12-11,167,141.41351
2023-12-11,77,124.15363
2023-12-11,146,149.89682
2023-12-11,54,71.424614
2023-12-11,94,86.38251
2023-12-11,198,201.97447
2023-12-11,78,71.90409
2023-12-11,112,99.46735
2023-12-11,61,57.001743
2023-12-11,78,78.51994
2023-12-11,122,114.53471
2023-12-11,106,112.6621
2023-12-11,80,91.76159
2023-12-11,84,71.84775
2023-12-11,79,82.244896
2023-12-11,69,61.25531
2023-12-11,150,110.891
2023-12-11,63,73.03651
2023-12-11,89,103.88894
2023-12-11,48,52.29898
2023-12-11,192,168.31258
2023-12-11,59,70.63405
2023-12-11,113,108.1069
2023-12-11,89,110.5741
2023-12-11,128,117.26578
2023-12-11,82,92.257454
2023-12-11,30,40.07007
2023-12-11,70,67.97322
2023-12-11,36,42.666103
2023-12-11,98,103.10608
2023-12-11,87,88.197784
2023-12-11,107,105.44151
2023-12-11,121,120.017624
2023-12-11,77,77.67061
2023-12-11,85,124.15926
2023-12-11,140,137.75533
2023-12-11,58,55.189243
2023-12-11,85,80.191376
2023-12-11,46,106.615166
2023-12-11,35,53.9022
2023-12-11,68,70.96828
2023-12-11,52,100.4857
2023-12-11,112,120.910515
2023-12-11,140,130.24377
2023-12-11,134,122.117226
2023-12-11,119,126.46881
2023-12-11,50,52.646168
2023-12-11,78,64.1429
2023-12-11,69,76.219376
2023-12-11,74,88.61328
2023-12-11,94,86.54223
2023-12-11,67,71.67416
2023-12-12,161,158.88898
2023-12-12,130,136.524
2023-12-12,181,158.22946
2023-12-12,151,170.12059
2023-12-12,198,184.38939
2023-12-12,151,156.86353
2023-12-12,55,110.63825
2023-12-12,165,140.92886
2023-12-12,285,279.3246
2023-12-12,94,100.086266
2023-12-12,85,88.74292
2023-12-12,89,142.17361
2023-12-12,65,63.877193
2023-12-12,73,102.52566
2023-12-12,95,98.54147
2023-12-12,132,111.56488
2023-12-12,194,172.03214
2023-12-12,161,162.26941
2023-12-12,100,109.8537
2023-12-12,65,71.188576
2023-12-12,101,110.791115
2023-12-12,65,68.423096
2023-12-12,104,116.79572
2023-12-12,131,178.36484
2023-12-12,86,96.074875
2023-12-12,100,107.49874
2023-12-12,59,86.68338
2023-12-12,64,75.25902
2023-12-12,244,187.57909
2023-12-12,140,138.81656
2023-12-12,108,130.24562
2023-12-12,96,88.597435
2023-12-12,61,73.588425
2023-12-12,93,89.65353
2023-12-12,116,95.4243
2023-12-12,98,96.41914
2023-12-12,103,111.64262
2023-12-12,76,64.47902
2023-12-12,174,159.48546
2023-12-12,71,76.614525
2023-12-12,147,149.15404
2023-12-12,242,196.09213
2023-12-12,100,111.86199
2023-12-12,91,111.43768
2023-12-12,119,116.64163
2023-12-12,136,126.871605
2023-12-12,121,116.6749
2023-12-12,151,132.58542
2023-12-12,150,143.44821
2023-12-12,129,165.84761
2023-12-12,97,102.79219
2023-12-12,79,75.84371
2023-12-12,137,115.35509
2023-12-12,167,176.54729
2023-12-12,87,83.15993
2023-12-12,165,152.85522
2023-12-12,117,110.04672
2023-12-12,77,74.51195
2023-12-12,77,92.50165
2023-12-12,109,132.19012
2023-12-12,146,136.11827
2023-12-12,99,113.205696
2023-12-12,97,91.62313
2023-12-12,134,153.74673
2023-12-12,136,107.404854
2023-12-12,100,112.09219
2023-12-12,120,143.6971
2023-12-12,117,105.00212
2023-12-12,142,149.649
2023-12-12,96,118.790085
2023-12-12,93,100.92709
2023-12-12,138,143.28767
2023-12-12,157,125.816
2023-12-12,65,81.05359
2023-12-12,35,43.070316
2023-12-12,86,73.54959
2023-12-12,49,78.65536
2023-12-12,26,36.467167
2023-12-12,132,118.11592
2023-12-12,64,68.804504
2023-12-12,125,128.97002
2023-12-12,158,145.86528
2023-12-12,123,111.565216
2023-12-12,71,83.72376
2023-12-12,187,173.72131
2023-12-12,193,182.43777
2023-12-12,156,179.80621
2023-12-12,237,199.58524
2023-12-12,160,184.56662
2023-12-12,175,172.08553
2023-12-12,81,96.58848
2023-12-12,92,96.450035
2023-12-12,89,98.31997
2023-12-12,102,128.09258
2023-12-12,99,100.27525
2023-12-12,122,109.620605
2023-12-12,203,183.5886
2023-12-12,82,79.73523
2023-12-12,86,76.47591
2023-12-12,62,95.05979
2023-12-13,40,57.40711
2023-12-13,177,160.13281
2023-12-13,130,160.41333
2023-12-13,90,89.94785
2023-12-13,69,93.058044
2023-12-13,113,134.14355
2023-12-13,168,142.67935
2023-12-13,102,112.14801
2023-12-13,281,281.16968
2023-12-13,92,90.23028
2023-12-13,75,77.83761
2023-12-13,107,121.710724
2023-12-13,77,72.04646
2023-12-13,139,151.64012
2023-12-13,31,36.776226
2023-12-13,145,133.21484
2023-12-13,96,88.10427
2023-12-13,142,146.56578
2023-12-13,172,166.00494
2023-12-13,124,115.50876
2023-12-13,158,165.03044
2023-12-13,99,121.79725
2023-12-13,62,87.09766
2023-12-13,114,151.05408
2023-12-13,103,120.39512
2023-12-13,140,154.33867
2023-12-13,113,122.65647
2023-12-13,159,175.46802
2023-12-13,182,142.68437
2023-12-13,167,168.96696
2023-12-13,141,125.12005
2023-12-13,98,84.31642
2023-12-13,183,189.75842
2023-12-13,86,98.77788
2023-12-13,97,111.39825
2023-12-13,84,74.06178
2023-12-13,132,115.22239
2023-12-13,148,136.05852
2023-12-13,205,220.0846
2023-12-13,73,71.92895
2023-12-13,57,73.93239
2023-12-13,210,209.04399
2023-12-13,153,171.99641
2023-12-13,170,148.4517
2023-12-13,63,99.064644
2023-12-13,123,134.82358
2023-12-13,115,105.230995
2023-12-13,85,96.49505
2023-12-13,239,264.44067
2023-12-13,144,125.81118
2023-12-13,103,98.228096
2023-12-13,89,85.99507
2023-12-13,117,123.705475
2023-12-13,104,115.21457
2023-12-13,90,97.1201
2023-12-13,74,59.431805
2023-12-13,87,89.31297
2023-12-13,80,75.24656
2023-12-13,153,227.3047
2023-12-13,199,154.90019
2023-12-13,125,129.34097
2023-12-13,188,165.28122
2023-12-13,110,105.55976
2023-12-13,64,76.09402
2023-12-13,116,129.15775
2023-12-13,89,117.51098
2023-12-13,61,76.14656
2023-12-13,98,94.74321
2023-12-13,178,193.95932
2023-12-13,118,127.65499
2023-12-13,122,119.39148
2023-12-13,105,94.45776
2023-12-13,194,160.01314
2023-12-13,87,94.94702
2023-12-13,68,71.41685
2023-12-13,85,80.91405
2023-12-13,111,125.11571
2023-12-13,72,84.039444
2023-12-13,78,108.6773
2023-12-13,61,71.05777
2023-12-13,160,161.73384
2023-12-13,65,79.92941
2023-12-13,118,118.69853
2023-12-13,149,149.33351
2023-12-13,112,129.5936
2023-12-13,175,168.15791
2023-12-13,158,139.48198
2023-12-13,103,97.997635
2023-12-13,251,250.57217
2023-12-13,68,54.137524
2023-12-13,129,124.837364
2023-12-13,95,95.18492
2023-12-13,128,140.27654
2023-12-13,94,100.06592
2023-12-13,48,77.53882
2023-12-13,118,110.46909
2023-12-13,155,129.20624
2023-12-13,145,122.332794
2023-12-13,126,135.10353
2023-12-13,96,95.20257
2023-12-14,75,85.363075
2023-12-14,111,113.96064
2023-12-14,133,138.11954
2023-12-14,85,80.29508
2023-12-14,181,188.7286
2023-12-14,162,152.87495
2023-12-14,68,74.024185
2023-12-14,86,93.48298
2023-12-14,102,129.40137
2023-12-14,79,78.475784
2023-12-14,44,53.04829
2023-12-14,94,79.60143
2023-12-14,100,106.91455
2023-12-14,186,178.60931
2023-12-14,99,145.5475
2023-12-14,171,146.21745
2023-12-14,107,87.30683
2023-12-14,140,143.90778
2023-12-14,63,64.5599
2023-12-14,72,66.883415
2023-12-14,164,155.088
2023-12-14,168,151.3092
2023-12-14,102,101.735954
2023-12-14,110,103.89807
2023-12-14,184,169.33777
2023-12-14,203,178.14548
2023-12-14,38,53.53899
2023-12-14,215,186.33609
2023-12-14,193,189.03793
2023-12-14,149,145.83298
2023-12-14,123,128.0699
2023-12-14,130,112.80532
2023-12-14,73,66.50056
2023-12-14,129,130.37134
2023-12-14,118,130.74203
2023-12-14,86,90.411644
2023-12-14,65,67.94382
2023-12-14,175,129.08626
2023-12-14,43,67.60891
2023-12-14,76,74.28885
2023-12-14,74,89.13859
2023-12-14,79,79.271454
2023-12-14,146,142.02269
2023-12-14,127,103.73364
2023-12-14,115,110.99911
2023-12-14,65,70.50026
2023-12-14,109,96.54608
2023-12-14,166,163.26498
2023-12-14,130,103.620575
2023-12-14,79,94.24792
2023-12-14,138,138.2886
2023-12-14,82,83.72102
2023-12-14,102,137.26749
2023-12-14,124,127.68028
2023-12-14,73,100.00086
2023-12-14,86,84.38861
2023-12-14,88,86.41498
2023-12-14,58,65.30613
2023-12-14,112,114.26759
2023-12-14,118,79.07866
2023-12-14,99,91.284035
2023-12-14,143,116.62014
2023-12-14,106,100.78557
2023-12-14,116,119.90951
2023-12-14,96,94.77048
2023-12-14,95,106.202415
2023-12-14,138,124.25611
2023-12-14,111,110.45665
2023-12-14,93,108.211365
2023-12-14,106,101.72668
2023-12-14,62,55.813362
2023-12-14,97,99.32474
2023-12-14,186,160.75447
2023-12-14,92,94.85061
2023-12-14,96,101.686325
2023-12-14,47,47.87583
2023-12-14,173,146.33817
2023-12-14,82,97.43625
2023-12-14,131,123.75112
2023-12-14,47,61.503277
2023-12-14,72,69.52792
2023-12-14,165,140.30455
2023-12-14,36,43.81788
2023-12-14,198,171.90927
2023-12-14,129,122.94304
2023-12-14,131,130.05043
2023-12-14,46,60.070087
2023-12-14,182,180.31769
2023-12-14,124,107.20637
2023-12-14,201,165.24086
2023-12-14,92,94.841156
2023-12-14,56,57.75684
2023-12-14,175,193.41666
2023-12-14,142,148.57256
2023-12-14,121,157.21884
2023-12-14,159,130.45639
2023-12-14,144,119.46824
2023-12-14,175,185.01437
2023-12-14,63,79.201546
2023-12-14,85,82.480095
2023-12-15,69,69.75685
2023-12-15,188,153.72807
2023-12-15,71,70.83477
2023-12-15,104,94.467064
2023-12-15,136,150.71692
2023-12-15,157,147.37
2023-12-15,100,100.830475
2023-12-15,152,147.43082
2023-12-15,214,180.2601
2023-12-15,111,104.91708
2023-12-15,42,47.09185
2023-12-15,124,125.48167
2023-12-15,122,101.420616
2023-12-15,100,84.596
2023-12-15,49,60.27069
2023-12-15,49,33.265076
2023-12-15,111,100.01672
2023-12-15,128,131.24985
2023-12-15,84,67.13393
2023-12-15,64,59.597443
2023-12-15,182,180.4758
2023-12-15,147,118.855385
2023-12-15,91,76.092186
2023-12-15,116,99.981895
2023-12-15,147,153.3822
2023-12-15,255,214.62036
2023-12-15,105,104.570206
2023-12-15,211,201.14894
2023-12-15,130,110.66651
2023-12-15,94,94.775925
2023-12-15,135,131.56557
2023-12-15,110,96.32659
2023-12-15,173,166.00705
2023-12-15,97,103.160675
2023-12-15,83,101.52449
2023-12-15,182,159.80322
2023-12-15,129,122.89824
2023-12-15,213,154.96254
2023-12-15,129,118.066055
2023-12-15,76,72.32176
2023-12-15,137,120.6266
2023-12-15,118,114.03641
2023-12-15,50,32.796402
2023-12-15,143,119.075195
2023-12-15,110,126.44135
2023-12-15,97,104.5857
2023-12-15,164,157.40623
2023-12-15,192,193.48727
2023-12-15,97,85.385254
2023-12-15,51,66.21562
2023-12-15,104,92.61938
2023-12-15,113,111.3213
2023-12-15,105,111.56369
2023-12-15,97,110.72169
2023-12-15,49,87.14676
2023-12-15,123,114.45768
2023-12-15,91,82.9231
2023-12-15,45,45.03422
2023-12-15,54,51.18608
2023-12-15,172,136.43665
2023-12-15,203,173.1881
2023-12-15,155,128.55527
2023-12-15,145,118.70383
2023-12-15,88,73.88127
2023-12-15,179,171.57881
2023-12-15,50,65.52095
2023-12-15,15,39.112896
2023-12-15,50,64.06651
2023-12-15,74,81.079155
2023-12-15,129,100.34634
2023-12-15,108,102.216064
2023-12-15,108,108.97153
2023-12-15,117,99.05776
2023-12-15,41,44.794636
2023-12-15,50,57.313824
2023-12-15,62,59.37951
2023-12-15,209,170.27
2023-12-15,51,54.372776
2023-12-15,120,103.14815
2023-12-15,56,55.110138
2023-12-15,175,153.08255
2023-12-15,119,114.49303
2023-12-15,119,106.66297
2023-12-15,105,89.339645
2023-12-15,93,114.14387
2023-12-15,48,60.117218
2023-12-15,73,73.17183
2023-12-15,37,74.72348
2023-12-15,111,118.08777
2023-12-15,75,76.0927
2023-12-15,132,111.131195
2023-12-15,77,68.15672
2023-12-15,104,103.45224
2023-12-15,52,57.97689
2023-12-15,93,86.53408
2023-12-15,25,20.83887
2023-12-15,55,58.255806
2023-12-15,171,151.31993
2023-12-15,112,102.02631
2023-12-15,116,88.21717
2023-12-16,70,87.57243
2023-12-16,66,57.587337
2023-12-16,187,179.40907
2023-12-16,109,106.98932
2023-12-16,103,155.44136
2023-12-16,85,93.42725
2023-12-16,193,207.34618
2023-12-16,99,112.10213
2023-12-16,177,150.8748
2023-12-16,42,39.018253
2023-12-16,66,73.36703
2023-12-16,112,120.66833
2023-12-16,65,71.737175
2023-12-16,140,150.22612
2023-12-16,135,129.18088
2023-12-16,86,81.780754
2023-12-16,130,168.59575
2023-12-16,34,61.993526
2023-12-16,41,45.223686
2023-12-16,123,115.00914
2023-12-16,83,83.632645
2023-12-16,108,98.922295
2023-12-16,145,138.9152
2023-12-16,141,146.49953
2023-12-16,82,106.766525
2023-12-16,36,24.029377
2023-12-16,105,136.15096
2023-12-16,104,108.46133
2023-12-16,88,94.86715
2023-12-16,53,46.385563
2023-12-16,159,160.37776
2023-12-16,104,96.93692
2023-12-16,123,112.31702
2023-12-16,113,113.86363
2023-12-16,149,139.16336
2023-12-16,82,70.14936
2023-12-16,54,70.346565
2023-12-16,102,83.524704
2023-12-16,79,72.01612
2023-12-16,34,28.221031
2023-12-16,108,107.49705
2023-12-16,138,126.24026
2023-12-16,161,161.54826
2023-12-16,107,115.47275
2023-12-16,52,78.38365
2023-12-16,87,96.705635
2023-12-16,20,37.46034
2023-12-16,64,72.665115
2023-12-16,69,87.19377
2023-12-16,52,57.11713
2023-12-16,66,71.00703
2023-12-16,77,75.86236
2023-12-16,152,142.96202
2023-12-16,153,145.66164
2023-12-16,189,171.15666
2023-12-16,105,92.6855
2023-12-16,68,81.2046
2023-12-16,18,32.552364
2023-12-16,94,83.38033
2023-12-16,144,115.543205
2023-12-16,137,137.35944
2023-12-16,194,162.8451
2023-12-16,115,102.9288
2023-12-16,175,165.36586
2023-12-16,76,114.48225
2023-12-16,129,134.79886
2023-12-16,220,211.51308
2023-12-16,51,67.368385
2023-12-16,77,77.31361
2023-12-16,159,138.83801
2023-12-16,101,100.96114
2023-12-16,64,95.51576
2023-12-16,4,0.5214468
2023-12-16,177,163.0171
2023-12-16,119,118.04738
2023-12-16,96,101.28249
2023-12-16,68,95.5476
2023-12-16,104,104.01794
2023-12-16,138,126.286766
2023-12-16,86,75.709114
2023-12-16,87,100.43255
2023-12-16,177,138.94229
2023-12-16,135,133.0443
2023-12-16,122,128.97258
2023-12-16,148,152.3318
2023-12-16,122,130.63525
2023-12-16,111,151.86137
2023-12-16,159,145.45735
2023-12-16,83,90.54765
2023-12-16,56,78.730156
2023-12-16,130,117.565834
2023-12-16,53,66.09391
2023-12-16,35,51.78092
2023-12-16,36,40.38904
2023-12-16,137,117.24028
2023-12-16,154,124.99058
2023-12-16,114,164.51532
2023-12-16,121,127.9922
2023-12-16,95,88.18396
2023-12-16,149,117.75179
2023-12-17,36,51.537704
2023-12-17,107,97.23593
2023-12-17,114,110.80745
2023-12-17,85,99.75447
2023-12-17,158,196.14098
2023-12-17,102,118.28722
2023-12-17,174,165.43477
2023-12-17,106,111.270424
2023-12-17,92,115.62832
2023-12-17,105,112.39852
2023-12-17,93,98.55765
2023-12-17,170,162.84201
2023-12-17,146,141.43402
2023-12-17,104,107.03951
2023-12-17,71,104.67434
2023-12-17,135,134.34224
2023-12-17,114,129.52682
2023-12-17,94,103.225075
2023-12-17,64,71.87155
2023-12-17,75,61.645622
2023-12-17,53,60.60494
2023-12-17,122,100.57339
2023-12-17,66,81.16832
2023-12-17,146,129.4791
2023-12-17,84,95.39623
2023-12-17,148,140.28517
2023-12-17,100,113.06318
2023-12-17,105,103.53198
2023-12-17,127,107.600525
2023-12-17,150,131.26395
2023-12-17,79,75.45293
2023-12-17,122,128.20337
2023-12-17,92,95.160126
2023-12-17,86,89.65528
2023-12-17,127,123.09048
2023-12-17,102,108.576675
2023-12-17,101,93.091
2023-12-17,74,66.82541
2023-12-17,119,121.164154
2023-12-17,51,55.546368
2023-12-17,53,63.583393
2023-12-17,154,140.4877
2023-12-17,118,117.1789
2023-12-17,122,131.5961
2023-12-17,123,130.5788
2023-12-17,138,143.65523
2023-12-17,106,139.5623
2023-12-17,104,92.87396
2023-12-17,172,169.42694
2023-12-17,106,130.8819
2023-12-17,144,164.51253
2023-12-17,122,113.919685
2023-12-17,152,140.10358
2023-12-17,108,113.47088
2023-12-17,184,173.06696
2023-12-17,99,96.65408
2023-12-17,74,75.91157
2023-12-17,67,74.003105
2023-12-17,127,143.79407
2023-12-17,142,114.26517
2023-12-17,53,69.9485
2023-12-17,143,104.55148
2023-12-17,76,83.72832
2023-12-17,133,140.05862
2023-12-17,206,199.43465
2023-12-17,61,45.496853
2023-12-17,110,125.43744
2023-12-17,121,122.56158
2023-12-17,121,122.28872
2023-12-17,162,146.229
2023-12-17,175,154.46474
2023-12-17,144,158.98715
2023-12-17,176,152.80475
2023-12-17,43,58.453766
2023-12-17,66,85.1855
2023-12-17,73,74.06443
2023-12-17,100,121.94402
2023-12-17,118,113.906815
2023-12-17,153,147.6497
2023-12-17,44,56.086456
2023-12-17,59,62.37545
2023-12-17,140,124.985306
2023-12-17,142,137.41702
2023-12-17,34,45.85684
2023-12-17,116,151.93036
2023-12-17,151,150.19269
2023-12-17,126,144.74356
2023-12-17,122,113.26108
2023-12-17,179,173.47437
2023-12-17,131,122.287186
2023-12-17,41,70.62593
2023-12-17,121,121.88575
2023-12-17,208,196.46739
2023-12-17,71,84.83581
2023-12-17,87,120.13066
2023-12-17,111,102.07915
2023-12-17,100,126.14935
2023-12-17,47,56.92067
2023-12-17,135,135.47847
2023-12-17,93,93.8634
2023-12-18,109,93.48722
2023-12-18,170,147.79346
2023-12-18,176,187.35071
2023-12-18,155,140.41649
2023-12-18,138,125.85053
2023-12-18,130,137.3138
2023-12-18,115,95.63219
2023-12-18,47,67.119606
2023-12-18,136,176.84665
2023-12-18,68,85.18747
2023-12-18,85,81.32346
2023-12-18,170,153.64273
2023-12-18,83,83.00323
2023-12-18,115,127.43584
2023-12-18,114,118.18441
2023-12-18,129,120.45488
2023-12-18,65,57.615593
2023-12-18,76,88.70884
2023-12-18,95,103.686676
2023-12-18,67,70.91627
2023-12-18,138,144.54286
2023-12-18,139,131.06366
2023-12-18,154,135.61885
2023-12-18,92,89.07721
2023-12-18,137,164.22101
2023-12-18,214,227.89551
2023-12-18,173,140.2171
2023-12-18,119,137.50499
2023-12-18,194,211.57191
2023-12-18,143,170.06778
2023-12-18,205,191.10304
2023-12-18,106,104.68157
2023-12-18,207,182.24881
2023-12-18,102,110.56483
2023-12-18,162,159.61505
2023-12-18,101,102.239136
2023-12-18,93,71.94926
2023-12-18,78,111.08347
2023-12-18,153,169.79202
2023-12-18,129,118.41485
2023-12-18,68,62.65137
2023-12-18,184,176.10344
2023-12-18,144,144.8854
2023-12-18,114,125.37373
2023-12-18,68,80.42907
2023-12-18,94,108.64316
2023-12-18,141,117.47154
2023-12-18,106,122.70549
2023-12-18,152,194.59807
2023-12-18,100,139.05562
2023-12-18,121,128.09117
2023-12-18,55,67.29321
2023-12-18,106,137.9118
2023-12-18,99,90.305145
2023-12-18,124,139.46909
2023-12-18,221,216.72093
2023-12-18,82,83.29899
2023-12-18,114,120.03649
2023-12-18,19,49.171642
2023-12-18,295,243.45563
2023-12-18,110,92.557434
2023-12-18,44,33.240696
2023-12-18,72,75.72322
2023-12-18,130,110.648415
2023-12-18,111,115.1192
2023-12-18,105,139.44856
2023-12-18,154,137.40387
2023-12-18,93,87.95201
2023-12-18,112,153.98
2023-12-18,167,165.07329
2023-12-18,82,69.35332
2023-12-18,96,106.56666
2023-12-18,131,129.67296
2023-12-18,49,49.320946
2023-12-18,85,80.7416
2023-12-18,76,69.302246
2023-12-18,75,72.41409
2023-12-18,86,78.14501
2023-12-18,114,134.51953
2023-12-18,97,89.561676
2023-12-18,94,102.93794
2023-12-18,130,117.15814
2023-12-18,151,139.05913
2023-12-18,109,86.27622
2023-12-18,98,111.42848
2023-12-18,123,160.84917
2023-12-18,172,150.208
2023-12-18,180,169.76758
2023-12-18,262,247.59128
2023-12-18,104,135.03827
2023-12-18,101,98.336296
2023-12-18,86,87.00368
2023-12-18,134,123.332184
2023-12-18,56,56.708523
2023-12-18,100,133.58467
2023-12-18,115,101.25283
2023-12-18,78,89.992645
2023-12-18,77,91.94702
2023-12-18,85,106.06815
2023-12-18,157,138.90932
2023-12-19,118,109.69187
2023-12-19,133,124.592445
2023-12-19,129,157.93153
2023-12-19,110,95.317345
2023-12-19,159,141.96683
2023-12-19,84,113.873
2023-12-19,250,230.03093
2023-12-19,89,79.414795
2023-12-19,214,207.43506
2023-12-19,85,107.118645
2023-12-19,92,89.43369
2023-12-19,239,215.37457
2023-12-19,143,133.27846
2023-12-19,148,145.8777
2023-12-19,150,125.68252
2023-12-19,110,149.6245
2023-12-19,122,98.81485
2023-12-19,134,149.8727
2023-12-19,108,104.578476
2023-12-19,96,92.905
2023-12-19,67,70.62458
2023-12-19,115,108.548515
2023-12-19,116,150.76349
2023-12-19,54,75.77008
2023-12-19,101,102.42169
2023-12-19,121,145.5107
2023-12-19,75,77.29044
2023-12-19,73,86.065796
2023-12-19,83,118.27663
2023-12-19,162,149.07773
2023-12-19,130,118.10118
2023-12-19,119,121.02684
2023-12-19,125,98.77723
2023-12-19,133,126.097435
2023-12-19,78,88.4516
2023-12-19,118,122.10282
2023-12-19,56,42.9267
2023-12-19,102,99.11476
2023-12-19,81,96.06229
2023-12-19,47,63.22303
2023-12-19,112,108.34943
2023-12-19,107,106.74612
2023-12-19,119,127.75156
2023-12-19,148,113.06829
2023-12-19,110,106.789635
2023-12-19,55,69.96988
2023-12-19,53,50.052826
2023-12-19,135,118.97579
2023-12-19,106,125.41601
2023-12-19,38,77.432014
2023-12-19,124,124.53645
2023-12-19,79,83.53715
2023-12-19,116,115.8025
2023-12-19,168,152.64027
2023-12-19,92,84.484085
2023-12-19,65,69.606964
2023-12-19,59,61.437874
2023-12-19,120,104.84015
2023-12-19,93,132.55165
2023-12-19,119,128.11432
2023-12-19,144,147.48395
2023-12-19,195,155.21596
2023-12-19,142,159.69373
2023-12-19,102,105.31939
2023-12-19,167,149.25337
2023-12-19,128,124.175095
2023-12-19,124,127.05072
2023-12-19,112,106.620766
2023-12-19,113,120.14465
2023-12-19,82,105.31651
2023-12-19,133,139.39993
2023-12-19,137,135.42513
2023-12-19,77,76.18009
2023-12-19,53,60.477577
2023-12-19,100,99.2456
2023-12-19,58,74.58458
2023-12-19,134,134.40779
2023-12-19,26,29.042332
2023-12-19,90,97.37832
2023-12-19,65,66.77605
2023-12-19,58,55.81197
2023-12-19,92,111.03271
2023-12-19,72,103.80958
2023-12-19,134,117.70196
2023-12-19,109,125.19443
2023-12-19,97,113.20604
2023-12-19,144,118.74873
2023-12-19,139,123.81319
2023-12-19,151,160.26189
2023-12-19,179,173.62576
2023-12-19,166,169.02121
2023-12-19,94,97.66429
2023-12-19,199,172.7038
2023-12-19,68,64.35835
2023-12-19,178,156.23943
2023-12-19,185,167.98036
2023-12-19,138,148.49289
2023-12-19,82,78.68392
2023-12-19,86,97.89107
2023-12-19,91,89.215
2023-12-20,104,95.7885
2023-12-20,206,187.47188
2023-12-20,179,161.9874
2023-12-20,64,68.523766
2023-12-20,80,95.89368
2023-12-20,78,80.75268
2023-12-20,65,48.567688
2023-12-20,141,134.00534
2023-12-20,174,150.57901
2023-12-20,110,112.899994
2023-12-20,71,75.00227
2023-12-20,98,97.21415
2023-12-20,128,122.206276
2023-12-20,133,121.55735
2023-12-20,35,44.437477
2023-12-20,68,65.18314
2023-12-20,137,139.56273
2023-12-20,92,99.1043
2023-12-20,62,59.151962
2023-12-20,79,77.60721
2023-12-20,140,117.62688
2023-12-20,130,124.69
2023-12-20,118,119.015976
2023-12-20,93,82.99537
2023-12-20,122,115.03762
2023-12-20,107,95.272385
2023-12-20,57,101.421776
2023-12-20,68,88.046455
2023-12-20,124,125.68982
2023-12-20,178,169.97318
2023-12-20,119,131.83127
2023-12-20,108,108.47241
2023-12-20,150,150.4118
2023-12-20,99,94.36844
2023-12-20,64,52.32466
2023-12-20,95,91.39859
2023-12-20,129,122.54739
2023-12-20,152,129.91194
2023-12-20,43,65.760826
2023-12-20,87,81.97591
2023-12-20,117,108.17689
2023-12-20,167,143.54439
2023-12-20,108,111.54681
2023-12-20,87,99.24132
2023-12-20,55,89.902855
2023-12-20,132,115.18775
2023-12-20,71,107.12687
2023-12-20,224,199.79123
2023-12-20,113,112.7482
2023-12-20,224,188.5554
2023-12-20,141,144.77075
2023-12-20,49,59.919785
2023-12-20,15,34.337627
2023-12-20,171,148.63559
2023-12-20,138,126.29721
2023-12-20,54,56.88323
2023-12-20,130,132.50536
2023-12-20,117,118.48516
2023-12-20,65,58.030506
2023-12-20,95,104.69709
2023-12-20,99,94.480675
2023-12-20,238,175.95096
2023-12-20,92,96.68608
2023-12-20,89,88.22455
2023-12-20,105,131.41733
2023-12-20,141,123.24841
2023-12-20,70,105.3923
2023-12-20,105,106.350975
2023-12-20,88,81.94413
2023-12-20,120,109.662575
2023-12-20,77,82.44962
2023-12-20,80,98.61959
2023-12-20,148,146.075
2023-12-20,71,63.72055
2023-12-20,89,89.29202
2023-12-20,33,45.76931
2023-12-20,92,80.6259
2023-12-20,69,78.67002
2023-12-20,105,98.630806
2023-12-20,88,85.22761
2023-12-20,95,81.06823
2023-12-20,155,125.071106
2023-12-20,45,80.463875
2023-12-20,166,124.88553
2023-12-20,124,126.756905
2023-12-20,70,82.66553
2023-12-20,151,149.48206
2023-12-20,119,114.14547
2023-12-20,96,79.81843
2023-12-20,113,99.419754
2023-12-20,81,92.5068
2023-12-20,69,69.52198
2023-12-20,134,104.70951
2023-12-20,84,81.2526
2023-12-20,44,31.964266
2023-12-20,97,93.06783
2023-12-20,122,104.43175
2023-12-20,150,132.6431
2023-12-20,41,45.674656
2023-12-20,117,106.80271
2023-12-21,136,121.28425
2023-12-21,184,193.86377
2023-12-21,192,174.57921
2023-12-21,152,135.35306
2023-12-21,100,106.717064
2023-12-21,127,116.80491
2023-12-21,163,144.38914
2023-12-21,59,75.44607
2023-12-21,134,137.51808
2023-12-21,104,97.3592
2023-12-21,74,72.28058
2023-12-21,49,60.27783
2023-12-21,108,121.91902
2023-12-21,175,151.40805
2023-12-21,106,101.59648
2023-12-21,83,75.53937
2023-12-21,84,91.34666
2023-12-21,112,126.94483
2023-12-21,108,97.47407
2023-12-21,65,59.137714
2023-12-21,145,126.047874
2023-12-21,108,126.98578
2023-12-21,147,131.64856
2023-12-21,150,114.30441
2023-12-21,110,112.730225
2023-12-21,106,101.92198
2023-12-21,63,75.64793
2023-12-21,126,155.31027
2023-12-21,174,153.26242
2023-12-21,143,152.28271
2023-12-21,63,59.589725
2023-12-21,118,116.64052
2023-12-21,71,78.16879
2023-12-21,103,92.45467
2023-12-21,93,87.522865
2023-12-21,159,144.8649
2023-12-21,92,97.39791
2023-12-21,141,135.99185
2023-12-21,129,153.23021
2023-12-21,82,80.89291
2023-12-21,151,124.58251
2023-12-21,221,227.98856
2023-12-21,144,138.69893
2023-12-21,150,148.97173
2023-12-21,68,86.134514
2023-12-21,173,162.33766
2023-12-21,166,144.2751
2023-12-21,150,164.7479
2023-12-21,116,97.96565
2023-12-21,181,150.17369
2023-12-21,131,126.622215
2023-12-21,37,34.36438
2023-12-21,153,171.25116
2023-12-21,211,195.7916
2023-12-21,142,126.59449
2023-12-21,132,136.1818
2023-12-21,103,91.791145
2023-12-21,101,97.826355
2023-12-21,190,177.02954
2023-12-21,148,150.00783
2023-12-21,131,136.95802
2023-12-21,226,204.49033
2023-12-21,108,108.9751
2023-12-21,92,108.297516
2023-12-21,129,126.01576
2023-12-21,71,70.42284
2023-12-21,101,112.03501
2023-12-21,85,86.96922
2023-12-21,162,152.27623
2023-12-21,209,200.28543
2023-12-21,91,98.209114
2023-12-21,113,102.62144
2023-12-21,148,165.25513
2023-12-21,107,111.52117
2023-12-21,68,69.16974
2023-12-21,127,102.98351
2023-12-21,67,76.60313
2023-12-21,120,120.972725
2023-12-21,123,131.10782
2023-12-21,132,114.72931
2023-12-21,196,158.99742
2023-12-21,143,157.8868
2023-12-21,99,106.86524
2023-12-21,148,125.355385
2023-12-21,135,118.74847
2023-12-21,222,205.1242
2023-12-21,101,110.59086
2023-12-21,82,95.41853
2023-12-21,148,163.97906
2023-12-21,180,173.99062
2023-12-21,114,95.15851
2023-12-21,65,71.883156
2023-12-21,129,123.53678
2023-12-21,117,113.79177
2023-12-21,144,118.8928
2023-12-21,115,110.67888
2023-12-21,75,87.216965
2023-12-21,87,94.26436
2023-12-21,103,106.96645
2023-12-21,77,73.35714
2023-12-22,64,72.69233
2023-12-22,148,150.5146
2023-12-22,162,164.97981
2023-12-22,99,105.20819
2023-12-22,183,172.15614
2023-12-22,96,113.69192
2023-12-22,135,121.472565
2023-12-22,111,116.5269
2023-12-22,143,150.8533
2023-12-22,84,83.76337
2023-12-22,116,129.94514
2023-12-22,141,150.61684
2023-12-22,123,117.738235
2023-12-22,75,82.47993
2023-12-22,132,120.05128
2023-12-22,157,170.76443
2023-12-22,140,146.95042
2023-12-22,157,146.1978
2023-12-22,17,42.347385
2023-12-22,110,112.2966
2023-12-22,127,120.48116
2023-12-22,200,201.4357
2023-12-22,91,87.74435
2023-12-22,178,170.46103
2023-12-22,157,142.2742
2023-12-22,40,78.6845
2023-12-22,42,65.86811
2023-12-22,178,173.33847
2023-12-22,81,103.79142
2023-12-22,98,101.03266
2023-12-22,25,35.648373
2023-12-22,108,100.58157
2023-12-22,40,63.185623
2023-12-22,74,90.82898
2023-12-22,117,101.362656
2023-12-22,119,116.81778
2023-12-22,209,170.44092
2023-12-22,140,131.43495
2023-12-22,117,117.94432
2023-12-22,134,135.36343
2023-12-22,55,66.57801
2023-12-22,119,132.04529
2023-12-22,71,78.807526
2023-12-22,198,155.78926
2023-12-22,98,100.867424
2023-12-22,90,102.83293
2023-12-22,114,79.807175
2023-12-22,135,120.46819
2023-12-22,70,96.829506
2023-12-22,104,74.73779
2023-12-22,73,88.42974
2023-12-22,102,98.25602
2023-12-22,125,116.87247
2023-12-22,141,131.8493
2023-12-22,91,89.079346
2023-12-22,158,150.25096
2023-12-22,109,102.65991
2023-12-22,82,74.00319
2023-12-22,123,117.94581
2023-12-22,161,143.31052
2023-12-22,135,119.98848
2023-12-22,107,135.08037
2023-12-22,44,38.1774
2023-12-22,157,150.01836
2023-12-22,122,113.52632
2023-12-22,73,94.52471
2023-12-22,120,125.60455
2023-12-22,72,66.96481
2023-12-22,90,88.90208
2023-12-22,47,51.56889
2023-12-22,175,158.09271
2023-12-22,173,178.69693
2023-12-22,118,110.741165
2023-12-22,44,45.671238
2023-12-22,37,42.920853
2023-12-22,113,94.46522
2023-12-22,145,135.72148
2023-12-22,70,71.10305
2023-12-22,81,103.21226
2023-12-22,146,121.04634
2023-12-22,155,130.00659
2023-12-22,106,131.1738
2023-12-22,124,123.71594
2023-12-22,250,206.59375
2023-12-22,177,169.83849
2023-12-22,133,162.9647
2023-12-22,169,160.8816
2023-12-22,179,194.48329
2023-12-22,118,152.67763
2023-12-22,152,140.0132
2023-12-22,33,39.332405
2023-12-22,91,95.976295
2023-12-22,157,173.4175
2023-12-22,83,96.23928
2023-12-22,179,145.89572
2023-12-22,151,165.16266
2023-12-22,114,133.74791
2023-12-22,197,180.31572
2023-12-22,52,58.244762
2023-12-22,115,117.51314
2023-12-23,89,80.54247
2023-12-23,131,151.17574
2023-12-23,134,127.54598
2023-12-23,55,72.6193
2023-12-23,43,51.371506
2023-12-23,52,68.830246
2023-12-23,92,90.629074
2023-12-23,174,160.84105
2023-12-23,98,105.27216
2023-12-23,60,53.82093
2023-12-23,58,65.85247
2023-12-23,83,88.77438
2023-12-23,54,86.479195
2023-12-23,133,121.55788
2023-12-23,122,104.095894
2023-12-23,173,171.33566
2023-12-23,82,91.768394
2023-12-23,181,166.18687
2023-12-23,98,99.30322
2023-12-23,94,96.56677
2023-12-23,77,91.86613
2023-12-23,155,154.52304
2023-12-23,144,138.31123
2023-12-23,135,145.27284
2023-12-23,99,96.58991
2023-12-23,94,101.426445
2023-12-23,133,124.487656
2023-12-23,127,160.20853
2023-12-23,160,143.78384
2023-12-23,95,102.678986
2023-12-23,98,113.23013
2023-12-23,89,92.15628
2023-12-23,138,160.01477
2023-12-23,96,101.17493
2023-12-23,61,63.64235
2023-12-23,128,145.2891
2023-12-23,118,114.25987
2023-12-23,159,147.08727
2023-12-23,143,130.02568
2023-12-23,110,101.18824
2023-12-23,115,98.850044
2023-12-23,74,98.27906
2023-12-23,100,96.692825
2023-12-23,130,130.85522
2023-12-23,84,99.71856
2023-12-23,57,59.970005
2023-12-23,109,111.03395
2023-12-23,159,172.62708
2023-12-23,126,113.03151
2023-12-23,84,96.02649
2023-12-23,111,116.401924
2023-12-23,81,81.84732
2023-12-23,141,130.80054
2023-12-23,220,201.03882
2023-12-23,75,80.677864
2023-12-23,105,112.4102
2023-12-23,91,78.201
2023-12-23,102,101.469284
2023-12-23,196,171.52913
2023-12-23,223,220.39355
2023-12-23,108,102.68552
2023-12-23,116,131.49258
2023-12-23,56,64.00165
2023-12-23,86,77.23253
2023-12-23,88,106.23862
2023-12-23,130,118.16278
2023-12-23,128,134.6937
2023-12-23,71,85.61374
2023-12-23,45,60.10487
2023-12-23,103,98.98078
2023-12-23,108,95.09724
2023-12-23,123,130.21878
2023-12-23,182,154.3716
2023-12-23,89,90.13882
2023-12-23,74,75.06775
2023-12-23,88,86.93089
2023-12-23,136,123.60074
2023-12-23,59,65.054726
2023-12-23,160,138.86702
2023-12-23,35,45.076572
2023-12-23,118,114.36662
2023-12-23,133,140.38821
2023-12-23,104,93.02519
2023-12-23,93,95.65577
2023-12-23,107,108.34455
2023-12-23,119,109.926895
2023-12-23,130,135.57932
2023-12-23,158,159.28961
2023-12-23,115,109.55252
2023-12-23,104,94.11647
2023-12-23,106,116.682434
2023-12-23,96,89.88801
2023-12-23,133,125.28472
2023-12-23,40,42.90239
2023-12-23,144,107.453804
2023-12-23,131,139.24602
2023-12-23,129,125.61309
2023-12-23,130,106.879585
2023-12-23,80,85.245026
2023-12-23,129,150.8629
2023-12-24,147,141.08267
2023-12-24,127,166.34613
2023-12-24,135,130.39946
2023-12-24,213,205.79013
2023-12-24,113,136.17526
2023-12-24,72,66.96517
2023-12-24,220,254.07344
2023-12-24,190,136.55548
2023-12-24,113,101.460014
2023-12-24,81,71.41002
2023-12-24,75,74.689
2023-12-24,140,138.08263
2023-12-24,161,147.47305
2023-12-24,120,141.95894
2023-12-24,91,85.169754
2023-12-24,126,142.35071
2023-12-24,154,128.70805
2023-12-24,132,153.36928
2023-12-24,76,81.45083
2023-12-24,61,68.20857
2023-12-24,108,121.35485
2023-12-24,142,163.23051
2023-12-24,69,76.61602
2023-12-24,205,161.4615
2023-12-24,139,133.53363
2023-12-24,90,83.326584
2023-12-24,126,129.47676
2023-12-24,146,152.90512
2023-12-24,85,93.71343
2023-12-24,99,98.28267
2023-12-24,124,125.13088
2023-12-24,79,80.65301
2023-12-24,111,114.372765
2023-12-24,130,146.86456
2023-12-24,80,86.06238
2023-12-24,150,137.61186
2023-12-24,51,55.076054
2023-12-24,45,75.016525
2023-12-24,87,111.89767
2023-12-24,82,82.7297
2023-12-24,163,146.7492
2023-12-24,138,146.88625
2023-12-24,111,105.88556
2023-12-24,176,151.79445
2023-12-24,87,81.89302
2023-12-24,127,117.13908
2023-12-24,199,198.51746
2023-12-24,133,155.73691
2023-12-24,125,117.511284
2023-12-24,207,170.01495
2023-12-24,65,65.952736
2023-12-24,53,56.560837
2023-12-24,157,133.55164
2023-12-24,130,148.17249
2023-12-24,167,150.45909
2023-12-24,82,83.3549
2023-12-24,87,78.224945
2023-12-24,54,68.6851
2023-12-24,83,80.98289
2023-12-24,147,150.60808
2023-12-24,193,159.73788
2023-12-24,126,135.3854
2023-12-24,88,83.32308
2023-12-24,90,110.167244
2023-12-24,84,67.62563
2023-12-24,122,105.209366
2023-12-24,221,201.08423
2023-12-24,35,49.376316
2023-12-24,89,86.57662
2023-12-24,202,175.57846
2023-12-24,110,96.52459
2023-12-24,51,55.37586
2023-12-24,130,106.483864
2023-12-24,149,138.43715
2023-12-24,77,80.82093
2023-12-24,41,51.707756
2023-12-24,162,151.64691
2023-12-24,92,94.978806
2023-12-24,107,103.35203
2023-12-24,49,49.66829
2023-12-24,206,212.05923
2023-12-24,114,133.86195
2023-12-24,73,75.06763
2023-12-24,252,196.96753
2023-12-24,114,117.5086
2023-12-24,177,165.22313
2023-12-24,162,183.43765
2023-12-24,127,138.90663
2023-12-24,117,126.615326
2023-12-24,199,188.45943
2023-12-24,63,59.1959
2023-12-24,62,64.65399
2023-12-24,115,101.15669
2023-12-24,136,143.34187
2023-12-24,86,90.10056
2023-12-24,62,86.19349
2023-12-24,105,114.33666
2023-12-24,174,166.88112
2023-12-24,88,93.56205
2023-12-24,84,85.8058
2023-12-25,72,103.178535
2023-12-25,64,86.08296
2023-12-25,100,110.14491
2023-12-25,119,133.8043
2023-12-25,59,55.449436
2023-12-25,107,98.196625
2023-12-25,102,114.358315
2023-12-25,46,38.60709
2023-12-25,85,97.81639
2023-12-25,82,94.99212
2023-12-25,59,58.566456
2023-12-25,112,106.966866
2023-12-25,115,101.411865
2023-12-25,77,78.470375
2023-12-25,104,93.08966
2023-12-25,63,62.96016
2023-12-25,86,100.8632
2023-12-25,52,54.18795
2023-12-25,74,76.34665
2023-12-25,89,78.7095
2023-12-25,203,187.87064
2023-12-25,78,103.87742
2023-12-25,95,93.01056
2023-12-25,112,136.51505
2023-12-25,91,71.59707
2023-12-25,142,127.56009
2023-12-25,92,108.30452
2023-12-25,122,120.06506
2023-12-25,110,110.46026
2023-12-25,102,144.24738
2023-12-25,42,35.873753
2023-12-25,32,49.88971
2023-12-25,87,82.33038
2023-12-25,54,76.40556
2023-12-25,133,122.26647
2023-12-25,132,105.6027
2023-12-25,97,126.52601
2023-12-25,129,113.417656
2023-12-25,126,113.86261
2023-12-25,110,106.35623
2023-12-25,103,108.654076
2023-12-25,26,62.750107
2023-12-25,82,84.62624
2023-12-25,134,142.96083
2023-12-25,93,86.067314
2023-12-25,75,65.39919
2023-12-25,130,116.64283
2023-12-25,103,92.49003
2023-12-25,60,69.21484
2023-12-25,4,57.421223
2023-12-25,131,114.70312
2023-12-25,76,71.47656
2023-12-25,129,114.32095
2023-12-25,70,83.86325
2023-12-25,91,82.62868
2023-12-25,34,44.943886
2023-12-25,65,67.322556
2023-12-25,55,64.336945
2023-12-25,115,103.40806
2023-12-25,111,90.95545
2023-12-25,155,176.58673
2023-12-25,128,141.69226
2023-12-25,75,74.43788
2023-12-25,209,207.36884
2023-12-25,162,151.45345
2023-12-25,94,82.798256
2023-12-25,58,56.719437
2023-12-25,59,52.73637
2023-12-25,140,144.32062
2023-12-25,148,151.43942
2023-12-25,115,107.86871
2023-12-25,160,159.90239
2023-12-25,83,95.62712
2023-12-25,72,73.20121
2023-12-25,120,115.80438
2023-12-25,74,68.643196
2023-12-25,101,110.426735
2023-12-25,113,105.69377
2023-12-25,218,147.7083
2023-12-25,77,77.2687
2023-12-25,166,165.91705
2023-12-25,92,98.97394
2023-12-25,56,61.746304
2023-12-25,113,126.38129
2023-12-25,71,67.10692
2023-12-25,177,127.26866
2023-12-25,42,69.061844
2023-12-25,71,59.03542
2023-12-25,66,75.05336
2023-12-25,190,157.65639
2023-12-25,121,107.2852
2023-12-25,67,68.17737
2023-12-25,103,95.79516
2023-12-25,77,75.23949
2023-12-25,190,162.68999
2023-12-25,96,88.97936
2023-12-25,107,110.182556
2023-12-25,101,88.42064
2023-12-25,66,64.09446
2023-12-25,95,77.97635
2023-12-26,132,154.93573
2023-12-26,154,126.7203
2023-12-26,91,85.51572
2023-12-26,107,109.921776
2023-12-26,129,113.0906
2023-12-26,38,51.676163
2023-12-26,126,106.47512
2023-12-26,142,130.62164
2023-12-26,189,176.78232
2023-12-26,73,69.47711
2023-12-26,71,75.52704
2023-12-26,109,110.75013
2023-12-26,75,68.111496
2023-12-26,109,102.80899
2023-12-26,104,91.24382
2023-12-26,114,133.82938
2023-12-26,114,88.47933
2023-12-26,120,109.35961
2023-12-26,58,56.816708
2023-12-26,74,79.40485
2023-12-26,119,107.43673
2023-12-26,75,87.11046
2023-12-26,50,61.87917
2023-12-26,99,120.389206
2023-12-26,63,74.808846
2023-12-26,97,89.026085
2023-12-26,76,74.56609
2023-12-26,223,210.47156
2023-12-26,249,200.01654
2023-12-26,109,126.301445
2023-12-26,192,183.82507
2023-12-26,76,108.016655
2023-12-26,100,89.83501
2023-12-26,168,145.64479
2023-12-26,82,96.76808
2023-12-26,154,151.33388
2023-12-26,144,133.91176
2023-12-26,125,108.892235
2023-12-26,120,111.9491
2023-12-26,130,109.913414
2023-12-26,175,182.10973
2023-12-26,48,57.079502
2023-12-26,123,127.96336
2023-12-26,160,173.66212
2023-12-26,163,147.33643
2023-12-26,102,113.074776
2023-12-26,91,89.68024
2023-12-26,112,131.1488
2023-12-26,203,174.65823
2023-12-26,172,165.92189
2023-12-26,122,112.21834
2023-12-26,113,118.34566
2023-12-26,55,48.659275
2023-12-26,63,68.69249
2023-12-26,105,112.598274
2023-12-26,246,225.92033
2023-12-26,67,68.4919
2023-12-26,103,109.52493
2023-12-26,126,118.45445
2023-12-26,119,120.118706
2023-12-26,191,194.38493
2023-12-26,85,89.98228
2023-12-26,85,86.512665
2023-12-26,111,120.1212
2023-12-26,157,134.77606
2023-12-26,91,95.79536
2023-12-26,153,151.03671
2023-12-26,106,106.33783
2023-12-26,111,99.72238
2023-12-26,165,166.68365
2023-12-26,153,132.606
2023-12-26,141,134.89507
2023-12-26,96,106.35425
2023-12-26,41,51.273808
2023-12-26,79,83.255905
2023-12-26,100,100.02625
2023-12-26,167,156.10643
2023-12-26,104,98.90308
2023-12-26,138,107.7072
2023-12-26,52,58.939053
2023-12-26,140,152.3479
2023-12-26,92,94.77024
2023-12-26,95,76.15771
2023-12-26,116,117.20696
2023-12-26,118,113.46343
2023-12-26,157,126.37396
2023-12-26,49,62.071785
2023-12-26,210,183.2765
2023-12-26,86,104.35713
2023-12-26,111,111.30672
2023-12-26,134,123.165215
2023-12-26,85,90.92695
2023-12-26,145,140.45807
2023-12-26,73,76.87361
2023-12-26,103,113.07163
2023-12-26,159,134.56886
2023-12-26,70,75.47626
2023-12-26,68,64.21082
2023-12-26,66,62.122223
2023-12-26,93,78.85843
2023-12-27,51,71.80261
2023-12-27,96,116.7604
2023-12-27,128,121.89799
2023-12-27,36,43.51819
2023-12-27,57,59.19828
2023-12-27,41,31.089458
2023-12-27,15,15.98142
2023-12-27,56,70.41101
2023-12-27,99,131.4364
2023-12-27,45,47.55821
2023-12-27,19,33.90099
2023-12-27,50,57.39461
2023-12-27,44,33.19271
2023-12-27,45,45.268387
2023-12-27,58,43.089165
2023-12-27,51,61.18938
2023-12-27,18,16.873564
2023-12-27,62,60.6453
2023-12-27,47,33.537888
2023-12-27,45,37.185356
2023-12-27,72,113.33166
2023-12-27,58,52.601
2023-12-27,74,63.23655
2023-12-27,79,90.31086
2023-12-27,54,57.642765
2023-12-27,139,128.50957
2023-12-27,20,33.351788
2023-12-27,97,91.49966
2023-12-27,105,88.71742
2023-12-27,167,153.80539
2023-12-27,108,81.27268
2023-12-27,47,49.74818
2023-12-27,80,80.223076
2023-12-27,58,50.010044
2023-12-27,221,197.82526
2023-12-27,130,139.26436
2023-12-27,39,32.42858
2023-12-27,136,114.35414
2023-12-27,243,213.99922
2023-12-27,34,28.604433
2023-12-27,11,26.199759
2023-12-27,157,134.14456
2023-12-27,68,41.97546
2023-12-27,48,31.93534
2023-12-27,17,26.490124
2023-12-27,5,12.6737385
2023-12-27,74,66.104416
2023-12-27,53,79.57263
2023-12-27,39,58.509644
2023-12-27,96,99.00055
2023-12-27,37,68.080284
2023-12-27,30,30.66996
2023-12-27,85,99.93738
2023-12-27,66,68.50991
2023-12-27,122,132.11148
2023-12-27,74,73.52606
2023-12-27,52,51.837173
2023-12-27,49,39.01416
2023-12-27,91,98.85466
2023-12-27,155,163.49066
2023-12-27,85,89.97704
2023-12-27,103,102.26469
2023-12-27,55,52.639847
2023-12-27,65,52.510605
2023-12-27,116,105.509895
2023-12-27,43,54.998287
2023-12-27,105,96.30531
2023-12-27,42,34.166218
2023-12-27,131,132.43277
2023-12-27,133,104.346275
2023-12-27,95,97.70535
2023-12-27,65,55.639748
2023-12-27,86,86.07694
2023-12-27,17,22.675697
2023-12-27,51,48.14142
2023-12-27,27,27.958443
2023-12-27,165,145.23688
2023-12-27,28,32.630688
2023-12-27,156,148.33542
2023-12-27,28,23.093267
2023-12-27,114,105.71664
2023-12-27,38,42.320038
2023-12-27,44,36.30762
2023-12-27,73,81.82477
2023-12-27,60,61.865707
2023-12-27,77,76.31249
2023-12-27,91,92.29221
2023-12-27,84,90.41649
2023-12-27,102,134.31041
2023-12-27,112,92.352
2023-12-27,70,72.258896
2023-12-27,44,44.91495
2023-12-27,47,24.048166
2023-12-27,16,24.769127
2023-12-27,84,79.18442
2023-12-27,18,40.80347
2023-12-27,25,20.96826
2023-12-27,60,59.04666
2023-12-27,32,38.936913
2023-12-27,40,28.411655
2023-12-28,73,82.19744
2023-12-28,150,191.54042
2023-12-28,183,166.47704
2023-12-28,63,57.95081
2023-12-28,93,85.06106
2023-12-28,35,35.052094
2023-12-28,90,81.5432
2023-12-28,34,32.414825
2023-12-28,85,102.97383
2023-12-28,29,50.79329
2023-12-28,66,51.956566
2023-12-28,111,114.67594
2023-12-28,30,62.559948
2023-12-28,73,85.70564
2023-12-28,32,42.127617
2023-12-28,99,87.64114
2023-12-28,63,93.69539
2023-12-28,121,123.374084
2023-12-28,28,33.667145
2023-12-28,26,29.442078
2023-12-28,116,142.39989
2023-12-28,29,72.01386
2023-12-28,69,98.30133
2023-12-28,58,55.035126
2023-12-28,72,76.46337
2023-12-28,81,89.66923
2023-12-28,19,15.104904
2023-12-28,105,90.37822
2023-12-28,66,60.665085
2023-12-28,83,93.75746
2023-12-28,82,83.134964
2023-12-28,51,51.013363
2023-12-28,64,70.286194
2023-12-28,11,23.708693
2023-12-28,106,79.27583
2023-12-28,116,107.91761
2023-12-28,26,46.2117
2023-12-28,119,129.7544
2023-12-28,96,81.59692
2023-12-28,33,34.155205
2023-12-28,41,44.38593
2023-12-28,88,101.36092
2023-12-28,76,94.60083
2023-12-28,86,86.88302
2023-12-28,21,19.537964
2023-12-28,30,24.909336
2023-12-28,86,78.41921
2023-12-28,77,85.55413
2023-12-28,59,66.99492
2023-12-28,123,119.71688
2023-12-28,64,68.37404
2023-12-28,43,39.51047
2023-12-28,92,115.96808
2023-12-28,79,74.90676
2023-12-28,78,112.32596
2023-12-28,39,42.72282
2023-12-28,36,56.154663
2023-12-28,40,33.20985
2023-12-28,88,115.930916
2023-12-28,172,125.38491
2023-12-28,90,87.93547
2023-12-28,91,109.38098
2023-12-28,28,36.327908
2023-12-28,82,69.57355
2023-12-28,193,175.35838
2023-12-28,55,68.92325
2023-12-28,55,59.119278
2023-12-28,52,38.875893
2023-12-28,103,107.4978
2023-12-28,60,63.308254
2023-12-28,59,62.74007
2023-12-28,44,48.31658
2023-12-28,48,56.542137
2023-12-28,37,37.358562
2023-12-28,47,54.29835
2023-12-28,27,29.024158
2023-12-28,128,121.1096
2023-12-28,27,35.67903
2023-12-28,145,114.3148
2023-12-28,23,25.622515
2023-12-28,84,76.55496
2023-12-28,75,68.50674
2023-12-28,27,52.00658
2023-12-28,140,139.80678
2023-12-28,46,64.61622
2023-12-28,112,107.62705
2023-12-28,65,69.14503
2023-12-28,66,54.095173
2023-12-28,92,101.96971
2023-12-28,69,90.78793
2023-12-28,50,40.33847
2023-12-28,41,38.619137
2023-12-28,49,73.1305
2023-12-28,29,35.080254
2023-12-28,106,155.48593
2023-12-28,8,11.572417
2023-12-28,12,38.296406
2023-12-28,193,183.79575
2023-12-28,16,29.257898
2023-12-28,28,13.459825
2023-12-29,90,68.21525
2023-12-29,253,224.00137
2023-12-29,153,134.49469
2023-12-29,39,52.780308
2023-12-29,56,65.86345
2023-12-29,13,24.687273
2023-12-29,91,91.517494
2023-12-29,64,60.877037
2023-12-29,137,134.8872
2023-12-29,20,34.42636
2023-12-29,59,51.612114
2023-12-29,86,73.47641
2023-12-29,28,20.251808
2023-12-29,127,126.17332
2023-12-29,41,49.93275
2023-12-29,86,60.77562
2023-12-29,34,16.763893
2023-12-29,73,84.401535
2023-12-29,28,28.686508
2023-12-29,37,32.288517
2023-12-29,63,47.131138
2023-12-29,33,73.18906
2023-12-29,89,88.630646
2023-12-29,73,126.94764
2023-12-29,71,81.94508
2023-12-29,76,73.12946
2023-12-29,16,25.161558
2023-12-29,115,103.893616
2023-12-29,128,123.8181
2023-12-29,116,105.05181
2023-12-29,84,79.854294
2023-12-29,46,44.713345
2023-12-29,124,110.32615
2023-12-29,57,47.455418
2023-12-29,153,156.17252
2023-12-29,114,109.124176
2023-12-29,22,16.88814
2023-12-29,126,140.79128
2023-12-29,149,144.29779
2023-12-29,44,40.460903
2023-12-29,30,22.602345
2023-12-29,69,89.044235
2023-12-29,82,68.96735
2023-12-29,57,66.18824
2023-12-29,29,37.431206
2023-12-29,33,27.923306
2023-12-29,76,63.000076
2023-12-29,103,102.99378
2023-12-29,92,91.50485
2023-12-29,66,60.68345
2023-12-29,96,84.87584
2023-12-29,29,21.60539
2023-12-29,45,43.888153
2023-12-29,69,62.477962
2023-12-29,94,102.226
2023-12-29,63,65.76566
2023-12-29,43,35.224304
2023-12-29,30,45.30258
2023-12-29,69,51.63777
2023-12-29,122,103.47529
2023-12-29,70,49.612385
2023-12-29,46,65.55533
2023-12-29,20,24.291962
2023-12-29,56,60.790276
2023-12-29,82,102.41879
2023-12-29,63,55.69768
2023-12-29,26,29.774391
2023-12-29,22,28.078503
2023-12-29,107,115.37749
2023-12-29,34,38.592937
2023-12-29,189,148.31949
2023-12-29,37,41.49421
2023-12-29,94,82.66642
2023-12-29,29,28.066704
2023-12-29,26,26.605268
2023-12-29,40,22.573748
2023-12-29,108,101.41376
2023-12-29,32,31.854336
2023-12-29,98,75.438126
2023-12-29,44,39.61192
2023-12-29,63,59.0429
2023-12-29,38,56.36117
2023-12-29,18,17.139301
2023-12-29,37,67.953674
2023-12-29,87,109.591705
2023-12-29,55,46.590725
2023-12-29,86,72.574234
2023-12-29,113,118.98966
2023-12-29,110,117.920425
2023-12-29,51,49.773525
2023-12-29,4,24.99007
2023-12-29,51,45.529472
2023-12-29,92,96.57313
2023-12-29,34,38.869072
2023-12-29,91,85.498116
2023-12-29,11,16.630646
2023-12-29,25,30.580883
2023-12-29,194,173.51903
2023-12-29,37,36.00859
2023-12-29,10,15.401631
2023-12-30,54,48.153454
2023-12-30,97,80.8499
2023-12-30,80,91.84342
2023-12-30,42,41.255524
2023-12-30,76,76.767715
2023-12-30,21,19.150393
2023-12-30,69,58.774364
2023-12-30,26,39.136253
2023-12-30,89,113.091576
2023-12-30,23,25.837065
2023-12-30,28,31.448217
2023-12-30,28,39.988815
2023-12-30,13,18.814838
2023-12-30,75,87.18416
2023-12-30,38,21.796106
2023-12-30,56,68.36993
2023-12-30,24,20.80819
2023-12-30,56,56.672073
2023-12-30,49,41.36162
2023-12-30,15,24.190199
2023-12-30,58,57.34787
2023-12-30,41,36.939762
2023-12-30,14,25.163496
2023-12-30,90,91.39569
2023-12-30,47,43.09332
2023-12-30,157,158.75734
2023-12-30,9,5.1900096
2023-12-30,76,77.76576
2023-12-30,74,77.85647
2023-12-30,74,70.43271
2023-12-30,65,63.841644
2023-12-30,50,46.828224
2023-12-30,50,43.70969
2023-12-30,29,36.04168
2023-12-30,125,118.27618
2023-12-30,125,136.76701
2023-12-30,22,16.106297
2023-12-30,136,123.11728
2023-12-30,97,100.4179
2023-12-30,50,37.24774
2023-12-30,47,39.70642
2023-12-30,101,99.51659
2023-12-30,59,55.035667
2023-12-30,72,60.30439
2023-12-30,28,31.110556
2023-12-30,26,22.64877
2023-12-30,59,55.663
2023-12-30,128,127.37028
2023-12-30,76,68.06987
2023-12-30,86,86.32047
2023-12-30,18,20.127874
2023-12-30,44,41.74639
2023-12-30,72,60.05108
2023-12-30,86,88.54224
2023-12-30,118,117.38719
2023-12-30,40,42.540302
2023-12-30,10,20.741476
2023-12-30,42,36.4653
2023-12-30,53,48.8935
2023-12-30,204,161.25021
2023-12-30,80,64.38478
2023-12-30,69,59.560738
2023-12-30,34,32.230953
2023-12-30,116,122.13085
2023-12-30,134,117.418396
2023-12-30,89,83.73617
2023-12-30,105,93.39531
2023-12-30,38,37.438545
2023-12-30,40,54.016506
2023-12-30,145,130.21599
2023-12-30,102,95.87544
2023-12-30,56,50.642414
2023-12-30,62,57.57559
2023-12-30,36,34.922104
2023-12-30,27,29.26071
2023-12-30,51,38.776466
2023-12-30,191,185.94284
2023-12-30,25,25.553417
2023-12-30,147,138.9245
2023-12-30,50,42.216976
2023-12-30,37,47.00952
2023-12-30,44,40.681705
2023-12-30,21,26.921267
2023-12-30,51,54.968086
2023-12-30,33,46.34688
2023-12-30,49,45.109394
2023-12-30,62,78.63061
2023-12-30,54,58.326435
2023-12-30,49,71.95167
2023-12-30,35,48.00404
2023-12-30,40,30.930172
2023-12-30,15,20.906647
2023-12-30,36,38.147457
2023-12-30,33,34.25301
2023-12-30,65,57.95759
2023-12-30,35,25.980003
2023-12-30,27,19.034441
2023-12-30,138,144.46802
2023-12-30,50,41.35258
2023-12-30,35,26.823795
2023-12-31,60,58.49824
2023-12-31,141,155.32043
2023-12-31,4,22.036861
2023-12-31,48,56.923317
2023-12-31,38,32.33475
2023-12-31,44,51.249382
2023-12-31,81,72.959175
2023-12-31,52,33.54212
2023-12-31,146,160.9611
2023-12-31,58,49.239254
2023-12-31,25,31.029966
2023-12-31,43,50.853104
2023-12-31,42,25.058352
2023-12-31,78,82.97381
2023-12-31,63,44.149555
2023-12-31,68,79.98275
2023-12-31,34,34.998665
2023-12-31,55,55.406937
2023-12-31,47,38.921932
2023-12-31,27,26.933899
2023-12-31,137,136.35257
2023-12-31,39,28.54603
2023-12-31,34,58.626114
2023-12-31,69,66.2082
2023-12-31,44,54.839417
2023-12-31,121,128.58635
2023-12-31,30,32.373413
2023-12-31,47,37.633007
2023-12-31,35,50.6363
2023-12-31,94,90.13314
2023-12-31,75,72.33814
2023-12-31,30,31.856663
2023-12-31,39,59.368732
2023-12-31,80,68.2119
2023-12-31,165,143.923
2023-12-31,62,65.64977
2023-12-31,27,30.648287
2023-12-31,48,58.72921
2023-12-31,109,123.85067
2023-12-31,26,27.525267
2023-12-31,11,3.4492378
2023-12-31,53,50.97522
2023-12-31,66,66.235825
2023-12-31,67,75.15185
2023-12-31,17,21.07575
2023-12-31,49,42.241413
2023-12-31,25,39.666344
2023-12-31,178,184.84389
2023-12-31,68,59.8733
2023-12-31,95,83.777405
2023-12-31,31,44.08397
2023-12-31,37,31.420849
2023-12-31,105,111.49498
2023-12-31,73,66.2771
2023-12-31,75,96.11963
2023-12-31,99,84.4414
2023-12-31,51,42.351265
2023-12-31,15,26.525778
2023-12-31,135,126.521095
2023-12-31,106,99.11803
2023-12-31,82,83.528076
2023-12-31,50,60.49794
2023-12-31,6,18.431019
2023-12-31,59,52.62881
2023-12-31,71,76.13855
2023-12-31,56,57.585793
2023-12-31,116,121.945755
2023-12-31,30,27.160172
2023-12-31,143,145.9264
2023-12-31,31,40.1791
2023-12-31,120,112.24653
2023-12-31,49,45.801746
2023-12-31,47,65.09849
2023-12-31,27,27.671219
2023-12-31,25,27.781464
2023-12-31,44,42.649204
2023-12-31,143,132.20863
2023-12-31,40,36.36323
2023-12-31,137,120.52035
2023-12-31,47,35.028095
2023-12-31,82,60.841663
2023-12-31,66,51.270233
2023-12-31,49,34.983692
2023-12-31,101,89.31898
2023-12-31,59,62.08655
2023-12-31,43,51.713173
2023-12-31,69,76.514595
2023-12-31,101,95.40756
2023-12-31,65,75.578514
2023-12-31,44,49.79251
2023-12-31,42,39.42417
2023-12-31,32,28.750282
2023-12-31,89,101.89324
2023-12-31,59,46.047752
2023-12-31,64,63.605515
2023-12-31,25,22.15249
2023-12-31,14,15.081044
2023-12-31,197,178.22908
2023-12-31,37,33.20612
2023-12-31,18,22.820292
2024-01-01,62,57.089123
2024-01-01,105,110.65325
2024-01-01,104,115.30245
2024-01-01,19,25.160212
2024-01-01,54,62.103428
2024-01-01,16,16.486563
2024-01-01,98,73.768265
2024-01-01,27,26.579184
2024-01-01,76,73.2512
2024-01-01,64,48.31385
2024-01-01,31,26.59976
2024-01-01,15,23.739061
2024-01-01,21,20.66607
2024-01-01,53,43.713768
2024-01-01,12,16.856373
2024-01-01,79,78.660995
2024-01-01,13,9.903217
2024-01-01,101,83.384514
2024-01-01,6,20.321228
2024-01-01,25,24.56954
2024-01-01,51,51.411278
2024-01-01,48,30.238733
2024-01-01,91,71.042015
2024-01-01,75,62.264442
2024-01-01,55,61.977493
2024-01-01,83,70.46746
2024-01-01,36,34.991207
2024-01-01,52,47.96737
2024-01-01,89,96.059975
2024-01-01,90,98.3247
2024-01-01,129,118.75923
2024-01-01,31,35.623325
2024-01-01,99,77.023056
2024-01-01,61,66.60962
2024-01-01,121,130.74043
2024-01-01,134,128.4514
2024-01-01,13,3.4414124
2024-01-01,138,135.24792
2024-01-01,151,157.0488
2024-01-01,55,48.247192
2024-01-01,31,29.548006
2024-01-01,115,120.739075
2024-01-01,62,58.675617
2024-01-01,59,39.603836
2024-01-01,26,16.432297
2024-01-01,57,31.275774
2024-01-01,78,75.0681
2024-01-01,38,52.46467
2024-01-01,86,86.751434
2024-01-01,94,87.10394
2024-01-01,53,51.759125
2024-01-01,23,23.265495
2024-01-01,67,62.485264
2024-01-01,115,115.363434
2024-01-01,58,63.2383
2024-01-01,49,48.989853
2024-01-01,16,24.548744
2024-01-01,26,31.020948
2024-01-01,99,92.81174
2024-01-01,56,64.20168
2024-01-01,31,41.11619
2024-01-01,115,100.21419
2024-01-01,24,34.038036
2024-01-01,101,78.88916
2024-01-01,141,137.24606
2024-01-01,129,113.63445
2024-01-01,42,59.34489
2024-01-01,49,38.870678
2024-01-01,121,135.23244
2024-01-01,153,157.9438
2024-01-01,110,97.86225
2024-01-01,74,65.67091
2024-01-01,116,98.8411
2024-01-01,64,55.10008
2024-01-01,53,43.377544
2024-01-01,30,28.793411
2024-01-01,119,110.011925
2024-01-01,71,47.560974
2024-01-01,161,160.3788
2024-01-01,66,51.396793
2024-01-01,106,81.59186
2024-01-01,57,56.071785
2024-01-01,19,11.052958
2024-01-01,67,49.447598
2024-01-01,110,87.57176
2024-01-01,74,56.811073
2024-01-01,116,114.141464
2024-01-01,28,34.813656
2024-01-01,90,73.70349
2024-01-01,100,73.845955
2024-01-01,40,41.758385
2024-01-01,19,25.539238
2024-01-01,38,49.458046
2024-01-01,62,49.55019
2024-01-01,164,146.91048
2024-01-01,22,10.878341
2024-01-01,33,30.629625
2024-01-01,172,148.7364
2024-01-01,40,41.531128
2024-01-01,16,17.443096
2024-01-02,31,37.077396
2024-01-02,172,171.15317
2024-01-02,126,113.26715
2024-01-02,46,43.478127
2024-01-02,126,97.97394
2024-01-02,79,50.363045
2024-01-02,83,104.46765
2024-01-02,41,42.73462
2024-01-02,213,199.52068
2024-01-02,34,34.916862
2024-01-02,39,35.111214
2024-01-02,50,43.40739
2024-01-02,16,8.852957
2024-01-02,104,94.10515
2024-01-02,18,29.570433
2024-01-02,65,51.355988
2024-01-02,31,19.959805
2024-01-02,97,88.248695
2024-01-02,30,21.543108
2024-01-02,38,32.02446
2024-01-02,75,60.5455
2024-01-02,52,42.036865
2024-01-02,127,98.527756
2024-01-02,94,76.687584
2024-01-02,54,49.739788
2024-01-02,201,201.14447
2024-01-02,32,31.346214
2024-01-02,58,42.44885
2024-01-02,116,96.740036
2024-01-02,93,99.626076
2024-01-02,77,90.06084
2024-01-02,76,52.2438
2024-01-02,63,73.70825
2024-01-02,43,51.188366
2024-01-02,185,194.23958
2024-01-02,127,118.57165
2024-01-02,17,6.14581
2024-01-02,205,181.14253
2024-01-02,127,130.81349
2024-01-02,44,29.966703
2024-01-02,42,22.833265
2024-01-02,68,78.0285
2024-01-02,34,37.41826
2024-01-02,112,86.21993
2024-01-02,19,12.869666
2024-01-02,41,32.90429
2024-01-02,80,92.714455
2024-01-02,120,138.58447
2024-01-02,59,44.946644
2024-01-02,52,86.94528
2024-01-02,57,61.309628
2024-01-02,28,20.933748
2024-01-02,82,85.67462
2024-01-02,128,129.05055
2024-01-02,18,59.561985
2024-01-02,65,59.890553
2024-01-02,27,27.3948
2024-01-02,21,30.453384
2024-01-02,29,26.87825
2024-01-02,122,116.577805
2024-01-02,101,73.53818
2024-01-02,94,98.24952
2024-01-02,58,44.96225
2024-01-02,33,35.40595
2024-01-02,204,176.46376
2024-01-02,63,53.616596
2024-01-02,46,70.56222
2024-01-02,18,22.526253
2024-01-02,166,160.02827
2024-01-02,89,80.964676
2024-01-02,108,120.07632
2024-01-02,67,59.958
2024-01-02,105,99.08976
2024-01-02,15,24.925308
2024-01-02,21,21.851383
2024-01-02,51,41.167732
2024-01-02,123,132.66872
2024-01-02,34,36.410973
2024-01-02,59,59.900627
2024-01-02,49,41.012703
2024-01-02,59,60.835968
2024-01-02,86,66.87756
2024-01-02,23,19.283236
2024-01-02,81,75.18279
2024-01-02,75,65.49449
2024-01-02,37,29.537764
2024-01-02,60,61.03466
2024-01-02,75,76.88147
2024-01-02,77,67.86891
2024-01-02,30,54.452736
2024-01-02,71,56.736053
2024-01-02,22,20.489346
2024-01-02,84,71.07393
2024-01-02,34,28.474148
2024-01-02,105,83.42519
2024-01-02,14,23.64456
2024-01-02,16,19.719757
2024-01-02,128,130.89282
2024-01-02,32,28.567131
2024-01-02,53,31.941216
2024-01-03,52,52.918777
2024-01-03,156,149.04277
2024-01-03,175,160.52107
2024-01-03,38,38.792057
2024-01-03,79,83.33989
2024-01-03,22,30.339962
2024-01-03,61,56.685318
2024-01-03,69,50.24712
2024-01-03,93,92.542725
2024-01-03,31,34.402325
2024-01-03,23,20.918976
2024-01-03,113,90.27259
2024-01-03,47,36.81987
2024-01-03,78,69.78032
2024-01-03,33,16.629786
2024-01-03,85,87.79489
2024-01-03,34,25.577114
2024-01-03,78,62.77745
2024-01-03,29,31.438612
2024-01-03,28,27.535946
2024-01-03,113,94.32009
2024-01-03,7,9.136471
2024-01-03,119,101.31774
2024-01-03,86,67.21064
2024-01-03,97,86.87699
2024-01-03,128,109.43863
2024-01-03,61,50.22747
2024-01-03,81,84.7421
2024-01-03,80,91.86258
2024-01-03,62,69.99754
2024-01-03,135,133.43156
2024-01-03,59,37.678654
2024-01-03,72,75.94111
2024-01-03,47,44.82356
2024-01-03,139,110.23965
2024-01-03,92,97.96208
2024-01-03,12,17.553614
2024-01-03,150,103.492325
2024-01-03,105,113.18831
2024-01-03,40,43.452206
2024-01-03,22,18.702394
2024-01-03,141,109.83482
2024-01-03,82,57.74145
2024-01-03,85,63.02372
2024-01-03,57,52.299274
2024-01-03,27,28.928171
2024-01-03,48,48.50983
2024-01-03,115,108.782776
2024-01-03,73,93.355644
2024-01-03,58,55.17365
2024-01-03,40,51.153637
2024-01-03,35,26.594685
2024-01-03,36,67.81628
2024-01-03,64,63.847885
2024-01-03,78,78.19637
2024-01-03,38,31.072588
2024-01-03,27,27.91751
2024-01-03,50,35.14781
2024-01-03,93,82.32494
2024-01-03,58,88.10788
2024-01-03,90,76.37683
2024-01-03,104,86.2173
2024-01-03,16,18.60403
2024-01-03,69,60.106213
2024-01-03,160,146.90236
2024-01-03,71,100.752335
2024-01-03,75,87.78207
2024-01-03,51,36.065956
2024-01-03,115,119.20035
2024-01-03,77,64.53668
2024-01-03,151,131.7909
2024-01-03,80,51.805912
2024-01-03,87,81.03493
2024-01-03,57,39.935474
2024-01-03,26,31.152916
2024-01-03,26,24.339643
2024-01-03,117,120.20412
2024-01-03,36,41.54751
2024-01-03,155,119.56601
2024-01-03,33,42.2215
2024-01-03,71,73.380264
2024-01-03,43,46.72968
2024-01-03,39,28.064758
2024-01-03,100,82.764015
2024-01-03,71,67.41082
2024-01-03,149,174.67603
2024-01-03,88,81.949776
2024-01-03,172,140.20947
2024-01-03,26,64.82195
2024-01-03,66,55.709003
2024-01-03,43,41.948948
2024-01-03,18,20.720064
2024-01-03,100,91.79312
2024-01-03,33,32.00313
2024-01-03,69,77.43931
2024-01-03,37,27.267452
2024-01-03,28,30.308216
2024-01-03,83,82.437386
2024-01-03,17,24.90566
2024-01-03,25,24.77968
2024-01-04,47,62.08142
2024-01-04,115,127.29423
2024-01-04,78,68.168564
2024-01-04,13,20.73613
2024-01-04,56,75.85899
2024-01-04,26,25.159443
2024-01-04,105,121.30044
2024-01-04,91,71.61302
2024-01-04,146,149.98868
2024-01-04,37,41.776367
2024-01-04,46,43.69028
2024-01-04,40,52.59096
2024-01-04,23,20.990591
2024-01-04,39,41.14496
2024-01-04,10,19.541342
2024-01-04,58,53.473213
2024-01-04,5,12.740109
2024-01-04,41,57.59478
2024-01-04,38,31.97186
2024-01-04,18,21.743013
2024-01-04,67,78.12652
2024-01-04,29,40.10154
2024-01-04,93,77.47737
2024-01-04,52,46.266254
2024-01-04,39,58.850964
2024-01-04,205,228.8397
2024-01-04,62,50.51683
2024-01-04,64,101.513504
2024-01-04,44,55.55637
2024-01-04,89,85.17637
2024-01-04,44,45.776203
2024-01-04,26,27.28168
2024-01-04,109,94.58969
2024-01-04,51,43.35448
2024-01-04,154,149.13686
2024-01-04,107,116.52251
2024-01-04,15,17.565699
2024-01-04,47,43.569305
2024-01-04,164,147.89632
2024-01-04,37,36.696228
2024-01-04,36,31.22821
2024-01-04,69,90.156906
2024-01-04,28,28.570766
2024-01-04,31,39.722958
2024-01-04,50,44.68415
2024-01-04,42,47.356636
2024-01-04,28,41.361473
2024-01-04,121,149.58665
2024-01-04,49,52.549793
2024-01-04,45,51.933372
2024-01-04,67,88.82052
2024-01-04,22,25.59529
2024-01-04,85,68.66465
2024-01-04,101,85.07971
2024-01-04,69,79.90268
2024-01-04,92,69.36507
2024-01-04,13,19.731663
2024-01-04,42,39.437885
2024-01-04,45,35.120613
2024-01-04,116,125.01943
2024-01-04,124,121.935555
2024-01-04,56,66.924065
2024-01-04,30,30.474785
2024-01-04,76,67.67914
2024-01-04,81,106.27246
2024-01-04,113,107.12342
2024-01-04,88,98.39826
2024-01-04,34,32.7738
2024-01-04,116,125.354614
2024-01-04,118,90.32408
2024-01-04,114,130.58247
2024-01-04,45,45.332985
2024-01-04,45,52.90162
2024-01-04,42,35.200314
2024-01-04,23,31.389698
2024-01-04,35,34.24953
2024-01-04,150,147.2618
2024-01-04,32,31.88948
2024-01-04,87,88.33589
2024-01-04,19,23.889355
2024-01-04,90,94.087616
2024-01-04,59,51.459465
2024-01-04,28,25.461006
2024-01-04,30,25.158644
2024-01-04,99,85.06201
2024-01-04,122,122.700165
2024-01-04,111,111.610054
2024-01-04,88,101.909164
2024-01-04,72,66.46862
2024-01-04,113,82.42138
2024-01-04,57,55.019493
2024-01-04,38,28.758692
2024-01-04,64,49.74355
2024-01-04,33,34.55066
2024-01-04,75,82.81788
2024-01-04,40,26.59701
2024-01-04,17,19.502216
2024-01-04,168,153.84364
2024-01-04,7,13.655965
2024-01-04,10,18.598274
2024-01-05,71,72.528854
2024-01-05,62,78.17635
2024-01-05,161,129.25934
2024-01-05,55,46.445084
2024-01-05,96,81.35557
2024-01-05,15,30.721025
2024-01-05,79,99.60168
2024-01-05,69,65.22565
2024-01-05,50,48.496723
2024-01-05,57,53.930798
2024-01-05,63,50.76374
2024-01-05,63,56.59394
2024-01-05,16,19.932297
2024-01-05,111,93.74869
2024-01-05,73,37.964897
2024-01-05,57,64.15162
2024-01-05,9,23.822458
2024-01-05,105,118.65589
2024-01-05,41,38.611206
2024-01-05,65,56.486153
2024-01-05,38,58.633545
2024-01-05,30,29.843246
2024-01-05,89,72.5353
2024-01-05,72,53.36893
2024-01-05,75,75.08015
2024-01-05,136,142.69418
2024-01-05,9,19.74643
2024-01-05,114,134.39354
2024-01-05,66,69.6938
2024-01-05,130,123.72519
2024-01-05,106,113.72933
2024-01-05,51,48.463127
2024-01-05,84,76.269135
2024-01-05,38,46.41015
2024-01-05,133,111.524
2024-01-05,117,123.76192
2024-01-05,17,21.364927
2024-01-05,99,116.17039
2024-01-05,130,142.80205
2024-01-05,33,27.215477
2024-01-05,34,50.86732
2024-01-05,60,66.83115
2024-01-05,56,53.99386
2024-01-05,96,78.08179
2024-01-05,30,15.408793
2024-01-05,26,28.998652
2024-01-05,64,77.24378
2024-01-05,212,218.14098
2024-01-05,69,58.79501
2024-01-05,193,168.39
2024-01-05,48,49.3612
2024-01-05,46,35.476765
2024-01-05,95,106.13449
2024-01-05,135,124.96903
2024-01-05,61,60.65235
2024-01-05,75,72.24604
2024-01-05,15,20.50872
2024-01-05,71,65.208
2024-01-05,94,76.9549
2024-01-05,248,199.24786
2024-01-05,39,59.67828
2024-01-05,54,56.72326
2024-01-05,73,56.363274
2024-01-05,74,62.46012
2024-01-05,128,134.21826
2024-01-05,33,53.164307
2024-01-05,50,73.95636
2024-01-05,37,34.332203
2024-01-05,188,177.91077
2024-01-05,123,138.3962
2024-01-05,206,187.3878
2024-01-05,65,58.29085
2024-01-05,114,93.161674
2024-01-05,43,45.274277
2024-01-05,23,27.2247
2024-01-05,29,33.453377
2024-01-05,193,175.10399
2024-01-05,36,50.581013
2024-01-05,121,111.53346
2024-01-05,38,36.650845
2024-01-05,110,120.26136
2024-01-05,82,61.582237
2024-01-05,27,21.534828
2024-01-05,116,77.576744
2024-01-05,69,71.5283
2024-01-05,80,90.891426
2024-01-05,70,78.04018
2024-01-05,81,89.611725
2024-01-05,62,59.201138
2024-01-05,47,57.018085
2024-01-05,74,81.785
2024-01-05,49,41.078106
2024-01-05,92,86.93785
2024-01-05,52,49.655537
2024-01-05,103,71.86066
2024-01-05,14,11.827988
2024-01-05,18,25.646618
2024-01-05,217,237.12177
2024-01-05,25,25.15309
2024-01-05,39,36.063877
2024-01-06,52,48.619835
2024-01-06,157,139.21117
2024-01-06,188,186.44261
2024-01-06,19,33.40946
2024-01-06,145,112.18619
2024-01-06,24,20.861536
2024-01-06,55,53.12378
2024-01-06,34,36.86127
2024-01-06,132,142.13448
2024-01-06,24,24.342785
2024-01-06,35,39.43687
2024-01-06,122,96.82926
2024-01-06,34,39.48415
2024-01-06,65,61.168274
2024-01-06,46,27.614908
2024-01-06,88,82.72932
2024-01-06,11,27.539268
2024-01-06,70,68.98262
2024-01-06,28,36.855965
2024-01-06,25,25.689552
2024-01-06,104,94.84306
2024-01-06,38,36.06924
2024-01-06,94,113.092255
2024-01-06,32,30.966253
2024-01-06,42,49.44059
2024-01-06,102,92.72796
2024-01-06,67,44.401386
2024-01-06,68,75.59503
2024-01-06,92,104.30828
2024-01-06,81,100.38881
2024-01-06,99,98.84612
2024-01-06,75,58.333626
2024-01-06,80,89.916405
2024-01-06,49,47.327805
2024-01-06,31,50.087276
2024-01-06,129,123.36125
2024-01-06,26,35.285007
2024-01-06,180,160.9146
2024-01-06,88,114.3195
2024-01-06,49,55.681244
2024-01-06,95,51.39525
2024-01-06,83,68.38716
2024-01-06,93,88.998886
2024-01-06,110,87.43134
2024-01-06,38,42.16066
2024-01-06,7,18.11739
2024-01-06,92,73.02717
2024-01-06,189,184.23128
2024-01-06,57,64.64433
2024-01-06,75,56.948795
2024-01-06,108,116.964584
2024-01-06,35,27.242752
2024-01-06,90,90.19012
2024-01-06,62,84.8521
2024-01-06,41,49.465538
2024-01-06,64,64.88967
2024-01-06,34,30.023447
2024-01-06,45,43.98695
2024-01-06,84,73.07028
2024-01-06,98,108.58901
2024-01-06,80,71.56825
2024-01-06,50,52.31206
2024-01-06,32,39.8883
2024-01-06,82,74.070404
2024-01-06,113,133.62395
2024-01-06,103,92.793335
2024-01-06,72,78.359924
2024-01-06,28,25.937222
2024-01-06,195,186.84813
2024-01-06,76,98.11811
2024-01-06,209,197.0098
2024-01-06,49,51.445797
2024-01-06,67,75.3536
2024-01-06,51,49.212543
2024-01-06,42,37.094757
2024-01-06,35,37.8759
2024-01-06,102,114.276184
2024-01-06,24,33.684895
2024-01-06,139,162.2848
2024-01-06,49,59.378593
2024-01-06,58,43.729744
2024-01-06,42,44.26232
2024-01-06,71,50.76153
2024-01-06,81,78.752655
2024-01-06,45,72.99586
2024-01-06,90,78.28752
2024-01-06,80,61.495846
2024-01-06,87,96.06669
2024-01-06,100,100.61221
2024-01-06,124,110.11083
2024-01-06,30,60.537693
2024-01-06,46,34.796936
2024-01-06,77,82.157684
2024-01-06,28,28.50222
2024-01-06,71,54.1371
2024-01-06,30,25.29402
2024-01-06,8,23.374435
2024-01-06,155,139.3736
2024-01-06,42,46.65639
2024-01-06,59,67.294556
2024-01-07,71,67.91069
2024-01-07,132,137.93553
2024-01-07,108,130.53816
2024-01-07,49,48.149902
2024-01-07,56,50.934242
2024-01-07,48,41.142513
2024-01-07,46,55.737247
2024-01-07,56,54.083324
2024-01-07,153,155.74586
2024-01-07,43,37.41392
2024-01-07,18,28.277784
2024-01-07,108,82.12741
2024-01-07,28,19.986094
2024-01-07,109,100.31505
2024-01-07,10,11.447679
2024-01-07,112,107.27249
2024-01-07,18,7.6374564
2024-01-07,56,62.41249
2024-01-07,36,29.157772
2024-01-07,15,19.922674
2024-01-07,61,71.2437
2024-01-07,25,17.125446
2024-01-07,72,79.84838
2024-01-07,105,86.974724
2024-01-07,57,51.29204
2024-01-07,103,120.24757
2024-01-07,49,37.511066
2024-01-07,104,103.95159
2024-01-07,120,113.661896
2024-01-07,189,162.82335
2024-01-07,99,97.29054
2024-01-07,18,42.630917
2024-01-07,123,112.13268
2024-01-07,53,45.795128
2024-01-07,230,211.32831
2024-01-07,134,151.47093
2024-01-07,21,27.527807
2024-01-07,100,94.54037
2024-01-07,75,74.87164
2024-01-07,31,36.617496
2024-01-07,8,19.381178
2024-01-07,39,44.144276
2024-01-07,34,38.9918
2024-01-07,114,85.12627
2024-01-07,7,15.159861
2024-01-07,34,22.045918
2024-01-07,79,72.03603
2024-01-07,93,80.58532
2024-01-07,40,58.561905
2024-01-07,68,63.81632
2024-01-07,54,68.04839
2024-01-07,41,44.36295
2024-01-07,140,116.95294
2024-01-07,78,82.44421
2024-01-07,88,83.23532
2024-01-07,19,42.802135
2024-01-07,20,24.091885
2024-01-07,21,25.459307
2024-01-07,86,79.35593
2024-01-07,102,126.33569
2024-01-07,75,88.5959
2024-01-07,86,85.29125
2024-01-07,39,43.017147
2024-01-07,90,80.056175
2024-01-07,110,100.90744
2024-01-07,63,61.506306
2024-01-07,77,71.13929
2024-01-07,46,30.968657
2024-01-07,110,122.56756
2024-01-07,91,75.73826
2024-01-07,122,121.48546
2024-01-07,75,63.66608
2024-01-07,89,81.315
2024-01-07,30,34.06735
2024-01-07,35,27.124739
2024-01-07,88,52.93766
2024-01-07,106,118.87027
2024-01-07,31,30.435226
2024-01-07,161,145.71596
2024-01-07,22,30.418621
2024-01-07,82,76.47318
2024-01-07,67,56.349453
2024-01-07,14,25.570122
2024-01-07,73,55.147312
2024-01-07,83,66.828896
2024-01-07,115,83.23078
2024-01-07,53,66.25746
2024-01-07,90,75.31273
2024-01-07,62,81.21017
2024-01-07,116,83.26265
2024-01-07,33,47.568714
2024-01-07,61,51.05512
2024-01-07,63,72.23992
2024-01-07,15,22.503294
2024-01-07,66,61.22967
2024-01-07,33,26.797876
2024-01-07,11,13.787475
2024-01-07,86,91.59098
2024-01-07,37,27.309868
2024-01-07,34,25.756327
2024-01-08,28,34.545593
2024-01-08,172,171.10475
2024-01-08,108,92.24435
2024-01-08,79,69.12584
2024-01-08,74,61.893497
2024-01-08,26,15.753397
2024-01-08,90,74.36709
2024-01-08,48,42.13434
2024-01-08,139,131.71893
2024-01-08,24,32.759544
2024-01-08,72,55.877373
2024-01-08,43,48.796764
2024-01-08,25,39.062107
2024-01-08,98,89.45643
2024-01-08,16,29.03206
2024-01-08,76,110.75754
2024-01-08,28,32.501225
2024-01-08,76,70.03547
2024-01-08,33,31.668028
2024-01-08,37,42.681046
2024-01-08,94,83.03076
2024-01-08,20,34.16754
2024-01-08,66,73.660034
2024-01-08,45,42.519344
2024-01-08,93,72.744415
2024-01-08,195,187.68124
2024-01-08,30,27.564955
2024-01-08,73,62.976612
2024-01-08,91,66.23522
2024-01-08,134,140.34267
2024-01-08,79,76.05847
2024-01-08,58,63.0445
2024-01-08,34,56.036873
2024-01-08,37,39.00254
2024-01-08,100,89.44774
2024-01-08,184,181.16548
2024-01-08,66,38.240067
2024-01-08,107,88.05872
2024-01-08,92,117.59052
2024-01-08,42,47.060886
2024-01-08,23,18.265392
2024-01-08,96,82.71047
2024-01-08,79,67.73963
2024-01-08,90,70.85083
2024-01-08,35,31.761648
2024-01-08,10,22.157757
2024-01-08,67,54.11615
2024-01-08,191,175.28142
2024-01-08,47,62.50764
2024-01-08,56,70.99063
2024-01-08,53,43.005497
2024-01-08,22,23.257156
2024-01-08,69,81.725525
2024-01-08,25,30.373379
2024-01-08,46,56.480774
2024-01-08,76,85.21232
2024-01-08,18,24.871616
2024-01-08,23,30.770355
2024-01-08,82,107.848785
2024-01-08,119,109.166725
2024-01-08,106,99.762955
2024-01-08,63,82.69094
2024-01-08,50,49.189865
2024-01-08,100,90.5453
2024-01-08,127,122.74955
2024-01-08,149,125.940025
2024-01-08,39,37.60071
2024-01-08,6,18.429558
2024-01-08,132,129.67708
2024-01-08,127,134.24315
2024-01-08,161,149.0557
2024-01-08,36,42.449795
2024-01-08,87,82.45603
2024-01-08,32,30.733885
2024-01-08,46,43.32112
2024-01-08,73,55.851456
2024-01-08,234,209.11365
2024-01-08,16,20.95326
2024-01-08,168,173.90663
2024-01-08,39,33.848526
2024-01-08,90,89.474754
2024-01-08,65,49.200066
2024-01-08,31,29.580294
2024-01-08,133,106.71378
2024-01-08,113,88.59674
2024-01-08,80,66.604965
2024-01-08,56,48.52874
2024-01-08,55,48.159298
2024-01-08,71,85.107414
2024-01-08,59,60.583496
2024-01-08,40,45.288494
2024-01-08,54,44.974236
2024-01-08,85,92.157486
2024-01-08,36,32.12733
2024-01-08,55,75.86226
2024-01-08,18,23.76171
2024-01-08,7,26.25637
2024-01-08,79,62.74897
2024-01-08,52,45.972965
2024-01-08,14,20.960909
2024-01-09,75,97.78075
2024-01-09,73,84.83972
2024-01-09,54,59.621674
2024-01-09,105,108.8721
2024-01-09,143,123.68209
2024-01-09,83,86.794136
2024-01-09,75,76.79201
2024-01-09,134,121.27183
2024-01-09,140,124.88931
2024-01-09,63,66.87633
2024-01-09,84,87.0743
2024-01-09,185,142.62651
2024-01-09,129,119.20366
2024-01-09,108,97.77564
2024-01-09,122,106.98956
2024-01-09,96,131.67154
2024-01-09,99,103.193794
2024-01-09,103,91.83844
2024-01-09,51,65.40044
2024-01-09,59,67.94409
2024-01-09,93,134.75128
2024-01-09,69,84.9541
2024-01-09,50,78.25937
2024-01-09,142,141.56435
2024-01-09,115,106.22061
2024-01-09,138,134.40643
2024-01-09,67,88.136314
2024-01-09,145,123.79091
2024-01-09,150,138.25945
2024-01-09,147,137.33618
2024-01-09,165,145.48918
2024-01-09,93,92.77669
2024-01-09,151,146.30504
2024-01-09,81,80.22795
2024-01-09,135,139.2029
2024-01-09,237,223.9793
2024-01-09,50,84.234375
2024-01-09,86,80.69032
2024-01-09,110,140.71892
2024-01-09,90,89.30161
2024-01-09,109,102.9568
2024-01-09,90,76.70716
2024-01-09,94,96.2576
2024-01-09,63,82.28491
2024-01-09,12,46.796097
2024-01-09,91,98.99031
2024-01-09,105,92.506226
2024-01-09,93,80.668
2024-01-09,138,118.436104
2024-01-09,161,129.5477
2024-01-09,56,71.72554
2024-01-09,139,105.44036
2024-01-09,162,150.94127
2024-01-09,127,107.919586
2024-01-09,150,138.95648
2024-01-09,73,84.09234
2024-01-09,50,56.39985
2024-01-09,53,57.69728
2024-01-09,140,175.12202
2024-01-09,71,80.93781
2024-01-09,128,110.813126
2024-01-09,80,90.15994
2024-01-09,60,76.50523
2024-01-09,94,106.20345
2024-01-09,53,49.455986
2024-01-09,150,128.03851
2024-01-09,116,111.857315
2024-01-09,49,55.707726
2024-01-09,82,104.00055
2024-01-09,101,102.31053
2024-01-09,99,105.974144
2024-01-09,147,124.16203
2024-01-09,111,120.442535
2024-01-09,74,70.72832
2024-01-09,78,87.14108
2024-01-09,54,76.47903
2024-01-09,111,111.45057
2024-01-09,48,64.75976
2024-01-09,116,130.55775
2024-01-09,48,75.262436
2024-01-09,169,132.85155
2024-01-09,149,115.17386
2024-01-09,97,103.43767
2024-01-09,38,51.481358
2024-01-09,130,107.39433
2024-01-09,93,104.00969
2024-01-09,111,99.59272
2024-01-09,129,121.03183
2024-01-09,75,80.54571
2024-01-09,114,103.66792
2024-01-09,95,96.07798
2024-01-09,91,83.822174
2024-01-09,59,63.303158
2024-01-09,65,71.3165
2024-01-09,101,91.63862
2024-01-09,106,110.94809
2024-01-09,75,102.99213
2024-01-09,61,73.62136
2024-01-09,129,128.24904
2024-01-09,125,116.44331
2024-01-10,98,81.029305
2024-01-10,147,136.49933
2024-01-10,124,113.679245
2024-01-10,100,98.81391
2024-01-10,135,104.95432
2024-01-10,53,61.15868
2024-01-10,131,112.26018
2024-01-10,87,90.72194
2024-01-10,103,112.08363
2024-01-10,59,61.522594
2024-01-10,43,51.012108
2024-01-10,58,73.151
2024-01-10,163,171.34665
2024-01-10,134,124.84022
2024-01-10,89,96.5843
2024-01-10,112,147.8184
2024-01-10,66,73.6998
2024-01-10,70,70.79992
2024-01-10,34,43.267532
2024-01-10,65,60.258694
2024-01-10,78,68.37214
2024-01-10,134,110.72276
2024-01-10,148,120.25807
2024-01-10,150,101.07278
2024-01-10,74,74.1864
2024-01-10,113,119.100075
2024-01-10,137,110.23489
2024-01-10,73,96.768326
2024-01-10,106,104.02674
2024-01-10,74,85.1683
2024-01-10,123,117.10711
2024-01-10,118,110.22401
2024-01-10,63,83.1541
2024-01-10,51,56.466587
2024-01-10,96,112.00571
2024-01-10,102,106.8732
2024-01-10,43,60.810673
2024-01-10,82,75.52478
2024-01-10,121,124.8434
2024-01-10,49,47.586258
2024-01-10,88,94.92792
2024-01-10,92,86.47073
2024-01-10,131,138.90726
2024-01-10,68,61.019337
2024-01-10,130,93.57709
2024-01-10,100,104.04569
2024-01-10,166,138.1943
2024-01-10,118,126.192764
2024-01-10,88,89.51261
2024-01-10,186,160.70895
2024-01-10,46,61.122997
2024-01-10,67,71.1125
2024-01-10,117,116.31153
2024-01-10,119,135.79881
2024-01-10,100,106.10426
2024-01-10,139,133.76184
2024-01-10,69,78.704994
2024-01-10,61,64.849556
2024-01-10,104,114.60519
2024-01-10,109,109.57048
2024-01-10,128,113.88738
2024-01-10,132,110.04666
2024-01-10,96,103.71325
2024-01-10,164,132.03978
2024-01-10,85,100.53677
2024-01-10,154,134.79715
2024-01-10,125,122.346085
2024-01-10,79,76.788765
2024-01-10,125,131.90327
2024-01-10,215,180.79073
2024-01-10,130,117.666374
2024-01-10,121,107.8311
2024-01-10,161,158.22858
2024-01-10,69,73.892456
2024-01-10,32,36.37814
2024-01-10,111,115.769615
2024-01-10,168,150.71944
2024-01-10,62,60.9132
2024-01-10,82,94.957344
2024-01-10,73,72.58345
2024-01-10,53,69.015274
2024-01-10,67,64.78387
2024-01-10,115,98.24481
2024-01-10,68,66.63374
2024-01-10,163,119.440094
2024-01-10,116,115.829475
2024-01-10,154,142.6529
2024-01-10,78,89.21275
2024-01-10,105,118.26247
2024-01-10,84,76.78222
2024-01-10,45,51.29567
2024-01-10,96,98.5019
2024-01-10,121,117.859825
2024-01-10,95,99.48963
2024-01-10,43,74.15275
2024-01-10,154,156.93729
2024-01-10,82,96.1236
2024-01-10,83,83.038506
2024-01-10,39,51.92407
2024-01-10,83,81.712585
2024-01-11,141,131.90471
2024-01-11,111,106.67198
2024-01-11,168,178.74289
2024-01-11,149,129.46193
2024-01-11,90,94.321365
2024-01-11,85,84.785164
2024-01-11,81,78.446465
2024-01-11,165,133.42615
2024-01-11,201,180.60066
2024-01-11,43,53.932438
2024-01-11,128,107.86287
2024-01-11,133,111.56488
2024-01-11,74,73.31006
2024-01-11,55,53.89689
2024-01-11,64,52.060593
2024-01-11,88,106.868256
2024-01-11,56,90.99272
2024-01-11,125,109.949486
2024-01-11,56,52.28685
2024-01-11,109,97.45238
2024-01-11,143,134.52148
2024-01-11,110,96.4031
2024-01-11,193,174.31276
2024-01-11,111,97.295265
2024-01-11,81,90.20224
2024-01-11,90,91.868576
2024-01-11,50,73.68742
2024-01-11,189,143.45042
2024-01-11,109,127.69744
2024-01-11,118,123.559074
2024-01-11,201,186.86905
2024-01-11,65,70.57868
2024-01-11,4,31.062986
2024-01-11,117,108.93701
2024-01-11,90,94.948135
2024-01-11,132,122.46068
2024-01-11,79,94.33804
2024-01-11,98,92.48211
2024-01-11,88,75.03614
2024-01-11,90,81.354576
2024-01-11,164,151.84929
2024-01-11,130,130.36288
2024-01-11,136,151.2446
2024-01-11,224,184.33678
2024-01-11,141,131.34424
2024-01-11,140,123.72275
2024-01-11,76,80.825066
2024-01-11,107,104.71756
2024-01-11,175,168.64755
2024-01-11,124,147.42935
2024-01-11,157,151.63527
2024-01-11,87,78.36247
2024-01-11,83,111.93245
2024-01-11,66,57.21278
2024-01-11,111,110.34827
2024-01-11,59,96.03129
2024-01-11,120,106.76658
2024-01-11,69,82.91893
2024-01-11,185,159.98552
2024-01-11,181,163.98409
2024-01-11,199,170.67159
2024-01-11,83,67.13998
2024-01-11,87,117.48992
2024-01-11,188,178.72513
2024-01-11,91,95.90125
2024-01-11,105,96.068504
2024-01-11,98,135.34724
2024-01-11,103,99.49535
2024-01-11,142,140.39035
2024-01-11,159,141.37305
2024-01-11,262,220.56056
2024-01-11,190,182.25636
2024-01-11,144,131.70299
2024-01-11,101,99.82831
2024-01-11,67,70.38534
2024-01-11,94,93.31261
2024-01-11,95,124.250824
2024-01-11,75,94.77071
2024-01-11,102,102.08146
2024-01-11,73,73.89704
2024-01-11,141,114.58532
2024-01-11,83,74.09516
2024-01-11,4,43.246056
2024-01-11,152,145.72182
2024-01-11,85,77.61539
2024-01-11,96,82.08067
2024-01-11,126,110.83281
2024-01-11,236,168.4509
2024-01-11,115,103.31292
2024-01-11,122,119.90517
2024-01-11,111,116.971725
2024-01-11,73,59.074665
2024-01-11,121,110.634834
2024-01-11,46,51.8251
2024-01-11,109,103.81058
2024-01-11,97,95.85597
2024-01-11,92,96.428345
2024-01-11,78,67.445175
2024-01-11,84,83.93463
2024-01-11,80,74.37339
2024-01-12,83,89.646576
2024-01-12,131,136.65076
2024-01-12,105,114.45256
2024-01-12,140,145.76665
2024-01-12,91,76.14636
2024-01-12,110,110.9246
2024-01-12,181,137.60863
2024-01-12,143,126.29873
2024-01-12,112,120.689896
2024-01-12,76,82.623116
2024-01-12,58,74.76203
2024-01-12,169,199.32037
2024-01-12,36,42.02759
2024-01-12,171,153.42003
2024-01-12,138,120.498985
2024-01-12,66,73.85399
2024-01-12,113,108.06824
2024-01-12,100,115.81467
2024-01-12,123,108.05611
2024-01-12,73,68.34787
2024-01-12,63,92.33083
2024-01-12,117,111.37908
2024-01-12,47,81.70543
2024-01-12,98,154.22491
2024-01-12,103,99.49785
2024-01-12,117,109.96461
2024-01-12,43,56.07176
2024-01-12,106,100.094765
2024-01-12,116,123.147316
2024-01-12,174,163.30148
2024-01-12,61,73.37411
2024-01-12,122,131.66821
2024-01-12,152,110.789185
2024-01-12,98,96.841835
2024-01-12,130,129.22536
2024-01-12,113,108.98352
2024-01-12,132,115.98224
2024-01-12,175,180.32985
2024-01-12,182,152.1666
2024-01-12,77,71.71308
2024-01-12,161,135.5081
2024-01-12,140,117.28116
2024-01-12,102,120.97686
2024-01-12,173,161.25871
2024-01-12,140,103.844604
2024-01-12,85,87.665596
2024-01-12,152,138.45232
2024-01-12,75,115.10208
2024-01-12,106,80.14504
2024-01-12,116,120.13492
2024-01-12,72,63.99131
2024-01-12,102,109.8208
2024-01-12,88,103.93056
2024-01-12,112,113.3663
2024-01-12,142,148.49283
2024-01-12,167,150.53362
2024-01-12,94,86.6925
2024-01-12,77,82.50811
2024-01-12,150,137.60735
2024-01-12,127,124.71425
2024-01-12,85,103.368095
2024-01-12,61,79.083374
2024-01-12,39,58.977272
2024-01-12,147,140.65884
2024-01-12,93,96.49923
2024-01-12,100,106.695625
2024-01-12,107,100.913536
2024-01-12,47,58.756783
2024-01-12,101,119.755005
2024-01-12,106,94.725266
2024-01-12,8,53.638107
2024-01-12,98,116.86336
2024-01-12,76,75.3774
2024-01-12,86,86.16567
2024-01-12,21,28.4118
2024-01-12,40,42.188416
2024-01-12,74,75.9334
2024-01-12,71,85.54085
2024-01-12,46,51.318142
2024-01-12,70,62.159664
2024-01-12,142,144.07053
2024-01-12,83,75.69752
2024-01-12,83,107.467735
2024-01-12,204,171.65463
2024-01-12,123,113.70737
2024-01-12,120,127.60744
2024-01-12,105,98.44337
2024-01-12,134,110.29617
2024-01-12,219,196.32178
2024-01-12,152,135.4298
2024-01-12,103,105.41461
2024-01-12,83,98.98209
2024-01-12,87,78.643166
2024-01-12,124,118.53323
2024-01-12,180,149.22293
2024-01-12,111,109.28594
2024-01-12,60,69.71549
2024-01-12,72,96.56524
2024-01-12,82,83.21097
2024-01-12,79,74.20649
2024-01-13,111,108.552216
2024-01-13,103,104.3109
2024-01-13,125,119.02839
2024-01-13,151,149.18011
2024-01-13,128,139.7985
2024-01-13,81,88.655136
2024-01-13,60,77.908485
2024-01-13,80,66.456375
2024-01-13,145,140.77917
2024-01-13,96,79.91524
2024-01-13,183,158.1383
2024-01-13,117,112.58059
2024-01-13,138,145.22543
2024-01-13,91,99.85118
2024-01-13,156,155.35156
2024-01-13,166,172.07054
2024-01-13,167,135.271
2024-01-13,87,97.76695
2024-01-13,120,109.27128
2024-01-13,47,56.895348
2024-01-13,211,188.77307
2024-01-13,115,110.2895
2024-01-13,72,83.632484
2024-01-13,72,110.60176
2024-01-13,30,45.265938
2024-01-13,85,116.36499
2024-01-13,56,76.68806
2024-01-13,85,78.50359
2024-01-13,138,130.06255
2024-01-13,124,131.36707
2024-01-13,155,161.23744
2024-01-13,162,141.19205
2024-01-13,146,131.4618
2024-01-13,122,104.42581
2024-01-13,162,188.6679
2024-01-13,173,172.05872
2024-01-13,99,86.888466
2024-01-13,84,100.51064
2024-01-13,172,168.3094
2024-01-13,88,88.14249
2024-01-13,151,147.60745
2024-01-13,108,99.47146
2024-01-13,25,24.093328
2024-01-13,217,180.85489
2024-01-13,107,95.617424
2024-01-13,90,93.02747
2024-01-13,158,152.80931
2024-01-13,168,158.1598
2024-01-13,102,102.13007
2024-01-13,107,97.32857
2024-01-13,64,84.94028
2024-01-13,69,89.70692
2024-01-13,124,123.29394
2024-01-13,92,96.594215
2024-01-13,226,214.81276
2024-01-13,119,100.123985
2024-01-13,109,100.70625
2024-01-13,58,65.452156
2024-01-13,117,108.974754
2024-01-13,125,122.45432
2024-01-13,112,116.207825
2024-01-13,102,95.877
2024-01-13,59,68.078636
2024-01-13,144,130.48798
2024-01-13,189,148.32773
2024-01-13,65,103.122734
2024-01-13,210,170.37965
2024-01-13,66,69.943565
2024-01-13,118,112.10057
2024-01-13,114,105.30391
2024-01-13,215,192.20595
2024-01-13,189,198.80968
2024-01-13,85,98.23995
2024-01-13,117,108.90724
2024-01-13,131,98.526115
2024-01-13,132,108.584366
2024-01-13,126,127.41663
2024-01-13,84,86.87185
2024-01-13,141,131.26236
2024-01-13,66,66.085815
2024-01-13,149,153.11551
2024-01-13,43,61.445786
2024-01-13,95,89.0647
2024-01-13,141,147.9546
2024-01-13,95,107.488625
2024-01-13,87,130.31787
2024-01-13,196,189.86014
2024-01-13,132,123.72044
2024-01-13,170,159.60275
2024-01-13,94,80.0606
2024-01-13,177,158.67688
2024-01-13,102,113.97394
2024-01-13,49,51.335983
2024-01-13,37,46.249134
2024-01-13,111,96.847206
2024-01-13,164,151.08107
2024-01-13,146,130.02776
2024-01-13,123,122.8969
2024-01-13,113,91.74687
2024-01-13,116,118.65702
2024-01-14,74,84.459915
2024-01-14,119,96.82453
2024-01-14,66,57.843254
2024-01-14,128,118.73983
2024-01-14,118,102.08793
2024-01-14,72,71.295364
2024-01-14,185,165.61143
2024-01-14,100,98.93816
2024-01-14,99,92.14856
2024-01-14,46,51.795322
2024-01-14,81,88.95161
2024-01-14,117,129.02916
2024-01-14,63,61.681316
2024-01-14,119,112.30346
2024-01-14,108,104.492836
2024-01-14,172,168.01071
2024-01-14,33,45.747074
2024-01-14,69,76.10128
2024-01-14,60,67.43421
2024-01-14,77,76.74081
2024-01-14,78,79.16778
2024-01-14,145,127.36795
2024-01-14,76,76.055466
2024-01-14,111,115.92377
2024-01-14,99,101.38663
2024-01-14,113,128.19951
2024-01-14,120,113.359825
2024-01-14,142,130.72119
2024-01-14,111,99.983116
2024-01-14,152,149.46785
2024-01-14,97,97.44939
2024-01-14,79,93.17769
2024-01-14,146,138.87936
2024-01-14,72,70.03643
2024-01-14,137,143.6017
2024-01-14,155,160.46431
2024-01-14,90,90.07889
2024-01-14,113,123.892845
2024-01-14,110,131.19485
2024-01-14,89,89.85264
2024-01-14,126,122.78257
2024-01-14,153,133.79251
2024-01-14,23,52.21665
2024-01-14,187,161.17049
2024-01-14,122,109.827995
2024-01-14,46,56.9841
2024-01-14,128,115.541435
2024-01-14,111,102.64083
2024-01-14,81,83.55083
2024-01-14,114,93.6285
2024-01-14,116,129.00595
2024-01-14,58,63.59012
2024-01-14,151,131.53119
2024-01-14,183,146.64359
2024-01-14,115,124.84458
2024-01-14,123,155.55846
2024-01-14,65,77.001045
2024-01-14,67,67.904976
2024-01-14,85,100.17685
2024-01-14,214,174.11964
2024-01-14,4,38.907906
2024-01-14,211,160.29927
2024-01-14,72,69.76174
2024-01-14,143,128.46768
2024-01-14,67,79.1758
2024-01-14,73,85.2603
2024-01-14,146,158.49121
2024-01-14,96,85.44304
2024-01-14,89,93.14042
2024-01-14,51,57.41423
2024-01-14,120,104.94294
2024-01-14,128,131.74733
2024-01-14,101,86.37267
2024-01-14,104,94.15989
2024-01-14,144,122.76703
2024-01-14,48,58.0372
2024-01-14,80,108.13845
2024-01-14,59,62.868675
2024-01-14,10,45.298046
2024-01-14,72,67.592735
2024-01-14,123,116.55384
2024-01-14,72,74.873604
2024-01-14,78,79.500465
2024-01-14,122,122.599884
2024-01-14,149,120.18221
2024-01-14,63,66.5188
2024-01-14,143,140.9014
2024-01-14,101,107.17988
2024-01-14,136,125.75026
2024-01-14,121,113.55291
2024-01-14,44,64.49861
2024-01-14,57,58.571568
2024-01-14,112,118.00376
2024-01-14,66,63.86174
2024-01-14,109,127.041885
2024-01-14,106,128.70206
2024-01-14,87,110.91508
2024-01-14,83,79.15768
2024-01-14,71,81.08831
2024-01-14,116,112.429245
2024-01-15,114,105.63855
2024-01-15,123,126.53739
2024-01-15,107,93.86057
2024-01-15,89,90.69659
2024-01-15,51,42.102512
2024-01-15,75,80.052536
2024-01-15,78,80.71449
2024-01-15,96,96.03847
2024-01-15,97,104.773384
2024-01-15,77,78.53749
2024-01-15,76,73.88372
2024-01-15,54,60.404434
2024-01-15,77,80.187874
2024-01-15,105,104.74327
2024-01-15,112,97.2344
2024-01-15,236,234.27873
2024-01-15,100,95.24242
2024-01-15,80,81.82015
2024-01-15,35,28.517008
2024-01-15,64,71.72258
2024-01-15,120,125.8069
2024-01-15,98,77.55817
2024-01-15,62,63.459225
2024-01-15,139,160.46243
2024-01-15,63,68.91688
2024-01-15,103,91.59795
2024-01-15,115,97.98199
2024-01-15,72,67.5016
2024-01-15,71,76.94952
2024-01-15,140,145.74649
2024-01-15,225,210.12112
2024-01-15,124,108.72489
2024-01-15,111,97.8249
2024-01-15,72,72.71354
2024-01-15,170,131.14954
2024-01-15,88,112.94061
2024-01-15,100,88.30856
2024-01-15,67,59.376472
2024-01-15,98,85.15275
2024-01-15,59,65.48873
2024-01-15,101,85.332535
2024-01-15,75,97.07947
2024-01-15,75,83.42886
2024-01-15,168,188.12273
2024-01-15,140,138.992
2024-01-15,80,85.09521
2024-01-15,143,118.81228
2024-01-15,129,142.72197
2024-01-15,131,137.84158
2024-01-15,119,102.62893
2024-01-15,87,80.81937
2024-01-15,98,99.07801
2024-01-15,87,85.997284
2024-01-15,154,140.79536
2024-01-15,101,106.52435
2024-01-15,100,108.50279
2024-01-15,68,74.02693
2024-01-15,92,92.68423
2024-01-15,128,120.876495
2024-01-15,126,124.08289
2024-01-15,192,143.76303
2024-01-15,197,159.02579
2024-01-15,53,55.85749
2024-01-15,168,158.97404
2024-01-15,105,91.98656
2024-01-15,92,101.29167
2024-01-15,157,133.46169
2024-01-15,71,67.59006
2024-01-15,88,93.667984
2024-01-15,155,153.83719
2024-01-15,158,159.5756
2024-01-15,90,102.00913
2024-01-15,59,54.40278
2024-01-15,54,47.294044
2024-01-15,127,103.13345
2024-01-15,51,68.62323
2024-01-15,108,101.609344
2024-01-15,54,52.256634
2024-01-15,121,122.51824
2024-01-15,64,77.61619
2024-01-15,103,106.26434
2024-01-15,187,158.78
2024-01-15,80,80.76923
2024-01-15,156,167.75645
2024-01-15,104,102.48081
2024-01-15,118,109.76465
2024-01-15,95,90.166336
2024-01-15,131,133.4027
2024-01-15,103,99.99803
2024-01-15,108,115.971146
2024-01-15,194,154.97385
2024-01-15,132,124.70036
2024-01-15,97,101.22826
2024-01-15,114,111.087105
2024-01-15,94,75.9983
2024-01-15,103,136.70212
2024-01-15,101,92.33236
2024-01-15,96,92.1857
2024-01-15,25,20.355862
2024-01-15,73,96.047676
2024-01-16,31,44.403996
2024-01-16,153,165.20627
2024-01-16,145,144.16524
2024-01-16,64,59.03992
2024-01-16,132,120.51294
2024-01-16,60,69.97371
2024-01-16,184,163.02449
2024-01-16,122,121.25033
2024-01-16,248,210.68959
2024-01-16,66,63.609375
2024-01-16,50,64.14008
2024-01-16,87,92.83167
2024-01-16,152,131.5324
2024-01-16,76,71.803
2024-01-16,97,84.42442
2024-01-16,110,108.9399
2024-01-16,81,88.184296
2024-01-16,103,84.15426
2024-01-16,54,54.51814
2024-01-16,69,58.329823
2024-01-16,129,106.941696
2024-01-16,127,143.21729
2024-01-16,95,88.756935
2024-01-16,208,168.63625
2024-01-16,115,110.47729
2024-01-16,91,83.22986
2024-01-16,134,122.172966
2024-01-16,110,108.055824
2024-01-16,123,111.2814
2024-01-16,103,108.41758
2024-01-16,105,118.15715
2024-01-16,89,85.08824
2024-01-16,128,110.65772
2024-01-16,90,91.15582
2024-01-16,92,99.09343
2024-01-16,159,197.69717
2024-01-16,100,84.89459
2024-01-16,23,37.259457
2024-01-16,82,79.78926
2024-01-16,66,67.24384
2024-01-16,91,93.0169
2024-01-16,151,205.02534
2024-01-16,127,125.24452
2024-01-16,96,96.962654
2024-01-16,124,106.65916
2024-01-16,66,75.794365
2024-01-16,131,118.41804
2024-01-16,120,126.941986
2024-01-16,110,110.4961
2024-01-16,142,134.95723
2024-01-16,66,100.94905
2024-01-16,106,95.637405
2024-01-16,148,144.17802
2024-01-16,144,134.36926
2024-01-16,88,85.611015
2024-01-16,124,126.214294
2024-01-16,70,66.72736
2024-01-16,49,42.416824
2024-01-16,114,111.51506
2024-01-16,104,112.4422
2024-01-16,117,105.64688
2024-01-16,11,64.50204
2024-01-16,51,55.880333
2024-01-16,121,108.9167
2024-01-16,117,126.04292
2024-01-16,55,62.144188
2024-01-16,158,149.08391
2024-01-16,140,126.90813
2024-01-16,169,155.06224
2024-01-16,64,79.69902
2024-01-16,80,91.42801
2024-01-16,90,85.36215
2024-01-16,122,126.555115
2024-01-16,108,101.43946
2024-01-16,69,60.939438
2024-01-16,82,87.91114
2024-01-16,116,118.727196
2024-01-16,77,77.00661
2024-01-16,83,77.004524
2024-01-16,49,53.59964
2024-01-16,104,95.555984
2024-01-16,95,111.84617
2024-01-16,74,87.34366
2024-01-16,176,160.18007
2024-01-16,149,150.97081
2024-01-16,63,61.58364
2024-01-16,195,177.75122
2024-01-16,145,134.64919
2024-01-16,70,86.123924
2024-01-16,126,129.27403
2024-01-16,89,110.328186
2024-01-16,72,66.70503
2024-01-16,104,120.87256
2024-01-16,86,89.03157
2024-01-16,111,104.3928
2024-01-16,148,166.67484
2024-01-16,59,74.52239
2024-01-16,115,95.91769
2024-01-16,64,68.175354
2024-01-16,89,91.26472
2024-01-17,88,80.907745
2024-01-17,115,126.983055
2024-01-17,88,88.07523
2024-01-17,84,96.90425
2024-01-17,159,150.96545
2024-01-17,58,61.435757
2024-01-17,122,138.1227
2024-01-17,88,108.54745
2024-01-17,184,191.30258
2024-01-17,94,98.20909
2024-01-17,94,105.047
2024-01-17,127,125.41927
2024-01-17,135,165.49944
2024-01-17,52,69.55591
2024-01-17,99,88.56824
2024-01-17,110,117.255615
2024-01-17,123,109.20834
2024-01-17,148,136.65466
2024-01-17,100,98.791916
2024-01-17,71,63.586407
2024-01-17,154,148.58609
2024-01-17,52,69.109
2024-01-17,77,93.057594
2024-01-17,87,76.54931
2024-01-17,113,114.84437
2024-01-17,21,21.651865
2024-01-17,99,116.27317
2024-01-17,92,122.07048
2024-01-17,184,184.91815
2024-01-17,182,206.91243
2024-01-17,96,88.01949
2024-01-17,72,88.45606
2024-01-17,118,163.85815
2024-01-17,77,85.62062
2024-01-17,99,97.404594
2024-01-17,88,111.60804
2024-01-17,108,92.16319
2024-01-17,95,93.94256
2024-01-17,89,71.8839
2024-01-17,63,64.22905
2024-01-17,94,89.35214
2024-01-17,63,76.24664
2024-01-17,44,48.46145
2024-01-17,85,107.26426
2024-01-17,84,88.68168
2024-01-17,84,74.8147
2024-01-17,75,117.51971
2024-01-17,155,182.70183
2024-01-17,161,151.22342
2024-01-17,98,144.71785
2024-01-17,194,173.72511
2024-01-17,66,52.41631
2024-01-17,144,155.7896
2024-01-17,75,84.05661
2024-01-17,79,71.10771
2024-01-17,105,113.64811
2024-01-17,95,85.97938
2024-01-17,40,38.96942
2024-01-17,128,123.50243
2024-01-17,77,84.60906
2024-01-17,78,82.16655
2024-01-17,107,125.30815
2024-01-17,51,49.54775
2024-01-17,136,142.08955
2024-01-17,103,113.64762
2024-01-17,30,29.946762
2024-01-17,81,138.44272
2024-01-17,120,108.486176
2024-01-17,99,107.83661
2024-01-17,89,119.33812
2024-01-17,104,90.790924
2024-01-17,109,100.20958
2024-01-17,173,185.95656
2024-01-17,70,73.59377
2024-01-17,65,61.59682
2024-01-17,69,68.19583
2024-01-17,140,125.545265
2024-01-17,82,82.67874
2024-01-17,101,87.7274
2024-01-17,71,72.685326
2024-01-17,31,41.399002
2024-01-17,47,76.15264
2024-01-17,73,86.00794
2024-01-17,125,121.540306
2024-01-17,114,115.99368
2024-01-17,108,105.566895
2024-01-17,90,133.04196
2024-01-17,133,174.80545
2024-01-17,128,188.89983
2024-01-17,175,195.38402
2024-01-17,171,160.80556
2024-01-17,112,121.33282
2024-01-17,229,207.88326
2024-01-17,36,41.739708
2024-01-17,76,89.6706
2024-01-17,101,118.15496
2024-01-17,83,101.10774
2024-01-17,184,151.5553
2024-01-17,69,65.55025
2024-01-17,108,93.99744
2024-01-18,86,89.3572
2024-01-18,134,135.14383
2024-01-18,110,121.42504
2024-01-18,157,146.09383
2024-01-18,163,127.93764
2024-01-18,51,62.36082
2024-01-18,62,111.66666
2024-01-18,181,150.43898
2024-01-18,141,138.87437
2024-01-18,71,77.68965
2024-01-18,86,97.995026
2024-01-18,75,88.04418
2024-01-18,61,70.37726
2024-01-18,169,148.27405
2024-01-18,74,70.65702
2024-01-18,171,155.49246
2024-01-18,147,119.93725
2024-01-18,151,136.60974
2024-01-18,96,89.66363
2024-01-18,119,114.03719
2024-01-18,139,130.47203
2024-01-18,73,92.407646
2024-01-18,101,103.69178
2024-01-18,188,150.9099
2024-01-18,37,47.779896
2024-01-18,72,73.5399
2024-01-18,49,88.48491
2024-01-18,127,153.82172
2024-01-18,150,166.3401
2024-01-18,164,159.04855
2024-01-18,130,152.66124
2024-01-18,105,140.04286
2024-01-18,107,130.30463
2024-01-18,184,187.5052
2024-01-18,125,118.30575
2024-01-18,173,169.72148
2024-01-18,96,77.66358
2024-01-18,65,76.067024
2024-01-18,137,121.39728
2024-01-18,85,83.03828
2024-01-18,66,68.00022
2024-01-18,80,91.2778
2024-01-18,68,88.369125
2024-01-18,185,166.23401
2024-01-18,113,108.60739
2024-01-18,85,86.33096
2024-01-18,99,87.20542
2024-01-18,50,76.31183
2024-01-18,24,47.027348
2024-01-18,122,127.92829
2024-01-18,108,112.29767
2024-01-18,91,100.91726
2024-01-18,111,130.89845
2024-01-18,172,166.96565
2024-01-18,142,128.00209
2024-01-18,205,195.9595
2024-01-18,87,81.48456
2024-01-18,73,73.48793
2024-01-18,156,154.8558
2024-01-18,139,138.74411
2024-01-18,95,75.29546
2024-01-18,113,93.23788
2024-01-18,52,47.875526
2024-01-18,178,160.84721
2024-01-18,101,99.444534
2024-01-18,101,97.646866
2024-01-18,38,86.47007
2024-01-18,46,51.381012
2024-01-18,110,126.11805
2024-01-18,161,151.37456
2024-01-18,181,172.64656
2024-01-18,144,148.10918
2024-01-18,107,124.37741
2024-01-18,82,84.25976
2024-01-18,71,70.74458
2024-01-18,110,105.130356
2024-01-18,79,80.214806
2024-01-18,51,56.542492
2024-01-18,152,131.54721
2024-01-18,87,85.14686
2024-01-18,132,122.9413
2024-01-18,106,100.54327
2024-01-18,43,42.208084
2024-01-18,108,98.43227
2024-01-18,115,118.473434
2024-01-18,83,82.90966
2024-01-18,138,143.89694
2024-01-18,132,155.07864
2024-01-18,159,153.89584
2024-01-18,106,135.56062
2024-01-18,93,116.924385
2024-01-18,123,121.480064
2024-01-18,155,171.37622
2024-01-18,107,100.00094
2024-01-18,109,118.38212
2024-01-18,138,151.81575
2024-01-18,149,141.681
2024-01-18,146,114.86256
2024-01-18,143,147.3071
2024-01-18,169,149.94633
2024-01-19,90,85.778366
2024-01-19,39,26.30906
2024-01-19,136,121.97755
2024-01-19,101,104.66367
2024-01-19,98,86.38365
2024-01-19,44,45.50629
2024-01-19,21,34.843357
2024-01-19,83,55.701023
2024-01-19,100,101.096695
2024-01-19,31,38.710663
2024-01-19,69,72.34218
2024-01-19,100,115.061935
2024-01-19,105,98.62713
2024-01-19,109,117.23954
2024-01-19,78,69.83364
2024-01-19,115,108.76599
2024-01-19,80,69.71481
2024-01-19,120,109.20799
2024-01-19,58,65.85684
2024-01-19,65,63.3258
2024-01-19,232,205.45253
2024-01-19,26,24.709192
2024-01-19,100,94.470345
2024-01-19,152,134.45688
2024-01-19,115,122.37317
2024-01-19,87,86.78243
2024-01-19,61,58.013138
2024-01-19,105,91.47772
2024-01-19,80,84.65837
2024-01-19,86,98.91944
2024-01-19,103,91.916435
2024-01-19,68,82.13452
2024-01-19,168,122.8669
2024-01-19,108,90.19627
2024-01-19,123,115.09708
2024-01-19,32,57.36235
2024-01-19,76,75.16154
2024-01-19,112,98.35561
2024-01-19,57,85.221214
2024-01-19,44,51.48157
2024-01-19,115,124.49833
2024-01-19,61,53.535892
2024-01-19,71,85.68855
2024-01-19,91,114.58703
2024-01-19,145,137.21394
2024-01-19,72,73.20543
2024-01-19,81,100.18603
2024-01-19,106,117.40883
2024-01-19,128,110.14465
2024-01-19,116,125.34026
2024-01-19,133,132.8662
2024-01-19,87,100.805466
2024-01-19,137,135.07181
2024-01-19,160,194.49835
2024-01-19,93,96.08231
2024-01-19,57,71.95229
2024-01-19,79,75.39312
2024-01-19,92,101.46536
2024-01-19,151,146.86563
2024-01-19,75,105.13891
2024-01-19,116,99.65743
2024-01-19,41,49.957973
2024-01-19,80,87.76802
2024-01-19,95,109.331345
2024-01-19,148,128.26566
2024-01-19,80,82.04146
2024-01-19,103,103.12839
2024-01-19,76,69.24588
2024-01-19,60,69.10704
2024-01-19,119,111.94729
2024-01-19,101,79.310265
2024-01-19,66,85.67137
2024-01-19,55,57.80902
2024-01-19,78,80.4886
2024-01-19,29,28.107346
2024-01-19,44,51.973186
2024-01-19,127,114.33093
2024-01-19,48,59.150494
2024-01-19,91,92.084946
2024-01-19,61,73.17663
2024-01-19,105,113.94568
2024-01-19,37,37.71871
2024-01-19,34,50.352146
2024-01-19,86,88.73343
2024-01-19,141,128.71646
2024-01-19,73,86.580414
2024-01-19,51,65.468864
2024-01-19,168,145.03531
2024-01-19,90,93.31876
2024-01-19,78,68.54204
2024-01-19,111,95.425865
2024-01-19,63,59.716637
2024-01-19,92,86.0808
2024-01-19,78,86.22702
2024-01-19,126,99.263245
2024-01-19,33,66.09111
2024-01-19,99,94.16831
2024-01-19,151,132.72661
2024-01-19,88,93.21412
2024-01-19,68,76.85856
2024-01-20,141,145.25917
2024-01-20,120,143.86841
2024-01-20,109,117.62614
2024-01-20,135,137.67621
2024-01-20,174,190.66594
2024-01-20,103,94.23184
2024-01-20,29,48.358955
2024-01-20,126,97.436134
2024-01-20,174,154.68756
2024-01-20,92,86.66993
2024-01-20,114,113.496704
2024-01-20,139,136.04579
2024-01-20,120,112.949
2024-01-20,186,202.72154
2024-01-20,181,155.67351
2024-01-20,191,151.21342
2024-01-20,209,181.67819
2024-01-20,167,165.83
2024-01-20,72,71.82685
2024-01-20,66,67.858696
2024-01-20,155,160.915
2024-01-20,60,87.37322
2024-01-20,38,71.02185
2024-01-20,235,186.06075
2024-01-20,199,181.10925
2024-01-20,96,101.74993
2024-01-20,101,96.28094
2024-01-20,118,126.22188
2024-01-20,139,152.61632
2024-01-20,86,73.72752
2024-01-20,136,143.847
2024-01-20,115,95.7002
2024-01-20,131,112.294426
2024-01-20,161,164.51636
2024-01-20,202,176.73352
2024-01-20,224,182.37112
2024-01-20,156,148.66754
2024-01-20,73,101.30565
2024-01-20,158,145.51819
2024-01-20,92,84.87836
2024-01-20,45,57.912827
2024-01-20,118,126.78937
2024-01-20,60,83.435524
2024-01-20,174,181.8142
2024-01-20,111,123.51116
2024-01-20,79,77.46075
2024-01-20,162,158.33606
2024-01-20,116,113.371735
2024-01-20,106,90.050766
2024-01-20,58,51.89824
2024-01-20,166,164.04466
2024-01-20,133,115.98479
2024-01-20,206,174.69542
2024-01-20,151,158.96338
2024-01-20,237,213.48256
2024-01-20,99,91.03782
2024-01-20,101,90.50344
2024-01-20,111,109.63644
2024-01-20,147,139.25049
2024-01-20,98,97.00947
2024-01-20,115,141.07962
2024-01-20,68,90.24316
2024-01-20,70,72.516304
2024-01-20,201,175.10503
2024-01-20,198,191.71864
2024-01-20,89,84.93313
2024-01-20,116,116.9183
2024-01-20,81,85.71648
2024-01-20,192,187.69583
2024-01-20,119,123.92523
2024-01-20,101,93.93804
2024-01-20,159,159.68762
2024-01-20,143,129.40926
2024-01-20,110,120.91084
2024-01-20,55,62.19322
2024-01-20,142,122.829216
2024-01-20,206,193.22057
2024-01-20,38,68.8067
2024-01-20,117,104.268135
2024-01-20,83,84.6143
2024-01-20,95,123.13183
2024-01-20,78,77.61853
2024-01-20,104,111.717995
2024-01-20,158,154.75385
2024-01-20,192,191.1274
2024-01-20,84,91.981766
2024-01-20,81,82.26765
2024-01-20,127,130.12263
2024-01-20,225,216.86546
2024-01-20,162,139.09837
2024-01-20,172,167.81982
2024-01-20,105,100.00389
2024-01-20,205,181.9639
2024-01-20,112,121.6881
2024-01-20,140,143.62254
2024-01-20,122,126.925735
2024-01-20,156,148.96388
2024-01-20,135,136.63168
2024-01-20,72,75.41483
2024-01-20,117,105.944824
2024-01-21,109,113.0934
2024-01-21,121,126.13168
2024-01-21,96,93.00996
2024-01-21,162,166.50601
2024-01-21,197,187.13321
2024-01-21,75,68.82247
2024-01-21,93,94.51642
2024-01-21,141,111.65235
2024-01-21,169,178.34865
2024-01-21,69,73.62249
2024-01-21,68,77.445206
2024-01-21,154,133.67401
2024-01-21,132,123.02947
2024-01-21,128,137.55621
2024-01-21,152,142.5434
2024-01-21,130,122.44747
2024-01-21,103,86.10676
2024-01-21,132,120.32378
2024-01-21,64,58.31543
2024-01-21,104,106.82248
2024-01-21,99,88.91028
2024-01-21,47,69.3835
2024-01-21,82,88.79531
2024-01-21,181,194.28223
2024-01-21,88,106.042435
2024-01-21,84,85.93794
2024-01-21,47,84.96237
2024-01-21,132,124.69649
2024-01-21,157,172.36993
2024-01-21,156,151.42747
2024-01-21,118,119.11827
2024-01-21,45,45.17095
2024-01-21,82,76.25395
2024-01-21,135,122.34756
2024-01-21,139,124.20949
2024-01-21,103,95.2123
2024-01-21,148,134.9759
2024-01-21,99,96.25192
2024-01-21,57,48.913033
2024-01-21,20,36.026703
2024-01-21,52,59.273952
2024-01-21,62,72.079155
2024-01-21,30,26.051311
2024-01-21,88,120.61004
2024-01-21,42,66.4329
2024-01-21,63,60.3218
2024-01-21,87,95.86537
2024-01-21,107,100.10287
2024-01-21,133,137.61168
2024-01-21,77,67.365326
2024-01-21,75,82.28697
2024-01-21,92,82.09217
2024-01-21,112,96.21694
2024-01-21,218,211.7263
2024-01-21,68,60.464336
2024-01-21,135,110.157234
2024-01-21,61,70.19074
2024-01-21,68,73.30293
2024-01-21,107,96.21252
2024-01-21,97,98.61214
2024-01-21,63,56.712097
2024-01-21,42,92.9667
2024-01-21,33,39.833813
2024-01-21,122,127.19293
2024-01-21,106,143.29828
2024-01-21,87,79.18162
2024-01-21,52,108.45748
2024-01-21,101,87.73641
2024-01-21,84,116.585915
2024-01-21,165,159.585
2024-01-21,116,105.47989
2024-01-21,79,77.39602
2024-01-21,51,61.21859
2024-01-21,110,104.138374
2024-01-21,67,64.71065
2024-01-21,76,66.67227
2024-01-21,173,174.34682
2024-01-21,61,64.61573
2024-01-21,82,82.91181
2024-01-21,89,77.15945
2024-01-21,148,134.6767
2024-01-21,64,90.868546
2024-01-21,68,66.90309
2024-01-21,139,141.5867
2024-01-21,196,204.94351
2024-01-21,148,129.79366
2024-01-21,142,143.23288
2024-01-21,162,147.45668
2024-01-21,148,152.8699
2024-01-21,108,94.65789
2024-01-21,81,81.82142
2024-01-21,96,89.54553
2024-01-21,107,100.0811
2024-01-21,98,89.38969
2024-01-21,159,146.54964
2024-01-21,112,99.483826
2024-01-21,118,133.46626
2024-01-21,121,112.00207
2024-01-21,114,105.77847
2024-01-21,68,82.05979
2024-01-22,218,201.5722
2024-01-22,147,133.78049
2024-01-22,182,165.31107
2024-01-22,91,108.30303
2024-01-22,68,102.99191
2024-01-22,116,143.40445
2024-01-22,106,108.0561
2024-01-22,97,91.94899
2024-01-22,183,199.87892
2024-01-22,89,94.40957
2024-01-22,100,100.44082
2024-01-22,69,63.783897
2024-01-22,91,81.93836
2024-01-22,193,221.16754
2024-01-22,83,95.04573
2024-01-22,159,143.9822
2024-01-22,226,214.12083
2024-01-22,132,136.36813
2024-01-22,71,82.3379
2024-01-22,54,55.393696
2024-01-22,51,97.77781
2024-01-22,56,69.82814
2024-01-22,168,133.88748
2024-01-22,108,109.914894
2024-01-22,79,81.76002
2024-01-22,88,92.589386
2024-01-22,68,71.19422
2024-01-22,66,49.87304
2024-01-22,116,127.63221
2024-01-22,180,149.60773
2024-01-22,146,136.28232
2024-01-22,94,112.48954
2024-01-22,114,103.10348
2024-01-22,80,101.97166
2024-01-22,111,110.684006
2024-01-22,49,44.934483
2024-01-22,136,129.61078
2024-01-22,16,31.166374
2024-01-22,173,155.56165
2024-01-22,106,144.1643
2024-01-22,119,152.31104
2024-01-22,100,102.34109
2024-01-22,105,124.74519
2024-01-22,162,168.64853
2024-01-22,128,150.16043
2024-01-22,114,124.81033
2024-01-22,65,62.70103
2024-01-22,122,127.520164
2024-01-22,106,105.996216
2024-01-22,94,101.58783
2024-01-22,141,140.81122
2024-01-22,94,98.23653
2024-01-22,174,163.44778
2024-01-22,86,78.474106
2024-01-22,188,195.169
2024-01-22,156,138.25023
2024-01-22,129,131.86966
2024-01-22,102,112.08266
2024-01-22,184,176.59322
2024-01-22,119,172.38496
2024-01-22,152,163.32935
2024-01-22,84,72.97613
2024-01-22,75,80.45352
2024-01-22,120,133.97899
2024-01-22,31,75.41424
2024-01-22,157,138.89127
2024-01-22,69,88.33875
2024-01-22,44,30.056978
2024-01-22,97,111.76609
2024-01-22,86,108.79773
2024-01-22,168,153.30856
2024-01-22,107,108.26813
2024-01-22,158,143.05553
2024-01-22,103,102.190834
2024-01-22,71,76.589554
2024-01-22,81,78.473175
2024-01-22,177,180.5811
2024-01-22,159,133.456
2024-01-22,157,131.90259
2024-01-22,157,156.8098
2024-01-22,177,185.80774
2024-01-22,109,97.434135
2024-01-22,183,168.84009
2024-01-22,144,145.70593
2024-01-22,133,112.80678
2024-01-22,123,128.13249
2024-01-22,80,79.91741
2024-01-22,193,154.72652
2024-01-22,137,162.54999
2024-01-22,160,157.70355
2024-01-22,81,63.911488
2024-01-22,123,122.81842
2024-01-22,143,133.55316
2024-01-22,63,76.7654
2024-01-22,86,72.634636
2024-01-22,126,132.41704
2024-01-22,124,136.1856
2024-01-22,260,224.5252
2024-01-22,149,136.92622
2024-01-22,112,145.0468
2024-01-23,68,74.53334
2024-01-23,71,71.111275
2024-01-23,101,110.82144
2024-01-23,35,43.558258
2024-01-23,81,74.17119
2024-01-23,125,105.68863
2024-01-23,11,31.803785
2024-01-23,83,69.15855
2024-01-23,95,99.81305
2024-01-23,74,75.47913
2024-01-23,145,131.29057
2024-01-23,121,151.91246
2024-01-23,99,112.09467
2024-01-23,86,86.49357
2024-01-23,118,104.44574
2024-01-23,115,114.82418
2024-01-23,100,88.91199
2024-01-23,123,131.40321
2024-01-23,53,60.86602
2024-01-23,83,64.399895
2024-01-23,87,97.85272
2024-01-23,57,66.544846
2024-01-23,110,111.387825
2024-01-23,123,117.25736
2024-01-23,95,94.5049
2024-01-23,80,74.490166
2024-01-23,104,88.42457
2024-01-23,157,159.87256
2024-01-23,61,72.11492
2024-01-23,98,95.85652
2024-01-23,69,83.04678
2024-01-23,91,112.30317
2024-01-23,138,135.11813
2024-01-23,95,113.3022
2024-01-23,108,102.996056
2024-01-23,106,104.25063
2024-01-23,68,75.299355
2024-01-23,67,78.52767
2024-01-23,125,131.22864
2024-01-23,39,43.56315
2024-01-23,89,102.04759
2024-01-23,94,92.65731
2024-01-23,150,142.7259
2024-01-23,93,97.303444
2024-01-23,74,67.272064
2024-01-23,179,149.46269
2024-01-23,65,64.09778
2024-01-23,88,92.020325
2024-01-23,121,113.73535
2024-01-23,96,98.31051
2024-01-23,102,98.44778
2024-01-23,109,98.82755
2024-01-23,57,44.88085
2024-01-23,115,134.30746
2024-01-23,112,101.082245
2024-01-23,111,98.341125
2024-01-23,101,95.42159
2024-01-23,100,101.00627
2024-01-23,103,127.39508
2024-01-23,142,148.48438
2024-01-23,65,88.7734
2024-01-23,79,75.135254
2024-01-23,77,80.9403
2024-01-23,162,148.97418
2024-01-23,80,80.7327
2024-01-23,119,106.09253
2024-01-23,86,101.01381
2024-01-23,72,84.88479
2024-01-23,99,96.049576
2024-01-23,138,121.77114
2024-01-23,131,108.126335
2024-01-23,99,99.62513
2024-01-23,153,154.2925
2024-01-23,90,89.68844
2024-01-23,61,58.59058
2024-01-23,84,86.55025
2024-01-23,28,39.05016
2024-01-23,39,45.83921
2024-01-23,90,88.61836
2024-01-23,59,68.50053
2024-01-23,49,64.92067
2024-01-23,100,102.63367
2024-01-23,59,59.293686
2024-01-23,146,115.40055
2024-01-23,108,105.824066
2024-01-23,134,125.79656
2024-01-23,65,65.76667
2024-01-23,139,111.68327
2024-01-23,59,49.486008
2024-01-23,102,94.28696
2024-01-23,104,80.80996
2024-01-23,110,97.53626
2024-01-23,101,91.60185
2024-01-23,51,53.64411
2024-01-23,104,95.01729
2024-01-23,149,139.75043
2024-01-23,30,76.95271
2024-01-23,144,153.25224
2024-01-23,51,67.58116
2024-01-23,97,101.557686
2024-01-24,98,87.365845
2024-01-24,150,158.56628
2024-01-24,238,190.52055
2024-01-24,126,102.84648
2024-01-24,127,121.31334
2024-01-24,28,51.53007
2024-01-24,86,85.0568
2024-01-24,106,125.81974
2024-01-24,153,172.51996
2024-01-24,149,137.31873
2024-01-24,40,44.17727
2024-01-24,126,126.12028
2024-01-24,84,106.861336
2024-01-24,172,148.83324
2024-01-24,90,84.667305
2024-01-24,146,155.07137
2024-01-24,100,81.24839
2024-01-24,145,131.294
2024-01-24,153,128.72226
2024-01-24,82,82.68908
2024-01-24,89,94.36157
2024-01-24,80,94.57217
2024-01-24,60,49.910915
2024-01-24,128,115.79408
2024-01-24,77,90.62243
2024-01-24,165,159.01535
2024-01-24,99,93.800835
2024-01-24,130,162.74901
2024-01-24,284,241.23772
2024-01-24,169,159.88986
2024-01-24,119,105.635574
2024-01-24,119,110.41081
2024-01-24,134,156.62721
2024-01-24,87,87.64666
2024-01-24,79,69.40897
2024-01-24,72,113.397835
2024-01-24,99,103.292534
2024-01-24,103,110.15503
2024-01-24,176,167.0488
2024-01-24,49,63.624424
2024-01-24,64,61.506393
2024-01-24,126,127.54813
2024-01-24,167,132.99413
2024-01-24,92,96.26201
2024-01-24,85,93.12312
2024-01-24,105,99.2533
2024-01-24,56,61.801945
2024-01-24,187,202.89986
2024-01-24,193,177.92232
2024-01-24,228,191.78648
2024-01-24,81,86.25692
2024-01-24,111,107.73292
2024-01-24,70,103.08653
2024-01-24,104,97.07942
2024-01-24,154,152.50426
2024-01-24,82,114.49292
2024-01-24,79,72.73893
2024-01-24,59,65.531876
2024-01-24,128,141.85683
2024-01-24,115,102.44464
2024-01-24,115,102.75871
2024-01-24,110,98.18213
2024-01-24,116,112.04266
2024-01-24,140,132.9063
2024-01-24,101,109.67215
2024-01-24,121,133.92892
2024-01-24,76,62.35943
2024-01-24,78,87.03645
2024-01-24,176,161.86552
2024-01-24,129,144.45064
2024-01-24,82,68.54845
2024-01-24,87,90.658394
2024-01-24,94,91.08821
2024-01-24,65,67.188416
2024-01-24,69,64.54926
2024-01-24,65,67.32917
2024-01-24,169,144.93564
2024-01-24,52,53.99094
2024-01-24,69,63.44446
2024-01-24,73,71.80156
2024-01-24,236,193.9511
2024-01-24,70,59.478386
2024-01-24,150,132.13641
2024-01-24,145,136.60594
2024-01-24,64,67.63076
2024-01-24,167,168.78098
2024-01-24,56,62.67435
2024-01-24,146,172.61166
2024-01-24,140,145.01268
2024-01-24,153,129.49458
2024-01-24,74,85.88245
2024-01-24,60,71.71794
2024-01-24,163,166.4887
2024-01-24,111,106.34987
2024-01-24,136,117.5564
2024-01-24,83,97.6357
2024-01-24,93,103.75014
2024-01-24,139,121.86166
2024-01-24,89,99.99899
2024-01-24,121,117.18258
2024-01-25,137,141.6133
2024-01-25,91,112.522606
2024-01-25,215,166.99431
2024-01-25,89,87.76625
2024-01-25,169,172.7034
2024-01-25,147,174.69005
2024-01-25,105,122.63384
2024-01-25,110,122.270096
2024-01-25,210,192.08635
2024-01-25,79,90.535095
2024-01-25,92,95.72007
2024-01-25,112,99.936935
2024-01-25,174,154.6879
2024-01-25,67,69.6569
2024-01-25,170,153.57011
2024-01-25,156,140.82257
2024-01-25,100,114.56167
2024-01-25,189,160.43405
2024-01-25,115,124.44962
2024-01-25,48,51.887253
2024-01-25,49,88.907814
2024-01-25,54,71.0929
2024-01-25,78,111.045265
2024-01-25,109,106.559906
2024-01-25,133,133.47162
2024-01-25,226,225.49312
2024-01-25,155,145.00275
2024-01-25,120,152.71347
2024-01-25,135,142.37724
2024-01-25,115,133.50406
2024-01-25,80,76.556465
2024-01-25,86,92.64857
2024-01-25,114,120.76024
2024-01-25,87,95.25377
2024-01-25,121,124.80697
2024-01-25,132,127.01136
2024-01-25,98,126.4003
2024-01-25,120,104.56086
2024-01-25,131,133.15836
2024-01-25,56,84.37636
2024-01-25,73,80.988075
2024-01-25,73,105.59736
2024-01-25,100,127.71003
2024-01-25,162,135.68983
2024-01-25,147,147.73375
2024-01-25,103,124.75281
2024-01-25,145,143.47136
2024-01-25,109,117.38784
2024-01-25,180,169.12558
2024-01-25,90,121.50174
2024-01-25,106,117.73076
2024-01-25,85,81.70112
2024-01-25,220,234.96074
2024-01-25,115,111.406746
2024-01-25,188,189.76114
2024-01-25,151,155.54301
2024-01-25,64,82.44793
2024-01-25,102,99.50967
2024-01-25,154,167.59938
2024-01-25,158,160.73073
2024-01-25,135,140.30072
2024-01-25,105,130.35797
2024-01-25,68,72.03587
2024-01-25,95,98.51029
2024-01-25,105,113.81112
2024-01-25,191,186.46631
2024-01-25,152,145.01279
2024-01-25,96,96.88301
2024-01-25,189,175.35776
2024-01-25,140,158.48643
2024-01-25,153,137.81586
2024-01-25,120,115.87524
2024-01-25,212,182.48555
2024-01-25,57,55.538116
2024-01-25,73,68.37937
2024-01-25,85,84.973885
2024-01-25,134,143.90417
2024-01-25,96,89.881195
2024-01-25,112,120.105484
2024-01-25,44,63.66487
2024-01-25,209,168.68994
2024-01-25,101,112.056244
2024-01-25,62,67.912994
2024-01-25,143,130.77063
2024-01-25,145,171.2781
2024-01-25,141,151.19379
2024-01-25,37,49.31575
2024-01-25,148,160.09845
2024-01-25,112,140.73209
2024-01-25,76,108.10352
2024-01-25,85,76.94429
2024-01-25,4,19.372833
2024-01-25,151,157.41275
2024-01-25,66,66.13287
2024-01-25,103,84.451645
2024-01-25,98,89.19233
2024-01-25,117,156.37325
2024-01-25,175,164.70319
2024-01-25,97,119.7924
2024-01-25,63,101.247246
2024-01-26,72,84.80687
2024-01-26,144,180.43205
2024-01-26,95,66.808846
2024-01-26,67,62.865837
2024-01-26,166,149.27206
2024-01-26,67,81.85841
2024-01-26,99,99.00516
2024-01-26,112,97.34709
2024-01-26,119,117.460526
2024-01-26,91,92.23598
2024-01-26,106,108.89971
2024-01-26,125,127.65209
2024-01-26,104,94.72679
2024-01-26,116,120.75594
2024-01-26,148,123.751205
2024-01-26,113,92.69319
2024-01-26,77,61.50528
2024-01-26,116,89.83484
2024-01-26,153,135.26794
2024-01-26,69,66.939384
2024-01-26,102,106.91825
2024-01-26,111,149.5706
2024-01-26,159,136.55627
2024-01-26,122,113.72729
2024-01-26,175,159.34914
2024-01-26,121,127.1163
2024-01-26,75,82.06501
2024-01-26,104,95.97432
2024-01-26,135,108.995384
2024-01-26,120,123.001976
2024-01-26,78,69.687485
2024-01-26,49,83.23607
2024-01-26,120,126.0067
2024-01-26,121,104.03525
2024-01-26,206,174.47871
2024-01-26,101,101.18477
2024-01-26,81,82.17487
2024-01-26,179,150.13353
2024-01-26,146,161.14464
2024-01-26,119,111.20046
2024-01-26,81,83.37914
2024-01-26,57,88.29557
2024-01-26,110,101.10448
2024-01-26,189,152.6876
2024-01-26,86,67.21478
2024-01-26,120,112.70416
2024-01-26,83,86.878525
2024-01-26,135,126.13454
2024-01-26,94,69.91803
2024-01-26,18,15.192514
2024-01-26,91,84.54806
2024-01-26,93,89.6657
2024-01-26,52,55.52036
2024-01-26,128,126.16899
2024-01-26,146,130.66548
2024-01-26,157,129.79504
2024-01-26,118,109.16333
2024-01-26,114,101.91627
2024-01-26,114,114.0536
2024-01-26,69,69.86952
2024-01-26,86,87.53467
2024-01-26,108,140.08911
2024-01-26,106,100.70739
2024-01-26,216,192.13919
2024-01-26,151,162.46503
2024-01-26,140,115.58947
2024-01-26,94,120.48556
2024-01-26,109,96.57059
2024-01-26,168,138.69124
2024-01-26,103,91.30911
2024-01-26,88,76.29378
2024-01-26,81,100.07381
2024-01-26,146,150.65909
2024-01-26,85,88.37297
2024-01-26,89,93.46929
2024-01-26,91,86.52875
2024-01-26,135,128.03264
2024-01-26,69,75.447334
2024-01-26,258,221.64825
2024-01-26,74,71.92237
2024-01-26,152,121.96549
2024-01-26,84,109.61519
2024-01-26,80,86.05798
2024-01-26,167,168.09163
2024-01-26,248,203.21962
2024-01-26,76,112.25981
2024-01-26,99,127.44568
2024-01-26,122,113.44437
2024-01-26,62,57.543343
2024-01-26,29,32.244434
2024-01-26,118,112.39172
2024-01-26,65,90.475815
2024-01-26,127,154.01244
2024-01-26,65,71.766815
2024-01-26,151,145.97989
2024-01-26,69,66.24995
2024-01-26,75,77.45617
2024-01-26,135,141.04366
2024-01-26,89,103.33755
2024-01-26,134,129.02466
2024-01-27,99,86.646355
2024-01-27,125,133.8962
2024-01-27,69,59.723377
2024-01-27,114,123.354256
2024-01-27,183,192.75798
2024-01-27,80,70.482895
2024-01-27,157,147.92325
2024-01-27,102,102.29302
2024-01-27,198,191.23857
2024-01-27,68,54.77895
2024-01-27,79,82.30874
2024-01-27,159,138.81007
2024-01-27,69,87.84229
2024-01-27,178,161.23434
2024-01-27,144,152.08939
2024-01-27,62,47.93382
2024-01-27,131,120.168335
2024-01-27,156,175.20256
2024-01-27,77,86.69345
2024-01-27,79,77.58298
2024-01-27,150,152.83633
2024-01-27,196,184.14961
2024-01-27,143,126.15051
2024-01-27,111,152.66582
2024-01-27,132,150.33061
2024-01-27,167,157.4839
2024-01-27,174,161.70905
2024-01-27,173,162.23946
2024-01-27,148,135.59924
2024-01-27,159,136.26341
2024-01-27,66,58.506004
2024-01-27,81,74.07701
2024-01-27,117,102.0953
2024-01-27,148,129.16028
2024-01-27,179,194.8215
2024-01-27,110,111.28539
2024-01-27,99,102.104416
2024-01-27,218,183.54329
2024-01-27,79,106.491585
2024-01-27,72,74.73567
2024-01-27,125,117.63553
2024-01-27,112,161.2037
2024-01-27,84,85.85344
2024-01-27,134,132.01303
2024-01-27,109,145.97232
2024-01-27,122,119.20023
2024-01-27,162,146.90657
2024-01-27,149,137.11452
2024-01-27,164,152.74596
2024-01-27,137,129.39658
2024-01-27,101,102.91251
2024-01-27,107,92.22033
2024-01-27,152,164.40282
2024-01-27,65,70.39563
2024-01-27,183,194.99669
2024-01-27,88,81.20151
2024-01-27,117,104.55188
2024-01-27,16,47.55747
2024-01-27,66,98.312515
2024-01-27,114,116.36571
2024-01-27,120,136.46515
2024-01-27,170,170.41377
2024-01-27,73,79.11409
2024-01-27,158,161.80687
2024-01-27,222,182.29414
2024-01-27,87,78.24313
2024-01-27,218,197.26828
2024-01-27,83,79.265594
2024-01-27,175,170.41452
2024-01-27,131,133.88815
2024-01-27,55,49.519146
2024-01-27,51,50.81179
2024-01-27,151,123.69542
2024-01-27,112,98.97848
2024-01-27,131,130.1616
2024-01-27,77,78.37298
2024-01-27,68,53.5456
2024-01-27,84,87.89113
2024-01-27,59,60.123627
2024-01-27,68,66.41191
2024-01-27,68,77.03066
2024-01-27,83,118.21475
2024-01-27,92,76.542816
2024-01-27,69,77.25913
2024-01-27,111,132.73021
2024-01-27,142,125.61392
2024-01-27,92,96.67681
2024-01-27,119,114.67756
2024-01-27,92,88.12705
2024-01-27,108,97.67501
2024-01-27,89,91.15009
2024-01-27,66,62.329533
2024-01-27,175,157.34749
2024-01-27,67,68.27868
2024-01-27,120,129.57512
2024-01-27,48,37.335773
2024-01-27,111,100.28234
2024-01-27,136,153.09651
2024-01-27,63,67.42226
2024-01-27,38,38.09286
2024-01-28,139,117.88857
2024-01-28,114,124.961845
2024-01-28,192,184.77779
2024-01-28,108,103.05746
2024-01-28,83,105.28531
2024-01-28,127,130.6835
2024-01-28,92,97.5181
2024-01-28,118,124.38308
2024-01-28,164,164.19347
2024-01-28,82,81.82832
2024-01-28,95,90.355286
2024-01-28,65,61.63
2024-01-28,57,107.95439
2024-01-28,59,73.50065
2024-01-28,80,95.56832
2024-01-28,140,112.62345
2024-01-28,144,155.752
2024-01-28,245,246.76897
2024-01-28,80,71.35438
2024-01-28,103,85.58835
2024-01-28,151,130.17639
2024-01-28,104,105.27322
2024-01-28,170,153.4989
2024-01-28,124,135.67038
2024-01-28,101,110.8462
2024-01-28,167,147.85722
2024-01-28,60,79.38379
2024-01-28,124,149.7582
2024-01-28,131,134.04536
2024-01-28,112,138.07664
2024-01-28,121,124.25986
2024-01-28,87,84.632835
2024-01-28,130,140.9154
2024-01-28,37,54.720276
2024-01-28,58,75.86544
2024-01-28,61,70.312004
2024-01-28,124,131.22694
2024-01-28,147,127.67287
2024-01-28,117,115.16731
2024-01-28,134,126.64446
2024-01-28,103,88.60114
2024-01-28,111,114.500565
2024-01-28,164,150.40242
2024-01-28,175,174.49986
2024-01-28,29,39.45582
2024-01-28,111,97.337944
2024-01-28,123,121.875206
2024-01-28,74,88.51689
2024-01-28,103,100.41189
2024-01-28,104,112.49833
2024-01-28,106,101.675385
2024-01-28,112,94.80701
2024-01-28,121,117.72048
2024-01-28,138,134.40088
2024-01-28,126,157.8093
2024-01-28,65,57.28026
2024-01-28,131,142.87996
2024-01-28,97,91.68506
2024-01-28,188,164.45293
2024-01-28,161,156.53528
2024-01-28,175,143.40378
2024-01-28,97,107.1031
2024-01-28,126,134.5363
2024-01-28,136,125.72973
2024-01-28,153,137.3326
2024-01-28,223,189.84048
2024-01-28,156,143.26074
2024-01-28,73,78.285545
2024-01-28,82,115.32882
2024-01-28,122,133.73187
2024-01-28,55,56.547237
2024-01-28,146,150.1776
2024-01-28,146,174.41356
2024-01-28,126,120.49847
2024-01-28,88,107.79981
2024-01-28,87,80.88085
2024-01-28,116,168.19014
2024-01-28,89,106.51667
2024-01-28,58,72.43035
2024-01-28,75,70.06494
2024-01-28,128,133.84932
2024-01-28,115,121.60418
2024-01-28,113,114.55291
2024-01-28,147,136.79701
2024-01-28,98,137.80676
2024-01-28,112,99.900444
2024-01-28,96,115.52412
2024-01-28,133,146.94844
2024-01-28,98,120.30424
2024-01-28,87,109.80616
2024-01-28,112,105.47001
2024-01-28,96,95.486015
2024-01-28,116,122.397194
2024-01-28,85,89.40066
2024-01-28,193,174.80688
2024-01-28,65,57.883137
2024-01-28,106,119.10738
2024-01-28,115,125.46188
2024-01-28,77,83.77902
2024-01-28,130,134.55608
2024-01-29,112,102.74487
2024-01-29,64,58.64453
2024-01-29,198,170.88258
2024-01-29,76,89.41313
2024-01-29,123,127.169395
2024-01-29,113,107.42152
2024-01-29,173,133.31734
2024-01-29,109,90.16389
2024-01-29,133,138.11784
2024-01-29,68,69.558075
2024-01-29,65,56.17467
2024-01-29,174,155.94904
2024-01-29,109,106.03117
2024-01-29,77,78.6114
2024-01-29,86,92.340675
2024-01-29,99,84.146225
2024-01-29,108,120.34711
2024-01-29,103,103.504326
2024-01-29,105,106.16606
2024-01-29,72,70.22153
2024-01-29,57,54.899937
2024-01-29,69,81.07684
2024-01-29,102,124.02086
2024-01-29,139,136.04568
2024-01-29,68,64.771286
2024-01-29,100,113.50188
2024-01-29,129,105.123535
2024-01-29,111,99.77021
2024-01-29,85,79.95081
2024-01-29,120,111.16016
2024-01-29,152,144.16719
2024-01-29,77,64.78683
2024-01-29,80,83.3531
2024-01-29,90,79.98046
2024-01-29,122,126.24586
2024-01-29,137,115.91711
2024-01-29,79,74.61017
2024-01-29,85,113.57406
2024-01-29,118,116.84733
2024-01-29,43,49.82289
2024-01-29,55,52.445366
2024-01-29,116,111.682205
2024-01-29,87,94.70244
2024-01-29,100,115.51808
2024-01-29,66,88.50553
2024-01-29,88,98.79541
2024-01-29,113,98.3369
2024-01-29,166,134.68645
2024-01-29,138,117.964645
2024-01-29,94,99.976
2024-01-29,114,111.937584
2024-01-29,43,35.01548
2024-01-29,109,106.31905
2024-01-29,96,97.83656
2024-01-29,81,122.28357
2024-01-29,111,101.51412
2024-01-29,77,79.95256
2024-01-29,79,79.429436
2024-01-29,81,75.30301
2024-01-29,109,106.76384
2024-01-29,171,145.6459
2024-01-29,137,124.14929
2024-01-29,74,85.79504
2024-01-29,132,156.43434
2024-01-29,56,68.875626
2024-01-29,118,149.8652
2024-01-29,89,89.268776
2024-01-29,83,83.37345
2024-01-29,42,33.26102
2024-01-29,115,117.98796
2024-01-29,97,93.209915
2024-01-29,166,156.20926
2024-01-29,120,101.13975
2024-01-29,83,91.19121
2024-01-29,66,74.94663
2024-01-29,71,73.88908
2024-01-29,132,166.47415
2024-01-29,97,101.576004
2024-01-29,120,112.96736
2024-01-29,63,78.49743
2024-01-29,118,118.29525
2024-01-29,118,103.73552
2024-01-29,100,110.25598
2024-01-29,87,102.67627
2024-01-29,164,139.18495
2024-01-29,78,122.987404
2024-01-29,133,124.17187
2024-01-29,169,148.51572
2024-01-29,67,76.63036
2024-01-29,90,93.50308
2024-01-29,51,66.54822
2024-01-29,71,63.183723
2024-01-29,142,119.00929
2024-01-29,90,91.120766
2024-01-29,94,119.182526
2024-01-29,109,108.09655
2024-01-29,132,138.12428
2024-01-29,202,176.189
2024-01-29,63,58.456432
2024-01-29,105,104.87747
2024-01-30,111,98.98266
2024-01-30,119,105.721756
2024-01-30,137,134.73544
2024-01-30,84,84.274254
2024-01-30,29,28.91591
2024-01-30,96,101.27531
2024-01-30,80,82.979485
2024-01-30,53,52.775032
2024-01-30,84,93.80899
2024-01-30,69,70.05824
2024-01-30,44,51.089794
2024-01-30,86,89.856674
2024-01-30,116,111.203735
2024-01-30,86,99.538864
2024-01-30,83,68.82257
2024-01-30,90,88.78442
2024-01-30,80,87.93958
2024-01-30,70,84.669785
2024-01-30,61,54.43499
2024-01-30,73,75.04304
2024-01-30,87,105.16791
2024-01-30,78,88.98818
2024-01-30,79,83.30533
2024-01-30,73,80.26484
2024-01-30,138,118.48139
2024-01-30,118,123.15355
2024-01-30,109,113.58868
2024-01-30,96,114.794365
2024-01-30,108,102.8423
2024-01-30,107,113.213036
2024-01-30,62,57.162697
2024-01-30,96,99.60974
2024-01-30,129,130.96649
2024-01-30,101,90.99589
2024-01-30,67,59.57421
2024-01-30,105,115.90267
2024-01-30,72,53.636448
2024-01-30,149,137.52315
2024-01-30,118,125.4774
2024-01-30,82,78.556816
2024-01-30,58,59.36138
2024-01-30,112,108.08495
2024-01-30,103,99.842606
2024-01-30,84,88.82622
2024-01-30,130,111.3044
2024-01-30,147,142.36476
2024-01-30,114,107.52162
2024-01-30,114,107.60025
2024-01-30,151,147.77858
2024-01-30,132,152.29486
2024-01-30,134,136.59895
2024-01-30,49,51.7412
2024-01-30,121,122.31438
2024-01-30,157,159.11517
2024-01-30,134,146.80594
2024-01-30,124,115.61451
2024-01-30,118,112.3402
2024-01-30,90,93.38403
2024-01-30,132,133.78004
2024-01-30,96,103.990555
2024-01-30,123,123.93597
2024-01-30,57,65.320816
2024-01-30,59,60.711353
2024-01-30,132,137.79655
2024-01-30,98,97.919235
2024-01-30,98,84.90661
2024-01-30,154,147.86008
2024-01-30,69,72.07498
2024-01-30,127,115.99926
2024-01-30,117,135.10547
2024-01-30,96,86.609825
2024-01-30,91,92.08811
2024-01-30,34,50.178505
2024-01-30,39,41.189606
2024-01-30,40,45.959892
2024-01-30,43,44.99598
2024-01-30,121,134.85054
2024-01-30,66,77.32439
2024-01-30,126,125.91544
2024-01-30,93,83.55741
2024-01-30,99,105.13043
2024-01-30,136,124.26038
2024-01-30,121,113.26564
2024-01-30,115,124.44886
2024-01-30,113,91.61282
2024-01-30,163,154.20195
2024-01-30,56,56.170605
2024-01-30,81,93.18385
2024-01-30,94,99.306526
2024-01-30,78,75.13648
2024-01-30,74,66.28035
2024-01-30,54,49.90848
2024-01-30,97,109.0857
2024-01-30,120,122.55743
2024-01-30,122,108.92159
2024-01-30,64,58.99855
2024-01-30,137,118.60489
2024-01-30,68,68.431946
2024-01-30,84,94.32962
2024-01-30,73,74.2497
