date,actual,predicted,residual
2023-10-13,38,57.954613,-19.954612731933594
2023-10-13,95,94.555084,0.444915771484375
2023-10-13,57,52.40548,4.594520568847656
2023-10-13,44,55.24502,-11.24502182006836
2023-10-13,79,95.20716,-16.20716094970703
2023-10-13,33,35.81527,-2.8152694702148438
2023-10-13,117,103.51388,13.486122131347656
2023-10-13,24,44.983833,-20.98383331298828
2023-10-13,92,78.39921,13.600791931152344
2023-10-13,32,31.098944,0.9010562896728516
2023-10-13,24,29.726612,-5.726612091064453
2023-10-13,78,95.27429,-17.2742919921875
2023-10-13,23,28.69015,-5.690149307250977
2023-10-13,71,76.997,-5.997001647949219
2023-10-13,39,33.916626,5.0833740234375
2023-10-13,78,83.39319,-5.3931884765625
2023-10-13,51,46.18328,4.816719055175781
2023-10-13,163,151.9088,11.091201782226562
2023-10-13,23,23.479052,-0.4790515899658203
2023-10-13,44,32.395252,11.604747772216797
2023-10-13,65,71.54841,-6.548408508300781
2023-10-13,12,17.669016,-5.669015884399414
2023-10-13,77,61.781704,15.21829605102539
2023-10-13,82,92.91152,-10.911521911621094
2023-10-13,66,74.33364,-8.333641052246094
2023-10-13,63,63.14609,-0.14609146118164062
2023-10-13,15,15.431443,-0.4314432144165039
2023-10-13,75,76.128716,-1.1287155151367188
2023-10-13,51,44.151455,6.848545074462891
2023-10-13,52,61.11913,-9.119129180908203
2023-10-13,87,84.739265,2.2607345581054688
2023-10-13,104,95.21672,8.783279418945312
2023-10-13,103,98.925476,4.07452392578125
2023-10-13,47,50.38009,-3.3800888061523438
2023-10-13,131,105.18719,25.81281280517578
2023-10-13,157,152.94969,4.0503082275390625
2023-10-13,8,17.82042,-9.820419311523438
2023-10-13,83,104.64997,-21.64997100830078
2023-10-13,130,127.49762,2.50238037109375
2023-10-13,47,44.772476,2.2275238037109375
2023-10-13,39,45.179886,-6.1798858642578125
2023-10-13,91,75.70181,15.298187255859375
2023-10-13,33,47.363876,-14.363876342773438
2023-10-13,114,105.45069,8.549308776855469
2023-10-13,79,61.848812,17.151187896728516
2023-10-13,36,30.094002,5.905998229980469
2023-10-13,82,70.36211,11.637893676757812
2023-10-13,88,100.16987,-12.169868469238281
2023-10-13,30,40.90197,-10.901969909667969
2023-10-13,101,92.06774,8.932258605957031
2023-10-13,64,80.34035,-16.340347290039062
2023-10-13,70,52.243393,17.756607055664062
2023-10-13,76,96.60845,-20.60845184326172
2023-10-13,130,114.11166,15.888343811035156
2023-10-13,102,97.9622,4.037803649902344
2023-10-13,70,66.93869,3.061309814453125
2023-10-13,38,37.34295,0.6570510864257812
2023-10-13,35,53.799625,-18.799625396728516
2023-10-13,171,182.38853,-11.388534545898438
2023-10-13,140,121.19018,18.80982208251953
2023-10-13,86,73.180664,12.8193359375
2023-10-13,44,32.461285,11.538715362548828
2023-10-13,31,35.85027,-4.850269317626953
2023-10-13,92,87.53353,4.466468811035156
2023-10-13,114,138.11203,-24.112030029296875
2023-10-13,90,73.151054,16.84894561767578
2023-10-13,88,74.016556,13.983444213867188
2023-10-13,37,38.47211,-1.4721107482910156
2023-10-13,73,88.87417,-15.874168395996094
2023-10-13,109,103.474976,5.5250244140625
2023-10-13,95,91.953735,3.0462646484375
2023-10-13,36,37.51683,-1.5168304443359375
2023-10-13,54,62.62412,-8.62411880493164
2023-10-13,32,46.423477,-14.423477172851562
2023-10-13,29,28.688673,0.3113269805908203
2023-10-13,81,54.398903,26.601097106933594
2023-10-13,134,131.12195,2.8780517578125
2023-10-13,16,27.834146,-11.834146499633789
2023-10-13,131,145.87294,-14.872940063476562
2023-10-13,50,36.08135,13.918651580810547
2023-10-13,37,35.7995,1.20050048828125
2023-10-13,37,29.536333,7.463666915893555
2023-10-13,37,30.890873,6.109127044677734
2023-10-13,65,60.246517,4.753482818603516
2023-10-13,69,83.88686,-14.886863708496094
2023-10-13,51,51.98125,-0.9812507629394531
2023-10-13,53,52.411587,0.5884132385253906
2023-10-13,85,100.67851,-15.678512573242188
2023-10-13,38,40.89025,-2.8902511596679688
2023-10-13,53,70.32638,-17.326377868652344
2023-10-13,40,48.192787,-8.192787170410156
2023-10-13,57,60.832848,-3.8328475952148438
2023-10-13,95,94.7745,0.22550201416015625
2023-10-13,37,43.71768,-6.717681884765625
2023-10-13,123,107.41233,15.587669372558594
2023-10-13,17,10.596114,6.403885841369629
2023-10-13,18,28.126528,-10.126527786254883
2023-10-13,192,195.17351,-3.1735076904296875
2023-10-13,31,43.348423,-12.34842300415039
2023-10-13,49,34.99494,14.005058288574219
2023-10-14,34,42.022976,-8.02297592163086
2023-10-14,184,162.77995,21.220046997070312
2023-10-14,67,70.369865,-3.3698654174804688
2023-10-14,50,51.22466,-1.2246589660644531
2023-10-14,153,145.64282,7.357177734375
2023-10-14,35,32.21591,2.784088134765625
2023-10-14,118,109.534096,8.465904235839844
2023-10-14,39,40.219097,-1.2190971374511719
2023-10-14,124,107.34461,16.65538787841797
2023-10-14,59,47.80646,11.193538665771484
2023-10-14,18,22.982403,-4.982402801513672
2023-10-14,98,106.62759,-8.627586364746094
2023-10-14,12,25.64756,-13.647560119628906
2023-10-14,69,70.67199,-1.6719894409179688
2023-10-14,27,18.723696,8.276304244995117
2023-10-14,61,78.33265,-17.33264923095703
2023-10-14,14,19.61113,-5.6111297607421875
2023-10-14,106,98.72865,7.2713470458984375
2023-10-14,46,37.295742,8.70425796508789
2023-10-14,32,30.107918,1.8920822143554688
2023-10-14,105,88.6834,16.31659698486328
2023-10-14,46,42.241184,3.7588157653808594
2023-10-14,18,38.199768,-20.19976806640625
2023-10-14,54,65.863716,-11.863716125488281
2023-10-14,68,67.9585,0.04149627685546875
2023-10-14,118,104.202385,13.797615051269531
2023-10-14,26,12.04051,13.959489822387695
2023-10-14,97,87.23478,9.765220642089844
2023-10-14,78,73.844826,4.155174255371094
2023-10-14,66,70.34788,-4.347877502441406
2023-10-14,79,74.965454,4.0345458984375
2023-10-14,70,68.016594,1.9834060668945312
2023-10-14,73,56.684364,16.315635681152344
2023-10-14,87,90.50084,-3.5008392333984375
2023-10-14,121,113.26389,7.736106872558594
2023-10-14,92,101.581894,-9.581893920898438
2023-10-14,27,23.239899,3.760101318359375
2023-10-14,131,118.8791,12.120903015136719
2023-10-14,117,127.17604,-10.176040649414062
2023-10-14,31,29.31839,1.681610107421875
2023-10-14,18,21.116331,-3.116331100463867
2023-10-14,100,94.8495,5.1504974365234375
2023-10-14,60,47.100872,12.899127960205078
2023-10-14,68,66.23707,1.7629318237304688
2023-10-14,26,42.207375,-16.207374572753906
2023-10-14,19,22.83524,-3.8352394104003906
2023-10-14,59,60.8757,-1.875701904296875
2023-10-14,70,80.72586,-10.725860595703125
2023-10-14,67,76.572556,-9.572555541992188
2023-10-14,80,70.73381,9.266189575195312
2023-10-14,54,45.684834,8.315166473388672
2023-10-14,45,41.09,3.9099998474121094
2023-10-14,107,85.57516,21.424842834472656
2023-10-14,92,82.334785,9.665214538574219
2023-10-14,82,73.95665,8.043350219726562
2023-10-14,93,76.7826,16.21739959716797
2023-10-14,16,21.98781,-5.987810134887695
2023-10-14,59,52.09368,6.906318664550781
2023-10-14,64,72.844284,-8.844284057617188
2023-10-14,68,90.14244,-22.142440795898438
2023-10-14,130,105.59364,24.406356811523438
2023-10-14,108,98.26586,9.734138488769531
2023-10-14,42,35.55172,6.448280334472656
2023-10-14,53,68.6561,-15.656097412109375
2023-10-14,137,156.33319,-19.33319091796875
2023-10-14,38,38.915695,-0.9156951904296875
2023-10-14,25,42.5227,-17.522701263427734
2023-10-14,42,43.21351,-1.2135086059570312
2023-10-14,115,140.40457,-25.404571533203125
2023-10-14,85,83.66042,1.3395767211914062
2023-10-14,114,110.773926,3.22607421875
2023-10-14,72,101.17295,-29.172950744628906
2023-10-14,66,69.33568,-3.3356781005859375
2023-10-14,42,46.145542,-4.145542144775391
2023-10-14,74,53.879417,20.120582580566406
2023-10-14,43,35.96576,7.03424072265625
2023-10-14,88,76.203224,11.796775817871094
2023-10-14,49,40.778263,8.221736907958984
2023-10-14,96,107.831924,-11.831924438476562
2023-10-14,43,48.786407,-5.786407470703125
2023-10-14,47,47.45806,-0.45806121826171875
2023-10-14,70,57.086407,12.913593292236328
2023-10-14,30,24.221506,5.778493881225586
2023-10-14,38,58.27108,-20.271080017089844
2023-10-14,51,64.52309,-13.523086547851562
2023-10-14,107,95.502014,11.49798583984375
2023-10-14,45,41.7632,3.2368011474609375
2023-10-14,82,82.326065,-0.3260650634765625
2023-10-14,31,53.63284,-22.63283920288086
2023-10-14,87,86.51959,0.48040771484375
2023-10-14,44,42.71308,1.2869186401367188
2023-10-14,33,33.9299,-0.929901123046875
2023-10-14,79,83.54651,-4.5465087890625
2023-10-14,36,32.838245,3.161754608154297
2023-10-14,100,70.239075,29.76092529296875
2023-10-14,25,33.471573,-8.471572875976562
2023-10-14,19,23.432016,-4.432016372680664
2023-10-14,189,146.06139,42.93861389160156
2023-10-14,22,27.570042,-5.570041656494141
2023-10-14,10,30.247147,-20.247146606445312
2023-10-15,28,32.87934,-4.879341125488281
2023-10-15,114,112.33588,1.66412353515625
2023-10-15,80,80.14323,-0.14322662353515625
2023-10-15,48,40.332993,7.6670074462890625
2023-10-15,50,63.284943,-13.284942626953125
2023-10-15,30,37.247017,-7.247016906738281
2023-10-15,74,78.9761,-4.976097106933594
2023-10-15,65,50.51635,14.483650207519531
2023-10-15,127,119.78202,7.217979431152344
2023-10-15,27,27.130941,-0.13094139099121094
2023-10-15,38,34.29366,3.706340789794922
2023-10-15,46,79.31873,-33.31873321533203
2023-10-15,33,28.600569,4.399431228637695
2023-10-15,103,115.07746,-12.077461242675781
2023-10-15,39,32.023205,6.976795196533203
2023-10-15,95,94.3227,0.6772994995117188
2023-10-15,34,21.547113,12.452886581420898
2023-10-15,83,82.22116,0.778839111328125
2023-10-15,46,34.816864,11.183135986328125
2023-10-15,32,26.86758,5.132419586181641
2023-10-15,53,47.49132,5.508678436279297
2023-10-15,47,53.848328,-6.84832763671875
2023-10-15,110,80.66272,29.3372802734375
2023-10-15,63,66.86024,-3.8602371215820312
2023-10-15,45,54.56158,-9.561580657958984
2023-10-15,117,118.19506,-1.1950607299804688
2023-10-15,47,37.991447,9.008552551269531
2023-10-15,99,103.83035,-4.830352783203125
2023-10-15,77,85.42203,-8.422027587890625
2023-10-15,94,108.48872,-14.488723754882812
2023-10-15,63,60.744118,2.2558822631835938
2023-10-15,63,53.110863,9.889137268066406
2023-10-15,65,58.430866,6.569133758544922
2023-10-15,110,120.15123,-10.151229858398438
2023-10-15,217,179.7268,37.273193359375
2023-10-15,133,121.86008,11.139923095703125
2023-10-15,25,28.890863,-3.8908634185791016
2023-10-15,89,98.31634,-9.316337585449219
2023-10-15,70,85.977425,-15.977424621582031
2023-10-15,32,29.876034,2.1239662170410156
2023-10-15,35,30.57637,4.4236297607421875
2023-10-15,92,86.288536,5.711463928222656
2023-10-15,65,64.41312,0.586883544921875
2023-10-15,98,70.66236,27.33763885498047
2023-10-15,28,45.566795,-17.566795349121094
2023-10-15,52,44.6862,7.313800811767578
2023-10-15,71,73.01115,-2.0111465454101562
2023-10-15,94,94.41333,-0.413330078125
2023-10-15,77,96.16045,-19.16045379638672
2023-10-15,62,83.54522,-21.54521942138672
2023-10-15,49,54.5303,-5.530300140380859
2023-10-15,30,28.130821,1.8691787719726562
2023-10-15,94,86.901535,7.0984649658203125
2023-10-15,100,109.49313,-9.493133544921875
2023-10-15,197,197.14984,-0.14984130859375
2023-10-15,67,60.425003,6.5749969482421875
2023-10-15,38,33.312737,4.687263488769531
2023-10-15,34,33.081547,0.9184532165527344
2023-10-15,57,44.275272,12.724727630615234
2023-10-15,94,97.415665,-3.4156646728515625
2023-10-15,56,50.07634,5.9236602783203125
2023-10-15,50,54.35903,-4.359031677246094
2023-10-15,34,29.680368,4.319631576538086
2023-10-15,84,90.43532,-6.4353179931640625
2023-10-15,131,146.05498,-15.054977416992188
2023-10-15,56,94.86478,-38.864776611328125
2023-10-15,86,122.67715,-36.677146911621094
2023-10-15,34,34.494797,-0.4947967529296875
2023-10-15,140,139.11467,0.8853302001953125
2023-10-15,109,110.995705,-1.9957046508789062
2023-10-15,71,72.32881,-1.3288116455078125
2023-10-15,61,57.91693,3.08306884765625
2023-10-15,117,106.863205,10.136795043945312
2023-10-15,57,54.700096,2.2999038696289062
2023-10-15,68,57.17818,10.821819305419922
2023-10-15,23,34.374886,-11.374885559082031
2023-10-15,105,93.453186,11.54681396484375
2023-10-15,39,33.350914,5.649085998535156
2023-10-15,114,113.95068,0.04931640625
2023-10-15,24,31.117668,-7.117668151855469
2023-10-15,32,47.010925,-15.01092529296875
2023-10-15,46,47.05028,-1.0502815246582031
2023-10-15,21,23.804283,-2.8042831420898438
2023-10-15,78,56.3756,21.624401092529297
2023-10-15,102,110.42889,-8.428886413574219
2023-10-15,90,85.59988,4.400123596191406
2023-10-15,108,108.38069,-0.3806915283203125
2023-10-15,91,82.336136,8.663864135742188
2023-10-15,86,127.345894,-41.34589385986328
2023-10-15,35,49.973415,-14.97341537475586
2023-10-15,64,50.705868,13.294132232666016
2023-10-15,37,42.840836,-5.8408355712890625
2023-10-15,27,34.14722,-7.147220611572266
2023-10-15,23,37.85261,-14.852611541748047
2023-10-15,104,104.049934,-0.04993438720703125
2023-10-15,27,16.300478,10.699522018432617
2023-10-15,17,23.913506,-6.913505554199219
2023-10-15,209,165.17259,43.82740783691406
2023-10-15,9,12.879594,-3.879593849182129
2023-10-15,32,20.90163,11.098369598388672
2023-10-16,46,46.317303,-0.3173027038574219
2023-10-16,54,53.93033,0.069671630859375
2023-10-16,76,71.5263,4.473701477050781
2023-10-16,49,38.4963,10.503700256347656
2023-10-16,114,100.85562,13.144378662109375
2023-10-16,39,37.309357,1.690643310546875
2023-10-16,80,81.82527,-1.8252716064453125
2023-10-16,42,35.0134,6.986598968505859
2023-10-16,91,90.865585,0.1344146728515625
2023-10-16,12,19.151491,-7.151491165161133
2023-10-16,34,27.792267,6.207733154296875
2023-10-16,94,80.741745,13.258255004882812
2023-10-16,48,46.50042,1.4995803833007812
2023-10-16,56,60.835968,-4.835968017578125
2023-10-16,9,13.165213,-4.165212631225586
2023-10-16,77,77.079765,-0.07976531982421875
2023-10-16,8,13.065855,-5.065855026245117
2023-10-16,98,94.74152,3.2584762573242188
2023-10-16,18,16.550154,1.4498462677001953
2023-10-16,25,29.15627,-4.156269073486328
2023-10-16,101,87.00264,13.997360229492188
2023-10-16,62,36.146175,25.853824615478516
2023-10-16,62,70.303986,-8.303985595703125
2023-10-16,78,71.3129,6.687103271484375
2023-10-16,79,71.66978,7.330223083496094
2023-10-16,147,122.29483,24.705169677734375
2023-10-16,13,8.827788,4.172211647033691
2023-10-16,63,52.76621,10.23379135131836
2023-10-16,94,80.088585,13.911415100097656
2023-10-16,80,81.767746,-1.7677459716796875
2023-10-16,112,99.99164,12.00836181640625
2023-10-16,78,71.3549,6.645103454589844
2023-10-16,67,76.50901,-9.509010314941406
2023-10-16,39,54.860718,-15.8607177734375
2023-10-16,147,129.46904,17.530960083007812
2023-10-16,92,92.238434,-0.238433837890625
2023-10-16,44,26.646864,17.35313606262207
2023-10-16,77,97.91192,-20.91191864013672
2023-10-16,123,119.36401,3.635986328125
2023-10-16,17,33.546867,-16.54686737060547
2023-10-16,18,21.8549,-3.854900360107422
2023-10-16,75,59.33321,15.666790008544922
2023-10-16,44,46.231586,-2.231586456298828
2023-10-16,55,60.40091,-5.400909423828125
2023-10-16,23,34.982864,-11.982864379882812
2023-10-16,31,27.741314,3.258686065673828
2023-10-16,64,68.33945,-4.339447021484375
2023-10-16,63,63.946575,-0.9465751647949219
2023-10-16,70,75.46613,-5.466133117675781
2023-10-16,105,86.30224,18.69776153564453
2023-10-16,62,53.954582,8.045417785644531
2023-10-16,16,25.335545,-9.33554458618164
2023-10-16,90,84.44807,5.551933288574219
2023-10-16,48,66.81862,-18.818618774414062
2023-10-16,67,68.59306,-1.5930633544921875
2023-10-16,52,53.096428,-1.0964279174804688
2023-10-16,35,28.944286,6.055713653564453
2023-10-16,64,55.466404,8.53359603881836
2023-10-16,67,54.29828,12.70172119140625
2023-10-16,194,149.88313,44.11686706542969
2023-10-16,47,48.960175,-1.960174560546875
2023-10-16,56,49.72508,6.274921417236328
2023-10-16,52,39.46165,12.538349151611328
2023-10-16,82,79.75015,2.249847412109375
2023-10-16,125,113.25035,11.749649047851562
2023-10-16,75,82.96742,-7.9674224853515625
2023-10-16,52,61.28046,-9.280460357666016
2023-10-16,27,27.4368,-0.4368000030517578
2023-10-16,43,51.855034,-8.855033874511719
2023-10-16,77,62.847958,14.152042388916016
2023-10-16,95,85.35867,9.641326904296875
2023-10-16,40,40.69968,-0.6996803283691406
2023-10-16,117,92.87716,24.122840881347656
2023-10-16,55,42.60369,12.396308898925781
2023-10-16,72,51.568523,20.431476593017578
2023-10-16,21,24.998032,-3.9980316162109375
2023-10-16,85,90.08325,-5.083251953125
2023-10-16,56,44.18661,11.81338882446289
2023-10-16,74,71.90324,2.0967636108398438
2023-10-16,14,24.451126,-10.451126098632812
2023-10-16,81,68.937996,12.062004089355469
2023-10-16,26,23.18468,2.815319061279297
2023-10-16,30,20.17377,9.826229095458984
2023-10-16,56,45.770123,10.229877471923828
2023-10-16,41,55.509834,-14.509834289550781
2023-10-16,61,61.83039,-0.8303909301757812
2023-10-16,112,94.201454,17.798545837402344
2023-10-16,62,62.088634,-0.08863449096679688
2023-10-16,93,91.7184,1.2816009521484375
2023-10-16,87,70.85446,16.145538330078125
2023-10-16,58,41.212334,16.78766632080078
2023-10-16,28,27.729992,0.2700080871582031
2023-10-16,112,92.577835,19.422164916992188
2023-10-16,28,29.851875,-1.8518753051757812
2023-10-16,69,79.46758,-10.467582702636719
2023-10-16,17,21.020027,-4.020027160644531
2023-10-16,17,26.558723,-9.558723449707031
2023-10-16,134,114.59966,19.40033721923828
2023-10-16,46,32.867397,13.13260269165039
2023-10-16,37,22.704477,14.295522689819336
2023-10-17,66,56.972748,9.027252197265625
2023-10-17,80,80.58536,-0.585357666015625
2023-10-17,230,192.10059,37.8994140625
2023-10-17,69,58.26498,10.73501968383789
2023-10-17,56,67.14155,-11.141548156738281
2023-10-17,33,36.919262,-3.919261932373047
2023-10-17,75,81.005516,-6.005516052246094
2023-10-17,47,38.77566,8.22433853149414
2023-10-17,163,157.12657,5.8734283447265625
2023-10-17,16,30.749346,-14.749345779418945
2023-10-17,79,63.015255,15.984745025634766
2023-10-17,76,61.377796,14.622203826904297
2023-10-17,35,34.414894,0.5851058959960938
2023-10-17,86,78.41795,7.5820465087890625
2023-10-17,67,35.34054,31.65945816040039
2023-10-17,31,38.277733,-7.277732849121094
2023-10-17,45,42.15356,2.8464393615722656
2023-10-17,141,123.86878,17.13121795654297
2023-10-17,28,24.273142,3.726858139038086
2023-10-17,34,37.304657,-3.304656982421875
2023-10-17,132,104.39459,27.60540771484375
2023-10-17,34,24.276754,9.723245620727539
2023-10-17,71,77.40827,-6.408271789550781
2023-10-17,59,54.41972,4.580280303955078
2023-10-17,44,48.673336,-4.673336029052734
2023-10-17,114,111.89217,2.1078262329101562
2023-10-17,41,31.361351,9.638648986816406
2023-10-17,108,97.65964,10.340362548828125
2023-10-17,107,90.5142,16.485801696777344
2023-10-17,47,55.444973,-8.44497299194336
2023-10-17,73,71.25113,1.748870849609375
2023-10-17,27,33.151207,-6.151206970214844
2023-10-17,93,110.86921,-17.86920928955078
2023-10-17,44,47.59037,-3.5903701782226562
2023-10-17,127,123.69648,3.3035202026367188
2023-10-17,114,111.38976,2.6102371215820312
2023-10-17,49,27.152246,21.847753524780273
2023-10-17,122,109.330505,12.66949462890625
2023-10-17,211,185.37581,25.624191284179688
2023-10-17,23,31.376541,-8.376541137695312
2023-10-17,66,45.084404,20.91559600830078
2023-10-17,132,115.82623,16.17376708984375
2023-10-17,48,55.034744,-7.0347442626953125
2023-10-17,125,102.93791,22.062088012695312
2023-10-17,29,36.236706,-7.236705780029297
2023-10-17,34,39.108513,-5.108512878417969
2023-10-17,56,63.67692,-7.676921844482422
2023-10-17,55,65.03706,-10.037063598632812
2023-10-17,59,61.365627,-2.3656272888183594
2023-10-17,31,46.43446,-15.434459686279297
2023-10-17,148,126.63763,21.36237335205078
2023-10-17,35,28.34256,6.657440185546875
2023-10-17,97,124.11415,-27.114151000976562
2023-10-17,136,114.7395,21.260498046875
2023-10-17,145,132.39716,12.60284423828125
2023-10-17,52,54.768074,-2.7680740356445312
2023-10-17,64,53.39095,10.609050750732422
2023-10-17,56,44.604343,11.39565658569336
2023-10-17,103,90.35385,12.646148681640625
2023-10-17,114,118.6635,-4.6634979248046875
2023-10-17,90,75.99475,14.0052490234375
2023-10-17,141,120.108665,20.891334533691406
2023-10-17,38,30.471767,7.528232574462891
2023-10-17,81,80.36195,0.6380462646484375
2023-10-17,116,115.80752,0.19248199462890625
2023-10-17,80,78.91678,1.083221435546875
2023-10-17,93,75.15408,17.845916748046875
2023-10-17,39,32.421112,6.578887939453125
2023-10-17,141,118.80408,22.1959228515625
2023-10-17,102,97.43095,4.569053649902344
2023-10-17,90,81.735596,8.264404296875
2023-10-17,33,39.27591,-6.275909423828125
2023-10-17,51,72.399055,-21.39905548095703
2023-10-17,29,25.324474,3.675525665283203
2023-10-17,39,27.282545,11.71745491027832
2023-10-17,41,35.40803,5.591968536376953
2023-10-17,157,160.62752,-3.6275177001953125
2023-10-17,66,45.87212,20.127880096435547
2023-10-17,87,88.47844,-1.4784393310546875
2023-10-17,38,37.524967,0.4750328063964844
2023-10-17,74,68.93422,5.0657806396484375
2023-10-17,90,85.60628,4.3937225341796875
2023-10-17,43,34.021366,8.978633880615234
2023-10-17,80,78.53554,1.4644622802734375
2023-10-17,29,82.714966,-53.7149658203125
2023-10-17,117,113.38484,3.6151580810546875
2023-10-17,61,58.69864,2.301361083984375
2023-10-17,103,90.62825,12.371749877929688
2023-10-17,75,74.97557,0.0244293212890625
2023-10-17,86,89.996414,-3.9964141845703125
2023-10-17,88,85.13042,2.8695831298828125
2023-10-17,46,42.607143,3.3928565979003906
2023-10-17,173,167.1178,5.8822021484375
2023-10-17,63,55.44699,7.553009033203125
2023-10-17,137,125.86746,11.132537841796875
2023-10-17,11,19.838322,-8.838321685791016
2023-10-17,39,30.463768,8.536231994628906
2023-10-17,72,73.1759,-1.1759033203125
2023-10-17,53,39.45574,13.544258117675781
2023-10-17,52,41.796574,10.203426361083984
2023-10-18,20,33.659225,-13.659225463867188
2023-10-18,156,150.20311,5.7968902587890625
2023-10-18,108,120.67137,-12.671371459960938
2023-10-18,71,69.82568,1.17431640625
2023-10-18,37,42.227455,-5.227455139160156
2023-10-18,32,36.27071,-4.270709991455078
2023-10-18,75,73.05121,1.94879150390625
2023-10-18,73,73.09621,-0.0962066650390625
2023-10-18,108,61.989807,46.01019287109375
2023-10-18,37,34.748154,2.2518463134765625
2023-10-18,17,19.806553,-2.8065528869628906
2023-10-18,80,84.70691,-4.7069091796875
2023-10-18,51,48.840405,2.159595489501953
2023-10-18,116,101.39777,14.602226257324219
2023-10-18,29,24.431688,4.56831169128418
2023-10-18,63,76.9084,-13.908401489257812
2023-10-18,42,54.962288,-12.962287902832031
2023-10-18,125,108.13524,16.864761352539062
2023-10-18,46,44.292934,1.7070655822753906
2023-10-18,28,31.777489,-3.7774887084960938
2023-10-18,53,74.88959,-21.88958740234375
2023-10-18,43,58.38121,-15.381210327148438
2023-10-18,60,100.73322,-40.73322296142578
2023-10-18,13,71.289406,-58.289405822753906
2023-10-18,28,32.46343,-4.463428497314453
2023-10-18,96,95.30125,0.6987533569335938
2023-10-18,77,63.31011,13.689891815185547
2023-10-18,117,113.73108,3.2689208984375
2023-10-18,107,108.954216,-1.9542160034179688
2023-10-18,57,64.60929,-7.609291076660156
2023-10-18,92,101.03766,-9.03765869140625
2023-10-18,62,56.08467,5.9153289794921875
2023-10-18,62,66.003975,-4.003974914550781
2023-10-18,33,50.442524,-17.442523956298828
2023-10-18,155,145.59276,9.407241821289062
2023-10-18,54,62.686996,-8.686996459960938
2023-10-18,16,25.459074,-9.459074020385742
2023-10-18,134,117.05268,16.94731903076172
2023-10-18,115,122.423355,-7.4233551025390625
2023-10-18,56,53.493843,2.5061569213867188
2023-10-18,27,30.545437,-3.5454368591308594
2023-10-18,89,98.67189,-9.671890258789062
2023-10-18,98,102.49663,-4.4966278076171875
2023-10-18,127,132.97353,-5.9735260009765625
2023-10-18,15,14.189593,0.8104066848754883
2023-10-18,10,24.54795,-14.547950744628906
2023-10-18,78,73.945526,4.054473876953125
2023-10-18,133,127.256424,5.7435760498046875
2023-10-18,82,86.80527,-4.805267333984375
2023-10-18,78,78.08012,-0.08011627197265625
2023-10-18,75,66.86786,8.13214111328125
2023-10-18,47,38.966347,8.033653259277344
2023-10-18,98,107.629265,-9.629264831542969
2023-10-18,62,75.281586,-13.281585693359375
2023-10-18,76,72.16936,3.8306427001953125
2023-10-18,65,58.97185,6.028148651123047
2023-10-18,34,34.8752,-0.8751983642578125
2023-10-18,22,22.391462,-0.3914623260498047
2023-10-18,54,71.72264,-17.722640991210938
2023-10-18,69,56.555325,12.44467544555664
2023-10-18,75,69.63989,5.360107421875
2023-10-18,154,140.62138,13.378616333007812
2023-10-18,64,58.73545,5.264549255371094
2023-10-18,120,122.43424,-2.4342422485351562
2023-10-18,108,102.45806,5.541938781738281
2023-10-18,85,69.295525,15.704475402832031
2023-10-18,111,113.07231,-2.0723114013671875
2023-10-18,20,25.6855,-5.68549919128418
2023-10-18,86,95.73738,-9.737380981445312
2023-10-18,49,43.219425,5.780574798583984
2023-10-18,52,78.108025,-26.10802459716797
2023-10-18,80,80.23449,-0.23448944091796875
2023-10-18,51,94.42348,-43.42347717285156
2023-10-18,26,30.503723,-4.50372314453125
2023-10-18,75,55.877106,19.122894287109375
2023-10-18,17,23.186237,-6.186237335205078
2023-10-18,153,158.3025,-5.3025054931640625
2023-10-18,53,38.589684,14.410316467285156
2023-10-18,92,101.99291,-9.992912292480469
2023-10-18,29,31.419682,-2.4196815490722656
2023-10-18,70,68.857796,1.1422042846679688
2023-10-18,47,52.07777,-5.077770233154297
2023-10-18,54,42.028522,11.971477508544922
2023-10-18,126,110.87243,15.127571105957031
2023-10-18,78,76.39819,1.601806640625
2023-10-18,80,72.144196,7.855804443359375
2023-10-18,110,114.13908,-4.139076232910156
2023-10-18,90,99.41136,-9.411361694335938
2023-10-18,115,114.1835,0.816497802734375
2023-10-18,128,98.482895,29.517105102539062
2023-10-18,43,42.494083,0.5059165954589844
2023-10-18,31,30.874115,0.125885009765625
2023-10-18,73,75.14768,-2.1476821899414062
2023-10-18,54,49.3958,4.604198455810547
2023-10-18,43,25.69682,17.303180694580078
2023-10-18,54,41.82885,12.171150207519531
2023-10-18,8,27.814634,-19.814634323120117
2023-10-18,139,134.05267,4.94732666015625
2023-10-18,46,37.358704,8.64129638671875
2023-10-18,18,17.738745,0.26125526428222656
2023-10-19,53,61.133274,-8.13327407836914
2023-10-19,43,71.140274,-28.140274047851562
2023-10-19,114,147.0646,-33.064605712890625
2023-10-19,113,103.78595,9.21405029296875
2023-10-19,109,107.08548,1.914520263671875
2023-10-19,47,41.074657,5.925342559814453
2023-10-19,91,96.06673,-5.0667266845703125
2023-10-19,101,82.10929,18.890708923339844
2023-10-19,61,91.80322,-30.80322265625
2023-10-19,42,38.743744,3.256256103515625
2023-10-19,20,24.665525,-4.665525436401367
2023-10-19,79,110.35095,-31.3509521484375
2023-10-19,70,44.254333,25.74566650390625
2023-10-19,139,141.03531,-2.035308837890625
2023-10-19,29,23.52754,5.47245979309082
2023-10-19,110,113.507355,-3.507354736328125
2023-10-19,4,30.913036,-26.913036346435547
2023-10-19,148,120.71222,27.28778076171875
2023-10-19,60,53.8407,6.1593017578125
2023-10-19,22,33.250816,-11.250816345214844
2023-10-19,118,118.5671,-0.5671005249023438
2023-10-19,11,34.91601,-23.916011810302734
2023-10-19,89,98.70383,-9.703826904296875
2023-10-19,121,146.95537,-25.955368041992188
2023-10-19,47,51.03741,-4.037410736083984
2023-10-19,70,89.662895,-19.66289520263672
2023-10-19,7,16.33793,-9.337930679321289
2023-10-19,93,116.38162,-23.381622314453125
2023-10-19,64,69.31923,-5.3192291259765625
2023-10-19,61,66.59536,-5.595359802246094
2023-10-19,97,94.0159,2.984100341796875
2023-10-19,30,41.850327,-11.850326538085938
2023-10-19,35,33.773556,1.2264442443847656
2023-10-19,57,55.778385,1.2216148376464844
2023-10-19,129,121.68378,7.31622314453125
2023-10-19,44,84.750114,-40.75011444091797
2023-10-19,42,48.11975,-6.1197509765625
2023-10-19,64,67.84905,-3.8490524291992188
2023-10-19,144,154.66994,-10.669937133789062
2023-10-19,43,39.993587,3.0064125061035156
2023-10-19,49,42.37694,6.623058319091797
2023-10-19,57,100.17717,-43.17716979980469
2023-10-19,75,78.10991,-3.1099090576171875
2023-10-19,42,71.8566,-29.856597900390625
2023-10-19,46,28.389616,17.610383987426758
2023-10-19,39,35.09099,3.9090118408203125
2023-10-19,42,53.989582,-11.989582061767578
2023-10-19,114,132.39531,-18.395309448242188
2023-10-19,46,81.9266,-35.926597595214844
2023-10-19,113,101.898,11.101997375488281
2023-10-19,78,68.40941,9.590591430664062
2023-10-19,38,37.036324,0.9636764526367188
2023-10-19,61,50.87654,10.123458862304688
2023-10-19,82,93.87924,-11.879241943359375
2023-10-19,44,44.48942,-0.4894218444824219
2023-10-19,51,57.125576,-6.125576019287109
2023-10-19,71,60.481125,10.518875122070312
2023-10-19,69,46.758755,22.24124526977539
2023-10-19,62,64.30881,-2.308807373046875
2023-10-19,139,155.09775,-16.097747802734375
2023-10-19,100,80.35578,19.64421844482422
2023-10-19,101,97.48657,3.513427734375
2023-10-19,66,52.44005,13.559951782226562
2023-10-19,60,81.73117,-21.731170654296875
2023-10-19,126,105.84747,20.15252685546875
2023-10-19,29,56.8487,-27.84870147705078
2023-10-19,62,68.23943,-6.239433288574219
2023-10-19,51,40.366226,10.633773803710938
2023-10-19,105,106.09895,-1.0989532470703125
2023-10-19,112,98.66316,13.336837768554688
2023-10-19,95,94.18164,0.818359375
2023-10-19,88,66.28338,21.71662139892578
2023-10-19,58,55.887558,2.1124420166015625
2023-10-19,45,41.24178,3.758220672607422
2023-10-19,44,30.25521,13.744789123535156
2023-10-19,36,32.13369,3.8663101196289062
2023-10-19,152,129.52498,22.475021362304688
2023-10-19,47,33.06646,13.933540344238281
2023-10-19,87,76.45457,10.545433044433594
2023-10-19,20,37.56759,-17.567588806152344
2023-10-19,88,85.65882,2.3411788940429688
2023-10-19,62,62.877625,-0.87762451171875
2023-10-19,11,20.529305,-9.529304504394531
2023-10-19,177,159.69208,17.30792236328125
2023-10-19,80,69.197,10.803001403808594
2023-10-19,120,134.7448,-14.744796752929688
2023-10-19,91,113.538246,-22.538246154785156
2023-10-19,91,105.41326,-14.413261413574219
2023-10-19,109,103.48027,5.5197296142578125
2023-10-19,72,74.22931,-2.22930908203125
2023-10-19,49,44.58813,4.411869049072266
2023-10-19,43,42.331383,0.6686172485351562
2023-10-19,90,76.55422,13.445777893066406
2023-10-19,82,66.88511,15.114891052246094
2023-10-19,111,107.17705,3.8229522705078125
2023-10-19,20,20.852695,-0.8526954650878906
2023-10-19,10,31.142832,-21.142831802368164
2023-10-19,260,214.29167,45.70832824707031
2023-10-19,32,29.950897,2.049102783203125
2023-10-19,35,47.306866,-12.306865692138672
2023-10-20,77,91.69444,-14.694442749023438
2023-10-20,154,116.77366,37.226341247558594
2023-10-20,150,156.54044,-6.540435791015625
2023-10-20,99,91.28263,7.717369079589844
2023-10-20,66,53.54933,12.450668334960938
2023-10-20,45,59.24993,-14.249931335449219
2023-10-20,108,100.68918,7.310821533203125
2023-10-20,61,57.720924,3.2790756225585938
2023-10-20,129,123.490845,5.5091552734375
2023-10-20,35,44.850098,-9.85009765625
2023-10-20,32,33.71359,-1.7135887145996094
2023-10-20,77,91.71249,-14.712486267089844
2023-10-20,18,24.430061,-6.430061340332031
2023-10-20,93,105.16407,-12.164070129394531
2023-10-20,33,25.875004,7.124996185302734
2023-10-20,120,98.053406,21.94659423828125
2023-10-20,18,25.575193,-7.575193405151367
2023-10-20,129,143.82016,-14.820159912109375
2023-10-20,35,31.849424,3.150575637817383
2023-10-20,23,20.04139,2.9586105346679688
2023-10-20,72,68.13021,3.8697891235351562
2023-10-20,27,25.006975,1.9930248260498047
2023-10-20,49,67.46383,-18.463829040527344
2023-10-20,93,90.009705,2.99029541015625
2023-10-20,26,35.47139,-9.471389770507812
2023-10-20,62,88.51853,-26.518531799316406
2023-10-20,12,17.463655,-5.463655471801758
2023-10-20,59,66.45626,-7.456260681152344
2023-10-20,45,40.40948,4.590518951416016
2023-10-20,71,83.447044,-12.447044372558594
2023-10-20,40,45.554077,-5.5540771484375
2023-10-20,90,71.21039,18.78961181640625
2023-10-20,86,84.58121,1.418792724609375
2023-10-20,78,69.60908,8.390922546386719
2023-10-20,96,81.6746,14.325401306152344
2023-10-20,90,67.94311,22.05689239501953
2023-10-20,30,43.100376,-13.10037612915039
2023-10-20,142,145.37965,-3.3796539306640625
2023-10-20,64,75.067474,-11.067474365234375
2023-10-20,46,35.93605,10.063949584960938
2023-10-20,38,42.39631,-4.396308898925781
2023-10-20,97,79.8232,17.176803588867188
2023-10-20,57,57.546417,-0.546417236328125
2023-10-20,82,110.293526,-28.29352569580078
2023-10-20,27,19.199064,7.800935745239258
2023-10-20,18,27.51262,-9.51262092590332
2023-10-20,30,40.73105,-10.731048583984375
2023-10-20,92,94.60246,-2.6024627685546875
2023-10-20,61,56.848087,4.151912689208984
2023-10-20,97,89.06436,7.935638427734375
2023-10-20,56,75.85329,-19.853286743164062
2023-10-20,39,43.292126,-4.292125701904297
2023-10-20,143,114.18528,28.814720153808594
2023-10-20,60,87.22534,-27.225341796875
2023-10-20,55,49.56534,5.434661865234375
2023-10-20,42,42.173786,-0.17378616333007812
2023-10-20,35,42.91717,-7.917171478271484
2023-10-20,33,45.48271,-12.482711791992188
2023-10-20,61,66.232704,-5.232704162597656
2023-10-20,64,70.3007,-6.300697326660156
2023-10-20,108,115.09568,-7.095680236816406
2023-10-20,66,69.5373,-3.5373001098632812
2023-10-20,35,33.785988,1.2140121459960938
2023-10-20,142,142.71054,-0.710540771484375
2023-10-20,74,78.38299,-4.382987976074219
2023-10-20,55,82.27588,-27.27587890625
2023-10-20,68,58.98185,9.018150329589844
2023-10-20,35,34.050205,0.9497947692871094
2023-10-20,50,53.51237,-3.512371063232422
2023-10-20,74,74.89617,-0.8961715698242188
2023-10-20,110,100.584236,9.415763854980469
2023-10-20,23,24.778028,-1.7780284881591797
2023-10-20,82,80.8377,1.1623001098632812
2023-10-20,30,33.372627,-3.3726272583007812
2023-10-20,40,36.693573,3.306427001953125
2023-10-20,22,24.59842,-2.598419189453125
2023-10-20,71,102.072464,-31.072463989257812
2023-10-20,29,38.74926,-9.749259948730469
2023-10-20,26,60.081898,-34.0818977355957
2023-10-20,35,29.245117,5.7548828125
2023-10-20,158,146.54706,11.45294189453125
2023-10-20,58,50.745934,7.254066467285156
2023-10-20,16,27.337187,-11.337186813354492
2023-10-20,107,83.71675,23.283248901367188
2023-10-20,71,69.92564,1.0743637084960938
2023-10-20,102,115.11036,-13.110359191894531
2023-10-20,88,71.86663,16.13336944580078
2023-10-20,104,109.49303,-5.4930267333984375
2023-10-20,80,76.87596,3.1240386962890625
2023-10-20,71,80.79687,-9.796867370605469
2023-10-20,46,57.316624,-11.31662368774414
2023-10-20,53,46.262245,6.737754821777344
2023-10-20,102,89.158516,12.841484069824219
2023-10-20,38,36.57466,1.4253387451171875
2023-10-20,79,62.61232,16.387680053710938
2023-10-20,9,11.109321,-2.109320640563965
2023-10-20,34,43.207443,-9.207443237304688
2023-10-20,170,153.6016,16.398406982421875
2023-10-20,41,44.831425,-3.8314247131347656
2023-10-20,15,17.258242,-2.258241653442383
2023-10-21,36,39.776688,-3.7766876220703125
2023-10-21,90,83.16922,6.830780029296875
2023-10-21,140,128.43825,11.561752319335938
2023-10-21,66,56.278236,9.721763610839844
2023-10-21,80,63.534256,16.465744018554688
2023-10-21,37,28.690784,8.309215545654297
2023-10-21,92,97.95018,-5.9501800537109375
2023-10-21,116,103.3764,12.62359619140625
2023-10-21,166,152.77072,13.229278564453125
2023-10-21,60,56.689102,3.3108978271484375
2023-10-21,42,33.485,8.514999389648438
2023-10-21,141,144.46764,-3.4676361083984375
2023-10-21,44,35.664783,8.335216522216797
2023-10-21,101,89.68705,11.312950134277344
2023-10-21,4,17.851204,-13.851203918457031
2023-10-21,94,84.15241,9.847587585449219
2023-10-21,49,38.482193,10.517807006835938
2023-10-21,33,41.64109,-8.641090393066406
2023-10-21,48,41.100674,6.899326324462891
2023-10-21,37,42.815876,-5.815876007080078
2023-10-21,102,114.33265,-12.332649230957031
2023-10-21,12,18.51008,-6.510080337524414
2023-10-21,109,91.85926,17.14073944091797
2023-10-21,76,70.15563,5.844367980957031
2023-10-21,38,50.56002,-12.560020446777344
2023-10-21,111,113.3724,-2.3723983764648438
2023-10-21,43,32.99356,10.006439208984375
2023-10-21,125,117.846344,7.153656005859375
2023-10-21,105,95.63213,9.367866516113281
2023-10-21,113,96.11427,16.885726928710938
2023-10-21,33,46.868767,-13.868766784667969
2023-10-21,38,67.92783,-29.927833557128906
2023-10-21,73,84.61513,-11.615127563476562
2023-10-21,40,52.1743,-12.174301147460938
2023-10-21,69,86.65681,-17.65680694580078
2023-10-21,94,86.17972,7.820281982421875
2023-10-21,27,32.188156,-5.1881561279296875
2023-10-21,76,88.13414,-12.134140014648438
2023-10-21,159,154.8027,4.197296142578125
2023-10-21,53,46.540447,6.459552764892578
2023-10-21,27,33.68402,-6.68402099609375
2023-10-21,44,54.49063,-10.490631103515625
2023-10-21,40,42.61336,-2.613361358642578
2023-10-21,44,56.15062,-12.150619506835938
2023-10-21,53,44.774334,8.225666046142578
2023-10-21,24,22.156223,1.8437767028808594
2023-10-21,109,87.53539,21.46460723876953
2023-10-21,151,157.27515,-6.275146484375
2023-10-21,111,101.104095,9.895904541015625
2023-10-21,92,80.325615,11.674385070800781
2023-10-21,99,94.96688,4.033119201660156
2023-10-21,35,44.734814,-9.734813690185547
2023-10-21,26,62.187603,-36.18760299682617
2023-10-21,49,45.46763,3.5323715209960938
2023-10-21,67,63.67372,3.3262786865234375
2023-10-21,85,63.799606,21.200393676757812
2023-10-21,21,30.54378,-9.543779373168945
2023-10-21,29,42.824314,-13.82431411743164
2023-10-21,83,85.87019,-2.8701934814453125
2023-10-21,102,133.16081,-31.160812377929688
2023-10-21,73,63.947086,9.052913665771484
2023-10-21,76,66.97933,9.020668029785156
2023-10-21,40,39.8708,0.12919998168945312
2023-10-21,81,93.6258,-12.625801086425781
2023-10-21,76,85.87915,-9.879150390625
2023-10-21,79,69.78567,9.214332580566406
2023-10-21,64,73.28883,-9.288833618164062
2023-10-21,83,60.927654,22.072345733642578
2023-10-21,104,100.64685,3.3531494140625
2023-10-21,50,49.265034,0.7349662780761719
2023-10-21,111,90.75123,20.24877166748047
2023-10-21,52,66.743256,-14.743255615234375
2023-10-21,41,52.766777,-11.766777038574219
2023-10-21,40,36.041523,3.958477020263672
2023-10-21,16,21.387543,-5.387542724609375
2023-10-21,35,30.027359,4.9726409912109375
2023-10-21,40,46.99372,-6.993721008300781
2023-10-21,34,24.793974,9.206026077270508
2023-10-21,156,126.67364,29.32636260986328
2023-10-21,43,37.52157,5.478431701660156
2023-10-21,102,94.30629,7.6937103271484375
2023-10-21,42,36.555443,5.444557189941406
2023-10-21,32,26.551813,5.448186874389648
2023-10-21,99,86.7749,12.22509765625
2023-10-21,94,83.946304,10.053695678710938
2023-10-21,63,48.65468,14.345321655273438
2023-10-21,102,102.24259,-0.24259185791015625
2023-10-21,88,86.21291,1.7870864868164062
2023-10-21,139,126.93605,12.063949584960938
2023-10-21,154,145.45041,8.549591064453125
2023-10-21,114,93.55008,20.449920654296875
2023-10-21,60,58.360546,1.6394538879394531
2023-10-21,84,110.10909,-26.109092712402344
2023-10-21,24,24.839918,-0.8399181365966797
2023-10-21,91,87.54757,3.4524307250976562
2023-10-21,23,30.47693,-7.476930618286133
2023-10-21,29,42.811043,-13.811042785644531
2023-10-21,75,89.50138,-14.501380920410156
2023-10-21,59,53.848576,5.151424407958984
2023-10-21,43,40.209038,2.7909622192382812
2023-10-22,47,49.901398,-2.901397705078125
2023-10-22,106,117.13893,-11.138931274414062
2023-10-22,105,106.82152,-1.8215179443359375
2023-10-22,37,34.061703,2.9382972717285156
2023-10-22,128,124.970406,3.0295944213867188
2023-10-22,41,33.752876,7.247123718261719
2023-10-22,103,91.38693,11.613067626953125
2023-10-22,67,62.079453,4.9205474853515625
2023-10-22,88,102.94924,-14.949241638183594
2023-10-22,27,33.168682,-6.168682098388672
2023-10-22,67,48.624702,18.37529754638672
2023-10-22,77,81.28144,-4.281440734863281
2023-10-22,69,37.432198,31.56780242919922
2023-10-22,70,77.43063,-7.430633544921875
2023-10-22,17,21.667168,-4.667167663574219
2023-10-22,54,43.43026,10.569740295410156
2023-10-22,60,26.763786,33.23621368408203
2023-10-22,68,66.74302,1.2569808959960938
2023-10-22,16,24.686554,-8.686553955078125
2023-10-22,35,34.811794,0.18820571899414062
2023-10-22,57,47.443027,9.55697250366211
2023-10-22,42,39.244175,2.7558250427246094
2023-10-22,98,90.43073,7.569267272949219
2023-10-22,127,123.667946,3.3320541381835938
2023-10-22,42,55.008568,-13.008567810058594
2023-10-22,77,83.227554,-6.2275543212890625
2023-10-22,39,45.89894,-6.8989410400390625
2023-10-22,94,101.691795,-7.691795349121094
2023-10-22,96,92.04112,3.9588775634765625
2023-10-22,102,103.589294,-1.58929443359375
2023-10-22,70,81.24838,-11.248382568359375
2023-10-22,72,77.25067,-5.25067138671875
2023-10-22,89,95.124695,-6.12469482421875
2023-10-22,56,55.215813,0.7841873168945312
2023-10-22,60,72.81393,-12.813926696777344
2023-10-22,95,86.79963,8.200370788574219
2023-10-22,16,23.140251,-7.140251159667969
2023-10-22,83,76.86097,6.139030456542969
2023-10-22,90,100.583694,-10.583694458007812
2023-10-22,54,51.805042,2.194957733154297
2023-10-22,34,35.134857,-1.134857177734375
2023-10-22,59,75.0169,-16.01689910888672
2023-10-22,58,47.792458,10.207542419433594
2023-10-22,103,82.37287,20.62712860107422
2023-10-22,13,20.544867,-7.544866561889648
2023-10-22,21,20.953516,0.04648399353027344
2023-10-22,65,63.983337,1.01666259765625
2023-10-22,91,97.14328,-6.143280029296875
2023-10-22,92,98.290306,-6.290306091308594
2023-10-22,125,126.59764,-1.5976409912109375
2023-10-22,78,72.430405,5.5695953369140625
2023-10-22,25,30.100805,-5.100805282592773
2023-10-22,122,97.84939,24.150611877441406
2023-10-22,65,72.05039,-7.050392150878906
2023-10-22,45,56.077232,-11.077232360839844
2023-10-22,29,38.193256,-9.193256378173828
2023-10-22,20,21.661936,-1.661935806274414
2023-10-22,70,51.81798,18.182018280029297
2023-10-22,84,79.871346,4.128654479980469
2023-10-22,57,77.42254,-20.42253875732422
2023-10-22,114,96.53904,17.460960388183594
2023-10-22,57,57.29362,-0.2936210632324219
2023-10-22,27,24.549711,2.450288772583008
2023-10-22,69,63.47666,5.523338317871094
2023-10-22,51,67.58211,-16.582107543945312
2023-10-22,60,69.27437,-9.274368286132812
2023-10-22,94,91.075745,2.92425537109375
2023-10-22,44,23.535255,20.464744567871094
2023-10-22,50,70.66844,-20.668441772460938
2023-10-22,128,138.5477,-10.547698974609375
2023-10-22,58,64.553535,-6.553535461425781
2023-10-22,51,65.196434,-14.196434020996094
2023-10-22,84,71.73241,12.267593383789062
2023-10-22,41,34.039516,6.960483551025391
2023-10-22,46,37.46837,8.531631469726562
2023-10-22,20,24.554092,-4.5540924072265625
2023-10-22,41,45.237206,-4.237205505371094
2023-10-22,14,21.529455,-7.529455184936523
2023-10-22,148,125.59453,22.405471801757812
2023-10-22,30,31.966274,-1.9662742614746094
2023-10-22,61,48.33608,12.663921356201172
2023-10-22,30,39.069656,-9.069656372070312
2023-10-22,52,36.52441,15.475589752197266
2023-10-22,60,52.656147,7.343852996826172
2023-10-22,108,98.162445,9.837554931640625
2023-10-22,66,55.27884,10.721160888671875
2023-10-22,57,68.98349,-11.983489990234375
2023-10-22,72,84.85778,-12.857780456542969
2023-10-22,98,106.89291,-8.892906188964844
2023-10-22,87,107.27709,-20.27709197998047
2023-10-22,80,70.78729,9.21270751953125
2023-10-22,23,21.391909,1.6080913543701172
2023-10-22,81,73.19177,7.8082275390625
2023-10-22,55,43.444942,11.555057525634766
2023-10-22,83,70.751724,12.248275756835938
2023-10-22,32,24.327679,7.672321319580078
2023-10-22,18,15.238512,2.7614879608154297
2023-10-22,133,133.94469,-0.9446868896484375
2023-10-22,39,37.218735,1.7812652587890625
2023-10-22,32,45.859924,-13.85992431640625
2023-10-23,101,74.15438,26.845619201660156
2023-10-23,153,134.49498,18.505020141601562
2023-10-23,167,141.65538,25.344619750976562
2023-10-23,45,40.540436,4.459564208984375
2023-10-23,75,91.72415,-16.724151611328125
2023-10-23,26,48.68232,-22.68231964111328
2023-10-23,64,56.90174,7.098258972167969
2023-10-23,57,66.13141,-9.13140869140625
2023-10-23,176,166.76517,9.234832763671875
2023-10-23,29,37.366375,-8.366374969482422
2023-10-23,42,36.44752,5.552478790283203
2023-10-23,61,57.31,3.6899986267089844
2023-10-23,15,28.973846,-13.973846435546875
2023-10-23,80,97.55062,-17.550621032714844
2023-10-23,26,30.366898,-4.3668975830078125
2023-10-23,84,81.81049,2.1895065307617188
2023-10-23,35,23.906918,11.093082427978516
2023-10-23,40,42.21092,-2.210918426513672
2023-10-23,46,35.558327,10.441673278808594
2023-10-23,69,54.807167,14.192832946777344
2023-10-23,138,125.22368,12.776321411132812
2023-10-23,76,47.904015,28.095985412597656
2023-10-23,114,111.147385,2.8526153564453125
2023-10-23,58,58.81374,-0.8137397766113281
2023-10-23,88,110.880424,-22.88042449951172
2023-10-23,72,90.13999,-18.139991760253906
2023-10-23,31,24.684784,6.315216064453125
2023-10-23,148,132.96118,15.038818359375
2023-10-23,142,125.6391,16.36090087890625
2023-10-23,93,102.507744,-9.507743835449219
2023-10-23,89,92.77909,-3.7790908813476562
2023-10-23,68,52.788883,15.211116790771484
2023-10-23,75,107.416565,-32.41656494140625
2023-10-23,89,78.13363,10.866371154785156
2023-10-23,105,114.25743,-9.257431030273438
2023-10-23,172,165.35648,6.643524169921875
2023-10-23,8,11.390973,-3.3909730911254883
2023-10-23,118,112.475975,5.524024963378906
2023-10-23,44,58.55606,-14.556060791015625
2023-10-23,85,61.53664,23.463359832763672
2023-10-23,27,21.31412,5.685880661010742
2023-10-23,79,90.63437,-11.634368896484375
2023-10-23,117,94.056435,22.943565368652344
2023-10-23,89,75.24548,13.7545166015625
2023-10-23,32,40.418213,-8.418212890625
2023-10-23,49,49.792114,-0.7921142578125
2023-10-23,34,49.160156,-15.16015625
2023-10-23,148,140.47002,7.5299835205078125
2023-10-23,129,120.74608,8.253921508789062
2023-10-23,63,83.06773,-20.067733764648438
2023-10-23,64,70.755714,-6.755714416503906
2023-10-23,35,30.74436,4.255640029907227
2023-10-23,89,104.563286,-15.563285827636719
2023-10-23,93,84.288155,8.711845397949219
2023-10-23,45,83.10923,-38.109230041503906
2023-10-23,59,56.077652,2.9223480224609375
2023-10-23,46,36.36034,9.639659881591797
2023-10-23,25,28.222597,-3.222597122192383
2023-10-23,87,75.16369,11.836311340332031
2023-10-23,155,154.87619,0.123809814453125
2023-10-23,103,83.57756,19.422439575195312
2023-10-23,45,43.960354,1.0396461486816406
2023-10-23,56,45.895115,10.10488510131836
2023-10-23,39,39.992317,-0.9923171997070312
2023-10-23,94,140.06229,-46.062286376953125
2023-10-23,103,114.110344,-11.110343933105469
2023-10-23,107,79.972534,27.0274658203125
2023-10-23,28,36.415237,-8.415237426757812
2023-10-23,134,125.99883,8.001167297363281
2023-10-23,68,64.25683,3.7431716918945312
2023-10-23,147,133.3302,13.6697998046875
2023-10-23,70,71.318306,-1.3183059692382812
2023-10-23,56,85.894005,-29.894004821777344
2023-10-23,43,42.69971,0.3002891540527344
2023-10-23,23,30.830034,-7.830034255981445
2023-10-23,54,42.684,11.316001892089844
2023-10-23,107,97.96944,9.030563354492188
2023-10-23,31,24.9515,6.048500061035156
2023-10-23,84,72.27029,11.729713439941406
2023-10-23,62,39.386204,22.61379623413086
2023-10-23,74,79.015465,-5.015464782714844
2023-10-23,68,71.04907,-3.049072265625
2023-10-23,65,42.60977,22.390228271484375
2023-10-23,66,69.630226,-3.6302261352539062
2023-10-23,111,115.05187,-4.051872253417969
2023-10-23,67,104.07251,-37.072509765625
2023-10-23,86,88.64722,-2.647216796875
2023-10-23,82,92.205696,-10.205696105957031
2023-10-23,78,83.13584,-5.135841369628906
2023-10-23,31,67.43239,-36.43238830566406
2023-10-23,65,61.97495,3.0250511169433594
2023-10-23,10,21.63397,-11.633970260620117
2023-10-23,108,137.48833,-29.488327026367188
2023-10-23,46,42.94191,3.0580902099609375
2023-10-23,39,69.40783,-30.40782928466797
2023-10-23,30,34.964108,-4.964107513427734
2023-10-23,38,29.584309,8.415691375732422
2023-10-23,88,77.63281,10.3671875
2023-10-23,26,25.51209,0.48790931701660156
2023-10-23,40,35.668465,4.331535339355469
2023-10-24,53,47.220963,5.7790374755859375
2023-10-24,89,109.80543,-20.80542755126953
2023-10-24,80,77.997116,2.0028839111328125
2023-10-24,42,36.92805,5.071949005126953
2023-10-24,44,98.748764,-54.74876403808594
2023-10-24,37,36.085724,0.914276123046875
2023-10-24,88,70.637955,17.362045288085938
2023-10-24,43,58.215633,-15.215633392333984
2023-10-24,121,113.14574,7.8542633056640625
2023-10-24,31,29.65207,1.347930908203125
2023-10-24,22,26.066643,-4.066642761230469
2023-10-24,83,68.15832,14.841682434082031
2023-10-24,10,26.362839,-16.362838745117188
2023-10-24,27,39.56356,-12.563560485839844
2023-10-24,37,20.949339,16.050661087036133
2023-10-24,63,84.40301,-21.40300750732422
2023-10-24,69,32.430546,36.569454193115234
2023-10-24,93,81.43171,11.568290710449219
2023-10-24,24,24.27266,-0.2726593017578125
2023-10-24,24,17.329756,6.670244216918945
2023-10-24,73,94.07933,-21.079330444335938
2023-10-24,36,46.596764,-10.596763610839844
2023-10-24,114,103.253296,10.7467041015625
2023-10-24,114,94.80785,19.19214630126953
2023-10-24,93,83.689415,9.310585021972656
2023-10-24,114,114.08602,-0.08602142333984375
2023-10-24,30,31.510113,-1.5101127624511719
2023-10-24,66,62.456852,3.5431480407714844
2023-10-24,72,69.97695,2.0230484008789062
2023-10-24,88,84.72057,3.2794265747070312
2023-10-24,76,74.50188,1.4981231689453125
2023-10-24,43,33.365486,9.634513854980469
2023-10-24,92,104.231544,-12.231544494628906
2023-10-24,22,29.500254,-7.500253677368164
2023-10-24,157,139.82968,17.170318603515625
2023-10-24,98,96.68623,1.3137664794921875
2023-10-24,17,27.949621,-10.949621200561523
2023-10-24,62,83.965675,-21.965675354003906
2023-10-24,143,144.69258,-1.6925811767578125
2023-10-24,56,44.98528,11.014720916748047
2023-10-24,11,28.27249,-17.272489547729492
2023-10-24,58,73.3348,-15.334800720214844
2023-10-24,50,57.92034,-7.920341491699219
2023-10-24,85,78.31681,6.683189392089844
2023-10-24,13,37.105762,-24.105762481689453
2023-10-24,42,40.910572,1.0894279479980469
2023-10-24,79,65.73257,13.267433166503906
2023-10-24,123,117.41891,5.581092834472656
2023-10-24,82,73.08172,8.918281555175781
2023-10-24,58,62.858166,-4.858165740966797
2023-10-24,57,67.30586,-10.305862426757812
2023-10-24,25,27.70183,-2.7018299102783203
2023-10-24,76,84.68087,-8.680870056152344
2023-10-24,51,62.151382,-11.151382446289062
2023-10-24,88,94.34963,-6.349632263183594
2023-10-24,35,44.802788,-9.802787780761719
2023-10-24,38,35.640858,2.359142303466797
2023-10-24,12,22.251562,-10.251562118530273
2023-10-24,64,59.98992,4.010078430175781
2023-10-24,109,111.44085,-2.4408493041992188
2023-10-24,51,55.118248,-4.118247985839844
2023-10-24,38,57.397243,-19.39724349975586
2023-10-24,43,36.04341,6.9565887451171875
2023-10-24,59,58.985477,0.014522552490234375
2023-10-24,117,137.03644,-20.03643798828125
2023-10-24,55,57.32751,-2.3275108337402344
2023-10-24,46,57.57858,-11.57857894897461
2023-10-24,30,32.301933,-2.3019332885742188
2023-10-24,131,108.13154,22.86846160888672
2023-10-24,21,33.612576,-12.61257553100586
2023-10-24,107,94.26601,12.733993530273438
2023-10-24,59,47.499805,11.500194549560547
2023-10-24,35,64.360565,-29.360565185546875
2023-10-24,23,24.767372,-1.7673721313476562
2023-10-24,42,40.13243,1.8675689697265625
2023-10-24,28,25.832695,2.1673049926757812
2023-10-24,137,119.81506,17.1849365234375
2023-10-24,36,28.726555,7.273445129394531
2023-10-24,89,78.20031,10.799690246582031
2023-10-24,21,32.997757,-11.997756958007812
2023-10-24,19,55.834557,-36.834556579589844
2023-10-24,21,36.194035,-15.194034576416016
2023-10-24,35,33.105415,1.8945846557617188
2023-10-24,56,50.956116,5.04388427734375
2023-10-24,55,86.63504,-31.635040283203125
2023-10-24,47,91.22302,-44.2230224609375
2023-10-24,55,52.80806,2.1919403076171875
2023-10-24,51,74.98621,-23.98621368408203
2023-10-24,46,83.565735,-37.56573486328125
2023-10-24,80,86.91532,-6.915321350097656
2023-10-24,40,44.354588,-4.354587554931641
2023-10-24,37,27.846498,9.153501510620117
2023-10-24,65,93.123825,-28.123825073242188
2023-10-24,25,24.863592,0.13640785217285156
2023-10-24,48,52.493282,-4.493282318115234
2023-10-24,21,33.456604,-12.45660400390625
2023-10-24,27,29.560183,-2.560182571411133
2023-10-24,115,103.92508,11.074920654296875
2023-10-24,32,26.824871,5.175128936767578
2023-10-24,14,26.695364,-12.695363998413086
2023-10-25,152,148.99702,3.0029754638671875
2023-10-25,185,167.52074,17.479263305664062
2023-10-25,150,137.6205,12.379501342773438
2023-10-25,96,104.11173,-8.111732482910156
2023-10-25,93,106.64844,-13.6484375
2023-10-25,140,145.3069,-5.3069000244140625
2023-10-25,128,135.92007,-7.920074462890625
2023-10-25,69,69.47776,-0.47776031494140625
2023-10-25,118,104.15245,13.847549438476562
2023-10-25,62,76.491196,-14.491195678710938
2023-10-25,105,92.59074,12.409263610839844
2023-10-25,124,112.4545,11.545501708984375
2023-10-25,102,112.488,-10.487998962402344
2023-10-25,91,104.51288,-13.51287841796875
2023-10-25,38,80.569405,-42.56940460205078
2023-10-25,155,130.00275,24.99725341796875
2023-10-25,89,88.6647,0.335296630859375
2023-10-25,117,101.74075,15.259246826171875
2023-10-25,90,87.07531,2.9246902465820312
2023-10-25,80,78.0817,1.9182968139648438
2023-10-25,86,94.27313,-8.27313232421875
2023-10-25,108,97.666695,10.333305358886719
2023-10-25,113,118.22912,-5.229118347167969
2023-10-25,44,49.51617,-5.516170501708984
2023-10-25,70,83.642204,-13.642204284667969
2023-10-25,142,117.836075,24.163925170898438
2023-10-25,101,110.578995,-9.578994750976562
2023-10-25,117,118.069885,-1.06988525390625
2023-10-25,76,84.11713,-8.11712646484375
2023-10-25,124,115.88454,8.115463256835938
2023-10-25,96,92.58335,3.4166488647460938
2023-10-25,127,121.72912,5.270881652832031
2023-10-25,125,120.166885,4.8331146240234375
2023-10-25,67,68.17349,-1.173492431640625
2023-10-25,63,94.55347,-31.553466796875
2023-10-25,62,78.445175,-16.445175170898438
2023-10-25,78,89.76712,-11.767120361328125
2023-10-25,58,56.062035,1.9379653930664062
2023-10-25,61,54.218388,6.781612396240234
2023-10-25,92,90.62322,1.3767776489257812
2023-10-25,180,145.44672,34.55328369140625
2023-10-25,172,162.6058,9.394195556640625
2023-10-25,191,177.3532,13.646804809570312
2023-10-25,103,101.79527,1.2047271728515625
2023-10-25,98,114.46675,-16.466751098632812
2023-10-25,155,153.7139,1.286102294921875
2023-10-25,187,164.75085,22.2491455078125
2023-10-25,77,70.823746,6.1762542724609375
2023-10-25,163,142.60896,20.391036987304688
2023-10-25,111,113.50314,-2.503143310546875
2023-10-25,177,143.29799,33.70201110839844
2023-10-25,98,99.43363,-1.4336318969726562
2023-10-25,158,145.79745,12.202545166015625
2023-10-25,150,130.61418,19.385818481445312
2023-10-25,83,106.645134,-23.64513397216797
2023-10-25,111,99.85749,11.142509460449219
2023-10-25,71,78.89811,-7.898109436035156
2023-10-25,89,78.26088,10.739120483398438
2023-10-25,176,146.50761,29.492385864257812
2023-10-25,59,72.906494,-13.906494140625
2023-10-25,251,201.19254,49.807464599609375
2023-10-25,195,187.01459,7.98541259765625
2023-10-25,160,137.98022,22.019775390625
2023-10-25,132,129.73708,2.2629241943359375
2023-10-25,127,122.944565,4.0554351806640625
2023-10-25,124,116.07509,7.9249114990234375
2023-10-25,156,175.82732,-19.827316284179688
2023-10-25,90,84.71426,5.285743713378906
2023-10-25,133,122.16739,10.832611083984375
2023-10-25,177,147.2447,29.755294799804688
2023-10-25,58,49.45167,8.548328399658203
2023-10-25,108,107.21121,0.788787841796875
2023-10-25,261,186.9345,74.06550598144531
2023-10-25,121,104.328606,16.67139434814453
2023-10-25,42,59.21781,-17.217811584472656
2023-10-25,101,91.84475,9.155250549316406
2023-10-25,139,147.29013,-8.290130615234375
2023-10-25,88,95.38148,-7.381477355957031
2023-10-25,126,110.76212,15.237876892089844
2023-10-25,108,107.97544,0.02455902099609375
2023-10-25,209,171.04759,37.95240783691406
2023-10-25,81,98.073296,-17.07329559326172
2023-10-25,73,106.10829,-33.10829162597656
2023-10-25,92,86.32413,5.675872802734375
2023-10-25,80,111.691475,-31.69147491455078
2023-10-25,205,194.4112,10.58880615234375
2023-10-25,97,119.68124,-22.681236267089844
2023-10-25,105,109.06742,-4.067420959472656
2023-10-25,190,174.32715,15.6728515625
2023-10-25,181,137.73427,43.26573181152344
2023-10-25,111,97.9101,13.089897155761719
2023-10-25,64,79.23289,-15.232887268066406
2023-10-25,159,138.04776,20.952239990234375
2023-10-25,66,75.36851,-9.368507385253906
2023-10-25,73,102.34911,-29.34911346435547
2023-10-25,93,85.10203,7.897972106933594
2023-10-25,105,112.53775,-7.537750244140625
2023-10-25,73,73.77345,-0.7734527587890625
2023-10-25,70,69.551125,0.44887542724609375
2023-10-25,156,139.54518,16.454818725585938
2023-10-26,106,103.176025,2.823974609375
2023-10-26,144,132.18803,11.811965942382812
2023-10-26,87,101.51552,-14.515518188476562
2023-10-26,62,67.89848,-5.8984832763671875
2023-10-26,79,80.49209,-1.4920883178710938
2023-10-26,49,79.04294,-30.042938232421875
2023-10-26,84,84.229454,-0.22945404052734375
2023-10-26,128,119.814384,8.185615539550781
2023-10-26,168,158.51454,9.485458374023438
2023-10-26,64,57.708664,6.2913360595703125
2023-10-26,110,99.72663,10.273368835449219
2023-10-26,120,124.38268,-4.382682800292969
2023-10-26,118,124.64381,-6.643806457519531
2023-10-26,144,129.9004,14.099594116210938
2023-10-26,119,125.55598,-6.555976867675781
2023-10-26,167,122.2466,44.75340270996094
2023-10-26,116,122.15137,-6.1513671875
2023-10-26,80,91.45297,-11.452972412109375
2023-10-26,88,83.68311,4.316886901855469
2023-10-26,139,130.68692,8.313079833984375
2023-10-26,178,191.48033,-13.480331420898438
2023-10-26,128,152.86739,-24.867385864257812
2023-10-26,45,71.76714,-26.76714324951172
2023-10-26,123,115.477486,7.522514343261719
2023-10-26,140,119.185135,20.814865112304688
2023-10-26,93,107.59485,-14.5948486328125
2023-10-26,125,130.71358,-5.7135772705078125
2023-10-26,31,25.436943,5.563056945800781
2023-10-26,181,162.46048,18.539520263671875
2023-10-26,46,54.752895,-8.75289535522461
2023-10-26,181,183.52052,-2.5205230712890625
2023-10-26,76,86.850746,-10.850746154785156
2023-10-26,141,125.32143,15.678573608398438
2023-10-26,49,59.932346,-10.93234634399414
2023-10-26,99,91.37397,7.626029968261719
2023-10-26,95,100.28882,-5.288818359375
2023-10-26,104,97.58117,6.418830871582031
2023-10-26,89,81.57881,7.4211883544921875
2023-10-26,137,162.33371,-25.333709716796875
2023-10-26,70,90.5319,-20.531898498535156
2023-10-26,180,180.18451,-0.18450927734375
2023-10-26,131,127.13003,3.8699722290039062
2023-10-26,151,123.61502,27.384979248046875
2023-10-26,231,165.62675,65.37324523925781
2023-10-26,191,150.81508,40.18492126464844
2023-10-26,96,103.81098,-7.810981750488281
2023-10-26,118,103.93583,14.064170837402344
2023-10-26,128,113.083786,14.916213989257812
2023-10-26,185,149.49318,35.50682067871094
2023-10-26,137,118.28755,18.712448120117188
2023-10-26,99,71.87632,27.123680114746094
2023-10-26,99,83.721115,15.278884887695312
2023-10-26,84,106.750336,-22.750335693359375
2023-10-26,100,78.701584,21.298416137695312
2023-10-26,52,67.564644,-15.564643859863281
2023-10-26,172,151.81967,20.180328369140625
2023-10-26,131,110.80371,20.1962890625
2023-10-26,92,88.711334,3.288665771484375
2023-10-26,82,66.734695,15.265304565429688
2023-10-26,159,194.39902,-35.399017333984375
2023-10-26,214,219.67944,-5.679443359375
2023-10-26,203,170.90454,32.095458984375
2023-10-26,90,91.83023,-1.830230712890625
2023-10-26,136,110.183075,25.816925048828125
2023-10-26,89,86.73025,2.2697525024414062
2023-10-26,34,59.48162,-25.48162078857422
2023-10-26,124,140.42474,-16.42474365234375
2023-10-26,107,89.91405,17.085952758789062
2023-10-26,151,149.22475,1.7752532958984375
2023-10-26,199,141.38159,57.618408203125
2023-10-26,158,149.45555,8.544448852539062
2023-10-26,128,129.02617,-1.0261688232421875
2023-10-26,117,89.012436,27.987564086914062
2023-10-26,113,92.39754,20.602462768554688
2023-10-26,79,70.50955,8.490447998046875
2023-10-26,53,59.44797,-6.447971343994141
2023-10-26,161,153.73541,7.26458740234375
2023-10-26,95,94.080154,0.9198455810546875
2023-10-26,143,143.35309,-0.35308837890625
2023-10-26,38,61.366066,-23.366065979003906
2023-10-26,82,101.2607,-19.260696411132812
2023-10-26,58,94.11082,-36.110816955566406
2023-10-26,74,80.189316,-6.1893157958984375
2023-10-26,143,122.19381,20.806190490722656
2023-10-26,90,77.017876,12.982124328613281
2023-10-26,142,143.0284,-1.0283966064453125
2023-10-26,108,139.97307,-31.973068237304688
2023-10-26,106,107.83387,-1.8338699340820312
2023-10-26,122,103.827995,18.17200469970703
2023-10-26,108,89.01047,18.989532470703125
2023-10-26,66,79.4279,-13.427902221679688
2023-10-26,87,94.423256,-7.423255920410156
2023-10-26,43,62.1477,-19.147701263427734
2023-10-26,72,71.81489,0.18511199951171875
2023-10-26,237,178.1202,58.87980651855469
2023-10-26,77,78.94392,-1.9439163208007812
2023-10-26,105,130.51363,-25.513626098632812
2023-10-26,141,119.760864,21.2391357421875
2023-10-26,47,59.189518,-12.189517974853516
2023-10-26,141,133.44344,7.5565643310546875
2023-10-27,143,149.21265,-6.212646484375
2023-10-27,66,100.89853,-34.898529052734375
2023-10-27,82,77.51219,4.4878082275390625
2023-10-27,131,127.29527,3.7047271728515625
2023-10-27,168,143.83679,24.1632080078125
2023-10-27,72,82.13834,-10.138343811035156
2023-10-27,94,85.01378,8.986221313476562
2023-10-27,47,44.237667,2.7623329162597656
2023-10-27,146,152.63364,-6.633636474609375
2023-10-27,96,96.60722,-0.6072235107421875
2023-10-27,110,108.51321,1.4867935180664062
2023-10-27,96,84.14969,11.850311279296875
2023-10-27,91,87.76828,3.231719970703125
2023-10-27,21,30.725386,-9.725385665893555
2023-10-27,66,90.878426,-24.87842559814453
2023-10-27,146,127.2151,18.784896850585938
2023-10-27,124,127.69096,-3.6909637451171875
2023-10-27,62,65.794,-3.7939987182617188
2023-10-27,79,78.68623,0.3137664794921875
2023-10-27,73,68.78153,4.218467712402344
2023-10-27,131,125.729744,5.270256042480469
2023-10-27,88,95.17564,-7.175636291503906
2023-10-27,83,91.77233,-8.772331237792969
2023-10-27,139,127.05676,11.9432373046875
2023-10-27,90,80.47508,9.524917602539062
2023-10-27,127,114.912094,12.087905883789062
2023-10-27,52,62.163754,-10.163753509521484
2023-10-27,122,130.88199,-8.881988525390625
2023-10-27,169,147.55716,21.442840576171875
2023-10-27,87,97.506386,-10.506385803222656
2023-10-27,110,110.02056,-0.02056121826171875
2023-10-27,99,106.21974,-7.2197418212890625
2023-10-27,137,124.57125,12.428749084472656
2023-10-27,132,119.235115,12.764884948730469
2023-10-27,82,117.0336,-35.033599853515625
2023-10-27,101,99.89905,1.1009521484375
2023-10-27,119,111.7427,7.257301330566406
2023-10-27,79,88.632866,-9.632865905761719
2023-10-27,70,103.305504,-33.305503845214844
2023-10-27,127,133.69946,-6.699462890625
2023-10-27,112,100.51342,11.486579895019531
2023-10-27,94,128.0092,-34.00920104980469
2023-10-27,143,117.14715,25.85285186767578
2023-10-27,95,89.14162,5.8583831787109375
2023-10-27,63,67.741325,-4.741325378417969
2023-10-27,141,123.09157,17.908432006835938
2023-10-27,131,107.16027,23.83972930908203
2023-10-27,144,142.15782,1.8421783447265625
2023-10-27,169,161.25768,7.7423248291015625
2023-10-27,134,128.90694,5.0930633544921875
2023-10-27,77,96.331924,-19.331924438476562
2023-10-27,68,68.36876,-0.3687591552734375
2023-10-27,167,149.42047,17.57952880859375
2023-10-27,175,171.1715,3.8285064697265625
2023-10-27,89,127.74177,-38.74176788330078
2023-10-27,147,122.1049,24.895103454589844
2023-10-27,53,60.664528,-7.664527893066406
2023-10-27,95,92.574905,2.4250946044921875
2023-10-27,81,96.954414,-15.954414367675781
2023-10-27,109,141.48434,-32.484344482421875
2023-10-27,186,174.72917,11.270828247070312
2023-10-27,99,100.92924,-1.9292373657226562
2023-10-27,91,88.69223,2.307769775390625
2023-10-27,175,157.92088,17.079116821289062
2023-10-27,117,117.30459,-0.30458831787109375
2023-10-27,149,141.27103,7.728973388671875
2023-10-27,154,148.55528,5.4447174072265625
2023-10-27,46,55.863884,-9.863883972167969
2023-10-27,133,151.11993,-18.11993408203125
2023-10-27,63,69.398224,-6.398223876953125
2023-10-27,103,101.45295,1.5470504760742188
2023-10-27,119,112.108215,6.89178466796875
2023-10-27,80,67.93857,12.061431884765625
2023-10-27,85,84.23132,0.7686767578125
2023-10-27,87,93.10707,-6.1070709228515625
2023-10-27,68,72.89835,-4.898353576660156
2023-10-27,115,104.96174,10.038261413574219
2023-10-27,82,88.969986,-6.9699859619140625
2023-10-27,107,101.81037,5.189628601074219
2023-10-27,78,102.44559,-24.445587158203125
2023-10-27,137,144.04538,-7.045379638671875
2023-10-27,104,117.69497,-13.694969177246094
2023-10-27,111,104.78737,6.2126312255859375
2023-10-27,125,114.0543,10.945701599121094
2023-10-27,115,113.06183,1.93817138671875
2023-10-27,118,107.65464,10.345359802246094
2023-10-27,196,178.67862,17.321380615234375
2023-10-27,200,175.52727,24.472732543945312
2023-10-27,133,188.39186,-55.39186096191406
2023-10-27,104,115.193794,-11.193794250488281
2023-10-27,116,123.59368,-7.593681335449219
2023-10-27,98,88.25476,9.7452392578125
2023-10-27,138,129.88431,8.115692138671875
2023-10-27,117,114.07184,2.92816162109375
2023-10-27,104,125.24447,-21.244468688964844
2023-10-27,81,80.399376,0.6006240844726562
2023-10-27,94,114.48893,-20.488929748535156
2023-10-27,79,79.19037,-0.19036865234375
2023-10-27,132,139.31755,-7.3175506591796875
2023-10-27,116,142.70995,-26.709945678710938
2023-10-28,114,117.09497,-3.094970703125
2023-10-28,192,192.10765,-0.1076507568359375
2023-10-28,131,118.67754,12.322456359863281
2023-10-28,133,121.92974,11.070259094238281
2023-10-28,136,127.33697,8.663032531738281
2023-10-28,147,137.5883,9.411697387695312
2023-10-28,140,126.37359,13.626411437988281
2023-10-28,55,74.689125,-19.689125061035156
2023-10-28,255,248.06694,6.9330596923828125
2023-10-28,95,96.1012,-1.1011962890625
2023-10-28,117,109.97305,7.026947021484375
2023-10-28,106,105.81716,0.18283843994140625
2023-10-28,56,64.95479,-8.954788208007812
2023-10-28,165,130.20622,34.79377746582031
2023-10-28,195,178.59207,16.407928466796875
2023-10-28,152,130.2929,21.707107543945312
2023-10-28,111,91.79288,19.207122802734375
2023-10-28,155,127.71788,27.282119750976562
2023-10-28,130,119.7144,10.285598754882812
2023-10-28,60,75.92648,-15.926483154296875
2023-10-28,136,141.93062,-5.9306182861328125
2023-10-28,148,128.04752,19.952484130859375
2023-10-28,68,80.62677,-12.62677001953125
2023-10-28,174,162.29024,11.709762573242188
2023-10-28,123,105.73079,17.269210815429688
2023-10-28,142,122.119354,19.880645751953125
2023-10-28,130,118.4214,11.578598022460938
2023-10-28,118,136.75122,-18.751220703125
2023-10-28,178,196.8315,-18.831497192382812
2023-10-28,161,160.67874,0.321258544921875
2023-10-28,114,118.15733,-4.1573333740234375
2023-10-28,66,57.280422,8.71957778930664
2023-10-28,132,128.21962,3.7803802490234375
2023-10-28,65,67.59426,-2.5942611694335938
2023-10-28,128,121.781654,6.218345642089844
2023-10-28,151,144.76204,6.2379608154296875
2023-10-28,164,136.98102,27.01898193359375
2023-10-28,166,181.02982,-15.029815673828125
2023-10-28,101,101.49489,-0.4948883056640625
2023-10-28,27,36.107227,-9.107227325439453
2023-10-28,71,76.17998,-5.1799774169921875
2023-10-28,104,109.9265,-5.9264984130859375
2023-10-28,122,116.319244,5.680755615234375
2023-10-28,136,140.71999,-4.7199859619140625
2023-10-28,55,71.06714,-16.067138671875
2023-10-28,104,92.43387,11.566131591796875
2023-10-28,111,101.48686,9.513137817382812
2023-10-28,126,122.413246,3.5867538452148438
2023-10-28,147,144.16649,2.8335113525390625
2023-10-28,121,104.18081,16.819190979003906
2023-10-28,114,104.27487,9.725128173828125
2023-10-28,82,78.451775,3.5482254028320312
2023-10-28,198,151.80562,46.19438171386719
2023-10-28,115,100.711815,14.288185119628906
2023-10-28,119,110.77429,8.2257080078125
2023-10-28,110,106.01016,3.989837646484375
2023-10-28,93,90.9933,2.0066986083984375
2023-10-28,85,91.17319,-6.173187255859375
2023-10-28,60,70.09351,-10.093513488769531
2023-10-28,78,86.741196,-8.741195678710938
2023-10-28,67,62.160145,4.839855194091797
2023-10-28,96,100.49845,-4.498451232910156
2023-10-28,97,84.38931,12.610687255859375
2023-10-28,151,113.322174,37.677825927734375
2023-10-28,132,108.499214,23.50078582763672
2023-10-28,155,119.615166,35.38483428955078
2023-10-28,102,92.43733,9.562667846679688
2023-10-28,119,111.48626,7.513740539550781
2023-10-28,75,90.14199,-15.141990661621094
2023-10-28,127,114.72686,12.273139953613281
2023-10-28,121,106.583916,14.416084289550781
2023-10-28,110,98.10664,11.893356323242188
2023-10-28,57,48.707653,8.292346954345703
2023-10-28,63,67.44176,-4.4417572021484375
2023-10-28,6,23.603653,-17.603652954101562
2023-10-28,119,115.80862,3.1913833618164062
2023-10-28,93,96.82024,-3.8202362060546875
2023-10-28,98,98.9522,-0.9522018432617188
2023-10-28,141,139.97826,1.0217437744140625
2023-10-28,60,70.527794,-10.527793884277344
2023-10-28,176,143.21219,32.787811279296875
2023-10-28,127,133.73894,-6.7389373779296875
2023-10-28,84,78.59216,5.4078369140625
2023-10-28,169,162.425,6.5749969482421875
2023-10-28,143,135.0282,7.9718017578125
2023-10-28,145,142.69753,2.3024749755859375
2023-10-28,167,138.90471,28.095291137695312
2023-10-28,179,142.21544,36.78456115722656
2023-10-28,220,226.00618,-6.0061798095703125
2023-10-28,207,169.96393,37.03607177734375
2023-10-28,85,91.60026,-6.600257873535156
2023-10-28,66,66.75149,-0.7514877319335938
2023-10-28,71,62.67327,8.326728820800781
2023-10-28,104,102.39763,1.6023712158203125
2023-10-28,208,190.23044,17.769561767578125
2023-10-28,248,209.92993,38.070068359375
2023-10-28,127,123.33207,3.6679306030273438
2023-10-28,136,138.18144,-2.1814422607421875
2023-10-28,124,116.01363,7.986366271972656
2023-10-28,107,104.64627,2.353729248046875
2023-10-29,162,133.14366,28.856338500976562
2023-10-29,92,89.64031,2.3596878051757812
2023-10-29,174,156.48009,17.519912719726562
2023-10-29,90,103.18051,-13.180511474609375
2023-10-29,125,110.75082,14.249183654785156
2023-10-29,133,129.58577,3.4142303466796875
2023-10-29,183,147.89659,35.10340881347656
2023-10-29,137,129.4747,7.525299072265625
2023-10-29,126,116.12322,9.876777648925781
2023-10-29,72,81.35013,-9.350128173828125
2023-10-29,77,78.35604,-1.3560409545898438
2023-10-29,195,163.03506,31.964935302734375
2023-10-29,25,32.09056,-7.0905609130859375
2023-10-29,113,105.671906,7.328094482421875
2023-10-29,102,96.403694,5.596305847167969
2023-10-29,72,79.25041,-7.2504119873046875
2023-10-29,62,78.65124,-16.65123748779297
2023-10-29,103,127.74608,-24.746078491210938
2023-10-29,83,77.4937,5.5063018798828125
2023-10-29,51,45.604164,5.395835876464844
2023-10-29,90,85.6997,4.300300598144531
2023-10-29,129,110.525116,18.474884033203125
2023-10-29,128,112.698265,15.301734924316406
2023-10-29,124,134.84438,-10.844375610351562
2023-10-29,114,113.10627,0.8937301635742188
2023-10-29,45,53.822006,-8.822006225585938
2023-10-29,59,60.360657,-1.36065673828125
2023-10-29,85,90.386894,-5.386894226074219
2023-10-29,108,124.364975,-16.364974975585938
2023-10-29,102,123.00645,-21.006446838378906
2023-10-29,105,112.60425,-7.604248046875
2023-10-29,91,90.47157,0.5284271240234375
2023-10-29,114,113.939766,0.06023406982421875
2023-10-29,52,60.06565,-8.065650939941406
2023-10-29,137,135.75266,1.247344970703125
2023-10-29,54,89.29956,-35.299560546875
2023-10-29,69,90.34593,-21.345932006835938
2023-10-29,122,113.13367,8.8663330078125
2023-10-29,69,97.240845,-28.2408447265625
2023-10-29,75,68.45527,6.544731140136719
2023-10-29,88,90.74063,-2.740631103515625
2023-10-29,149,136.25346,12.746536254882812
2023-10-29,132,132.77205,-0.7720489501953125
2023-10-29,123,140.99406,-17.994064331054688
2023-10-29,149,120.885,28.11499786376953
2023-10-29,78,76.722824,1.2771759033203125
2023-10-29,197,138.308,58.69200134277344
2023-10-29,110,110.067116,-0.06711578369140625
2023-10-29,171,148.78885,22.211151123046875
2023-10-29,160,141.62114,18.378860473632812
2023-10-29,41,43.356888,-2.3568878173828125
2023-10-29,79,80.03126,-1.0312576293945312
2023-10-29,110,104.643814,5.3561859130859375
2023-10-29,95,104.13867,-9.138671875
2023-10-29,112,125.12727,-13.127273559570312
2023-10-29,61,96.36417,-35.364166259765625
2023-10-29,88,86.99791,1.0020904541015625
2023-10-29,48,69.13841,-21.138412475585938
2023-10-29,123,141.72438,-18.724380493164062
2023-10-29,94,100.04654,-6.046539306640625
2023-10-29,110,96.446625,13.553375244140625
2023-10-29,81,80.729805,0.27019500732421875
2023-10-29,40,48.75079,-8.750789642333984
2023-10-29,116,125.7494,-9.749397277832031
2023-10-29,117,103.58572,13.414283752441406
2023-10-29,141,106.99635,34.00364685058594
2023-10-29,70,66.48627,3.51373291015625
2023-10-29,60,64.00313,-4.0031280517578125
2023-10-29,73,84.13463,-11.134628295898438
2023-10-29,107,105.970924,1.0290756225585938
2023-10-29,80,81.45107,-1.4510726928710938
2023-10-29,49,44.556194,4.443805694580078
2023-10-29,115,101.25508,13.744918823242188
2023-10-29,65,61.32183,3.6781692504882812
2023-10-29,83,84.77419,-1.7741928100585938
2023-10-29,29,33.241825,-4.241825103759766
2023-10-29,101,105.23831,-4.238311767578125
2023-10-29,78,81.086975,-3.08697509765625
2023-10-29,29,39.756027,-10.756027221679688
2023-10-29,54,64.75687,-10.756866455078125
2023-10-29,180,153.18561,26.81439208984375
2023-10-29,53,56.983177,-3.9831771850585938
2023-10-29,99,115.62126,-16.621261596679688
2023-10-29,87,83.63535,3.3646469116210938
2023-10-29,139,113.402596,25.59740447998047
2023-10-29,113,112.898186,0.10181427001953125
2023-10-29,103,102.25639,0.7436065673828125
2023-10-29,119,88.88491,30.115089416503906
2023-10-29,171,189.59961,-18.599609375
2023-10-29,100,96.92941,3.070587158203125
2023-10-29,72,61.56242,10.437580108642578
2023-10-29,102,96.4085,5.591499328613281
2023-10-29,88,101.867516,-13.867515563964844
2023-10-29,72,76.85475,-4.8547515869140625
2023-10-29,64,100.61569,-36.615692138671875
2023-10-29,75,64.093124,10.906875610351562
2023-10-29,99,108.283714,-9.283714294433594
2023-10-29,146,151.03848,-5.038482666015625
2023-10-29,75,76.13081,-1.1308135986328125
2023-10-29,31,48.08689,-17.086891174316406
2023-10-30,109,114.78878,-5.788780212402344
2023-10-30,91,80.625824,10.374176025390625
2023-10-30,86,88.56796,-2.567962646484375
2023-10-30,56,66.515396,-10.515396118164062
2023-10-30,178,160.90912,17.09088134765625
2023-10-30,102,89.6713,12.328697204589844
2023-10-30,89,97.632545,-8.632545471191406
2023-10-30,105,102.42746,2.572540283203125
2023-10-30,120,127.58288,-7.582878112792969
2023-10-30,90,92.418976,-2.418975830078125
2023-10-30,86,79.139114,6.8608856201171875
2023-10-30,144,130.75056,13.249435424804688
2023-10-30,131,130.16661,0.8333892822265625
2023-10-30,113,110.24164,2.75836181640625
2023-10-30,141,138.40895,2.5910491943359375
2023-10-30,83,86.29192,-3.2919235229492188
2023-10-30,86,89.71111,-3.7111129760742188
2023-10-30,117,101.78367,15.216331481933594
2023-10-30,65,70.02431,-5.0243072509765625
2023-10-30,65,58.69837,6.301628112792969
2023-10-30,181,173.51173,7.4882659912109375
2023-10-30,89,99.86237,-10.862373352050781
2023-10-30,69,62.729923,6.270076751708984
2023-10-30,123,118.03358,4.966423034667969
2023-10-30,46,48.981358,-2.9813575744628906
2023-10-30,78,76.81021,1.189788818359375
2023-10-30,121,117.51081,3.4891891479492188
2023-10-30,133,116.98625,16.013748168945312
2023-10-30,99,101.98093,-2.980926513671875
2023-10-30,126,147.63881,-21.638809204101562
2023-10-30,104,112.3491,-8.349098205566406
2023-10-30,93,89.65072,3.3492813110351562
2023-10-30,95,94.99658,0.00341796875
2023-10-30,86,98.82883,-12.828826904296875
2023-10-30,112,115.18866,-3.18865966796875
2023-10-30,111,94.979126,16.0208740234375
2023-10-30,71,80.21971,-9.219711303710938
2023-10-30,51,62.554775,-11.55477523803711
2023-10-30,137,133.78343,3.2165679931640625
2023-10-30,34,27.904346,6.095653533935547
2023-10-30,117,124.03673,-7.0367279052734375
2023-10-30,103,105.55681,-2.5568084716796875
2023-10-30,80,87.56017,-7.560173034667969
2023-10-30,81,93.26166,-12.26165771484375
2023-10-30,51,69.37661,-18.376609802246094
2023-10-30,113,122.912,-9.912002563476562
2023-10-30,87,99.99806,-12.998062133789062
2023-10-30,98,113.08562,-15.085617065429688
2023-10-30,107,96.04296,10.957038879394531
2023-10-30,157,144.4529,12.547103881835938
2023-10-30,84,84.48083,-0.48082733154296875
2023-10-30,83,81.490265,1.509735107421875
2023-10-30,132,141.16676,-9.166763305664062
2023-10-30,67,72.85318,-5.853179931640625
2023-10-30,134,129.24886,4.7511444091796875
2023-10-30,121,107.22416,13.775840759277344
2023-10-30,59,65.11154,-6.111541748046875
2023-10-30,38,46.900734,-8.900733947753906
2023-10-30,151,140.46844,10.53155517578125
2023-10-30,117,101.78711,15.212890625
2023-10-30,154,138.71016,15.289840698242188
2023-10-30,108,108.373,-0.3730010986328125
2023-10-30,74,73.72566,0.2743377685546875
2023-10-30,102,91.44147,10.55853271484375
2023-10-30,88,96.872635,-8.872634887695312
2023-10-30,90,92.89228,-2.8922805786132812
2023-10-30,31,57.079193,-26.079193115234375
2023-10-30,71,73.38724,-2.387237548828125
2023-10-30,83,89.9265,-6.9264984130859375
2023-10-30,112,117.78447,-5.7844696044921875
2023-10-30,109,100.31682,8.683181762695312
2023-10-30,90,113.09753,-23.09752655029297
2023-10-30,83,80.39596,2.6040420532226562
2023-10-30,63,61.91481,1.0851898193359375
2023-10-30,55,58.341,-3.3409996032714844
2023-10-30,67,70.57837,-3.578369140625
2023-10-30,50,45.706936,4.293064117431641
2023-10-30,54,59.303196,-5.303195953369141
2023-10-30,77,69.87473,7.125267028808594
2023-10-30,59,52.488213,6.511787414550781
2023-10-30,137,116.704666,20.295333862304688
2023-10-30,81,72.027794,8.972206115722656
2023-10-30,113,100.532486,12.467514038085938
2023-10-30,94,115.448395,-21.448394775390625
2023-10-30,108,99.184746,8.815254211425781
2023-10-30,143,136.74767,6.2523345947265625
2023-10-30,111,111.05321,-0.0532073974609375
2023-10-30,96,93.00977,2.9902267456054688
2023-10-30,81,92.502686,-11.502685546875
2023-10-30,61,58.862503,2.1374969482421875
2023-10-30,97,102.1201,-5.1201019287109375
2023-10-30,43,43.352684,-0.35268402099609375
2023-10-30,138,148.8925,-10.892501831054688
2023-10-30,76,78.263245,-2.26324462890625
2023-10-30,82,68.449,13.551002502441406
2023-10-30,83,83.94456,-0.9445571899414062
2023-10-30,94,99.20597,-5.205970764160156
2023-10-30,74,86.86174,-12.861740112304688
2023-10-30,57,57.7567,-0.7566986083984375
2023-10-30,67,73.685745,-6.6857452392578125
2023-10-31,66,58.270992,7.729007720947266
2023-10-31,61,70.1404,-9.140403747558594
2023-10-31,106,104.797165,1.2028350830078125
2023-10-31,88,89.985756,-1.9857559204101562
2023-10-31,86,73.35919,12.64080810546875
2023-10-31,77,73.02369,3.9763107299804688
2023-10-31,80,78.31713,1.6828689575195312
2023-10-31,42,48.77188,-6.771881103515625
2023-10-31,124,136.21584,-12.215835571289062
2023-10-31,62,61.1759,0.8241004943847656
2023-10-31,53,60.19644,-7.196441650390625
2023-10-31,71,83.179085,-12.179084777832031
2023-10-31,92,76.08791,15.912086486816406
2023-10-31,116,114.04853,1.9514694213867188
2023-10-31,38,42.169247,-4.169246673583984
2023-10-31,105,107.691734,-2.6917343139648438
2023-10-31,100,90.82307,9.176933288574219
2023-10-31,100,95.01327,4.986732482910156
2023-10-31,42,48.676476,-6.676475524902344
2023-10-31,79,84.10687,-5.10687255859375
2023-10-31,164,150.62398,13.376022338867188
2023-10-31,106,115.90483,-9.904830932617188
2023-10-31,76,81.89718,-5.897178649902344
2023-10-31,26,38.33777,-12.3377685546875
2023-10-31,101,108.84188,-7.841880798339844
2023-10-31,108,110.320755,-2.3207550048828125
2023-10-31,76,74.21485,1.7851486206054688
2023-10-31,101,108.104225,-7.104225158691406
2023-10-31,76,70.241,5.759002685546875
2023-10-31,138,148.47389,-10.473892211914062
2023-10-31,57,63.650208,-6.65020751953125
2023-10-31,56,56.78175,-0.7817497253417969
2023-10-31,138,139.68004,-1.6800384521484375
2023-10-31,46,40.443222,5.5567779541015625
2023-10-31,102,92.351074,9.64892578125
2023-10-31,157,139.96025,17.039749145507812
2023-10-31,39,57.6989,-18.698898315429688
2023-10-31,75,75.67199,-0.6719894409179688
2023-10-31,71,65.281235,5.7187652587890625
2023-10-31,56,70.43697,-14.436973571777344
2023-10-31,111,125.006485,-14.006484985351562
2023-10-31,157,156.80382,0.1961822509765625
2023-10-31,122,129.9116,-7.9116058349609375
2023-10-31,106,106.58001,-0.5800094604492188
2023-10-31,117,116.66031,0.339691162109375
2023-10-31,77,79.309784,-2.309783935546875
2023-10-31,112,104.5852,7.414802551269531
2023-10-31,118,120.28833,-2.288330078125
2023-10-31,120,123.348465,-3.3484649658203125
2023-10-31,116,139.39255,-23.392547607421875
2023-10-31,134,141.42679,-7.426788330078125
2023-10-31,107,114.432304,-7.432304382324219
2023-10-31,107,120.113144,-13.113143920898438
2023-10-31,68,57.41718,10.582820892333984
2023-10-31,109,117.85217,-8.8521728515625
2023-10-31,127,133.06169,-6.0616912841796875
2023-10-31,65,70.48111,-5.481109619140625
2023-10-31,44,45.262333,-1.2623329162597656
2023-10-31,68,72.51625,-4.5162506103515625
2023-10-31,116,94.949356,21.050643920898438
2023-10-31,148,134.64531,13.354690551757812
2023-10-31,90,96.610954,-6.610954284667969
2023-10-31,100,102.60038,-2.6003799438476562
2023-10-31,108,103.05751,4.9424896240234375
2023-10-31,119,129.36732,-10.367324829101562
2023-10-31,142,136.81763,5.182373046875
2023-10-31,141,118.0819,22.91809844970703
2023-10-31,108,106.37322,1.6267776489257812
2023-10-31,174,170.3299,3.67010498046875
2023-10-31,132,120.98873,11.011268615722656
2023-10-31,74,66.94941,7.050590515136719
2023-10-31,65,79.40733,-14.407333374023438
2023-10-31,71,73.64501,-2.6450119018554688
2023-10-31,90,98.59096,-8.590957641601562
2023-10-31,86,75.56556,10.434440612792969
2023-10-31,85,84.91204,0.08795928955078125
2023-10-31,121,118.21966,2.7803421020507812
2023-10-31,41,35.133312,5.866687774658203
2023-10-31,144,123.40088,20.59912109375
2023-10-31,111,119.79577,-8.795768737792969
2023-10-31,122,120.272835,1.7271652221679688
2023-10-31,64,75.53225,-11.532249450683594
2023-10-31,82,85.35439,-3.3543930053710938
2023-10-31,145,132.40106,12.59893798828125
2023-10-31,106,98.02879,7.9712066650390625
2023-10-31,88,88.350555,-0.350555419921875
2023-10-31,40,65.628044,-25.62804412841797
2023-10-31,85,92.579185,-7.579185485839844
2023-10-31,118,117.68051,0.319488525390625
2023-10-31,202,165.03644,36.96356201171875
2023-10-31,69,65.239525,3.7604751586914062
2023-10-31,35,35.48877,-0.48876953125
2023-10-31,138,142.30145,-4.30145263671875
2023-10-31,66,57.57752,8.422481536865234
2023-10-31,110,92.72771,17.272293090820312
2023-10-31,72,83.45664,-11.456642150878906
2023-10-31,63,76.71897,-13.718971252441406
2023-10-31,109,114.4072,-5.407203674316406
2023-10-31,59,60.234478,-1.2344779968261719
2023-10-31,36,33.3355,2.664501190185547
2023-11-01,99,92.954506,6.045494079589844
2023-11-01,87,105.966896,-18.966896057128906
2023-11-01,119,113.08894,5.9110565185546875
2023-11-01,114,112.587715,1.4122848510742188
2023-11-01,143,144.33519,-1.3351898193359375
2023-11-01,120,130.07712,-10.077117919921875
2023-11-01,68,77.759346,-9.759346008300781
2023-11-01,70,79.5524,-9.552398681640625
2023-11-01,74,94.207726,-20.207725524902344
2023-11-01,82,74.366684,7.6333160400390625
2023-11-01,39,49.55006,-10.550060272216797
2023-11-01,164,152.29858,11.701416015625
2023-11-01,121,126.812805,-5.81280517578125
2023-11-01,138,133.17094,4.8290557861328125
2023-11-01,59,59.910057,-0.9100570678710938
2023-11-01,144,132.09503,11.90496826171875
2023-11-01,42,54.210304,-12.210304260253906
2023-11-01,90,104.12218,-14.122177124023438
2023-11-01,124,118.3873,5.612701416015625
2023-11-01,79,72.97832,6.0216827392578125
2023-11-01,189,177.79214,11.207855224609375
2023-11-01,89,94.01776,-5.01776123046875
2023-11-01,99,108.25326,-9.253257751464844
2023-11-01,149,146.42668,2.5733184814453125
2023-11-01,143,147.59634,-4.596343994140625
2023-11-01,145,136.46509,8.534912109375
2023-11-01,44,70.73825,-26.738250732421875
2023-11-01,93,107.69745,-14.69744873046875
2023-11-01,74,63.355244,10.644756317138672
2023-11-01,119,118.641754,0.358245849609375
2023-11-01,101,101.046074,-0.04607391357421875
2023-11-01,133,130.92616,2.0738372802734375
2023-11-01,186,177.09102,8.908981323242188
2023-11-01,100,101.775604,-1.775604248046875
2023-11-01,163,149.03287,13.967132568359375
2023-11-01,149,150.08568,-1.0856781005859375
2023-11-01,90,99.619286,-9.619285583496094
2023-11-01,97,101.843315,-4.843315124511719
2023-11-01,127,131.44835,-4.4483489990234375
2023-11-01,78,77.33354,0.6664581298828125
2023-11-01,93,91.04486,1.95513916015625
2023-11-01,78,72.80167,5.198333740234375
2023-11-01,137,130.78636,6.2136383056640625
2023-11-01,89,111.28245,-22.282447814941406
2023-11-01,165,161.81334,3.1866607666015625
2023-11-01,110,109.89896,0.101043701171875
2023-11-01,147,139.58348,7.4165191650390625
2023-11-01,86,102.39986,-16.399856567382812
2023-11-01,95,88.41858,6.5814208984375
2023-11-01,99,91.10946,7.890541076660156
2023-11-01,93,95.61407,-2.6140670776367188
2023-11-01,72,65.25978,6.7402191162109375
2023-11-01,118,116.79571,1.2042922973632812
2023-11-01,107,116.8231,-9.823097229003906
2023-11-01,125,132.56274,-7.562744140625
2023-11-01,120,104.51665,15.483352661132812
2023-11-01,106,97.951645,8.048355102539062
2023-11-01,96,88.4826,7.517402648925781
2023-11-01,156,149.78629,6.213714599609375
2023-11-01,128,116.103165,11.896835327148438
2023-11-01,134,148.64702,-14.647018432617188
2023-11-01,124,116.25805,7.741950988769531
2023-11-01,69,67.771645,1.2283554077148438
2023-11-01,49,52.039345,-3.0393447875976562
2023-11-01,133,127.0926,5.907402038574219
2023-11-01,114,116.67428,-2.6742782592773438
2023-11-01,79,98.03745,-19.037452697753906
2023-11-01,83,79.02993,3.9700698852539062
2023-11-01,82,77.36475,4.635246276855469
2023-11-01,93,101.37187,-8.371871948242188
2023-11-01,161,145.56313,15.436874389648438
2023-11-01,220,204.93492,15.065078735351562
2023-11-01,209,199.51955,9.480453491210938
2023-11-01,55,59.84002,-4.840019226074219
2023-11-01,80,78.50414,1.4958572387695312
2023-11-01,111,108.51941,2.4805908203125
2023-11-01,88,86.795746,1.204254150390625
2023-11-01,80,79.35917,0.6408309936523438
2023-11-01,120,135.3576,-15.35760498046875
2023-11-01,118,101.248955,16.75104522705078
2023-11-01,223,195.96716,27.0328369140625
2023-11-01,61,72.24375,-11.243751525878906
2023-11-01,57,67.41179,-10.411788940429688
2023-11-01,128,113.544044,14.455955505371094
2023-11-01,115,113.40667,1.5933303833007812
2023-11-01,95,116.4282,-21.428199768066406
2023-11-01,84,99.69878,-15.698776245117188
2023-11-01,113,122.65275,-9.652748107910156
2023-11-01,110,121.121826,-11.121826171875
2023-11-01,135,114.803085,20.196914672851562
2023-11-01,139,110.68765,28.312347412109375
2023-11-01,110,100.990204,9.009796142578125
2023-11-01,140,128.60675,11.39324951171875
2023-11-01,54,48.24795,5.752048492431641
2023-11-01,156,130.89035,25.109649658203125
2023-11-01,160,147.91994,12.080062866210938
2023-11-01,130,108.80097,21.19902801513672
2023-11-01,79,69.5894,9.410598754882812
2023-11-01,146,134.7856,11.214401245117188
2023-11-01,36,59.67009,-23.670089721679688
2023-11-02,128,148.82013,-20.82012939453125
2023-11-02,61,59.636955,1.3630447387695312
2023-11-02,113,119.47564,-6.475639343261719
2023-11-02,66,88.92448,-22.924476623535156
2023-11-02,102,120.646675,-18.64667510986328
2023-11-02,53,53.8848,-0.8847999572753906
2023-11-02,177,154.03339,22.96661376953125
2023-11-02,128,113.20881,14.791191101074219
2023-11-02,183,181.41257,1.587432861328125
2023-11-02,107,103.378944,3.6210556030273438
2023-11-02,71,67.88575,3.1142501831054688
2023-11-02,115,125.96365,-10.963653564453125
2023-11-02,93,103.503845,-10.50384521484375
2023-11-02,194,198.6018,-4.601806640625
2023-11-02,72,96.66875,-24.668746948242188
2023-11-02,122,137.78398,-15.783981323242188
2023-11-02,110,105.97564,4.024360656738281
2023-11-02,167,156.45503,10.544967651367188
2023-11-02,131,131.80293,-0.8029327392578125
2023-11-02,48,56.257233,-8.257232666015625
2023-11-02,220,210.50218,9.497817993164062
2023-11-02,111,91.48941,19.510589599609375
2023-11-02,74,75.18488,-1.1848831176757812
2023-11-02,147,158.70436,-11.704360961914062
2023-11-02,83,100.064,-17.064002990722656
2023-11-02,163,139.19077,23.809234619140625
2023-11-02,109,101.03961,7.96038818359375
2023-11-02,81,95.03756,-14.037559509277344
2023-11-02,177,152.89687,24.103134155273438
2023-11-02,259,251.69106,7.3089447021484375
2023-11-02,141,128.8166,12.183395385742188
2023-11-02,89,84.05262,4.947380065917969
2023-11-02,110,125.95425,-15.954246520996094
2023-11-02,126,120.14619,5.853813171386719
2023-11-02,95,116.155876,-21.15587615966797
2023-11-02,95,99.76633,-4.766326904296875
2023-11-02,144,128.60905,15.390945434570312
2023-11-02,135,135.83713,-0.837127685546875
2023-11-02,205,195.91112,9.088882446289062
2023-11-02,99,105.265526,-6.265525817871094
2023-11-02,103,104.5509,-1.5509033203125
2023-11-02,131,133.90088,-2.90087890625
2023-11-02,164,146.21654,17.783462524414062
2023-11-02,143,168.58171,-25.581710815429688
2023-11-02,96,121.03681,-25.03681182861328
2023-11-02,56,70.60489,-14.604888916015625
2023-11-02,196,150.06245,45.93754577636719
2023-11-02,94,107.25496,-13.254959106445312
2023-11-02,148,145.76201,2.2379913330078125
2023-11-02,111,131.8998,-20.899795532226562
2023-11-02,142,143.568,-1.5679931640625
2023-11-02,56,61.804302,-5.804302215576172
2023-11-02,181,173.38574,7.6142578125
2023-11-02,67,74.23961,-7.2396087646484375
2023-11-02,170,178.30266,-8.302658081054688
2023-11-02,112,120.099655,-8.099655151367188
2023-11-02,86,87.444626,-1.4446258544921875
2023-11-02,127,125.57339,1.4266128540039062
2023-11-02,126,152.49503,-26.495025634765625
2023-11-02,108,113.91971,-5.919708251953125
2023-11-02,162,167.43085,-5.43084716796875
2023-11-02,91,98.32652,-7.3265228271484375
2023-11-02,52,45.53999,6.460010528564453
2023-11-02,83,131.15529,-48.15528869628906
2023-11-02,151,135.57866,15.421340942382812
2023-11-02,115,122.38108,-7.381080627441406
2023-11-02,75,85.25965,-10.259651184082031
2023-11-02,77,74.83957,2.160430908203125
2023-11-02,134,125.15982,8.840179443359375
2023-11-02,163,152.01654,10.98345947265625
2023-11-02,66,72.77302,-6.773017883300781
2023-11-02,115,113.25364,1.7463607788085938
2023-11-02,160,153.00633,6.9936676025390625
2023-11-02,85,78.17364,6.826362609863281
2023-11-02,106,108.49723,-2.4972305297851562
2023-11-02,59,65.94493,-6.9449310302734375
2023-11-02,96,92.98227,3.017730712890625
2023-11-02,86,95.7279,-9.727897644042969
2023-11-02,186,172.73122,13.268783569335938
2023-11-02,129,114.435684,14.564315795898438
2023-11-02,119,120.71041,-1.7104110717773438
2023-11-02,58,61.751427,-3.7514266967773438
2023-11-02,50,55.176067,-5.176067352294922
2023-11-02,73,100.17341,-27.17340850830078
2023-11-02,78,91.73743,-13.7374267578125
2023-11-02,113,110.13804,2.8619613647460938
2023-11-02,230,200.69958,29.3004150390625
2023-11-02,104,106.15104,-2.1510391235351562
2023-11-02,161,172.73204,-11.732040405273438
2023-11-02,175,172.20097,2.7990264892578125
2023-11-02,151,136.26202,14.73797607421875
2023-11-02,77,70.31816,6.6818389892578125
2023-11-02,146,151.72153,-5.721527099609375
2023-11-02,134,130.76648,3.2335205078125
2023-11-02,132,146.2117,-14.211700439453125
2023-11-02,115,125.51929,-10.519287109375
2023-11-02,146,147.12134,-1.121337890625
2023-11-02,142,132.56287,9.4371337890625
2023-11-02,61,78.90031,-17.900306701660156
2023-11-02,72,94.28684,-22.286842346191406
2023-11-03,137,110.72212,26.277877807617188
2023-11-03,95,92.049065,2.9509353637695312
2023-11-03,70,61.277744,8.72225570678711
2023-11-03,94,93.05038,0.9496231079101562
2023-11-03,182,164.98271,17.017288208007812
2023-11-03,63,74.77472,-11.77471923828125
2023-11-03,103,96.142166,6.8578338623046875
2023-11-03,142,116.898094,25.101905822753906
2023-11-03,126,147.82242,-21.822418212890625
2023-11-03,82,81.7909,0.20909881591796875
2023-11-03,64,68.88823,-4.8882293701171875
2023-11-03,103,107.63869,-4.6386871337890625
2023-11-03,104,97.48668,6.5133209228515625
2023-11-03,83,86.164795,-3.164794921875
2023-11-03,33,55.76691,-22.766910552978516
2023-11-03,137,150.42053,-13.4205322265625
2023-11-03,71,82.483765,-11.4837646484375
2023-11-03,111,134.03346,-23.033462524414062
2023-11-03,51,71.7943,-20.794296264648438
2023-11-03,110,98.33742,11.662582397460938
2023-11-03,155,125.24858,29.751419067382812
2023-11-03,133,144.2951,-11.29510498046875
2023-11-03,48,43.884697,4.115303039550781
2023-11-03,73,81.50062,-8.500617980957031
2023-11-03,77,80.91301,-3.9130096435546875
2023-11-03,99,92.65589,6.344108581542969
2023-11-03,87,77.85429,9.145713806152344
2023-11-03,154,151.91289,2.0871124267578125
2023-11-03,162,185.07272,-23.072723388671875
2023-11-03,71,74.4443,-3.4442977905273438
2023-11-03,150,148.50749,1.4925079345703125
2023-11-03,115,102.204025,12.795974731445312
2023-11-03,88,79.73659,8.263412475585938
2023-11-03,150,148.63628,1.3637237548828125
2023-11-03,125,122.49124,2.508758544921875
2023-11-03,104,110.155754,-6.155754089355469
2023-11-03,117,117.939445,-0.9394454956054688
2023-11-03,39,49.745037,-10.745037078857422
2023-11-03,73,76.61765,-3.6176528930664062
2023-11-03,57,69.975555,-12.975555419921875
2023-11-03,161,142.94905,18.050949096679688
2023-11-03,100,104.4383,-4.438301086425781
2023-11-03,126,120.16651,5.833488464355469
2023-11-03,121,115.575226,5.424774169921875
2023-11-03,135,143.08246,-8.08245849609375
2023-11-03,89,97.33491,-8.334907531738281
2023-11-03,155,105.943375,49.05662536621094
2023-11-03,169,162.12903,6.8709716796875
2023-11-03,158,178.67715,-20.677154541015625
2023-11-03,153,163.79068,-10.790679931640625
2023-11-03,108,116.19561,-8.195610046386719
2023-11-03,29,28.889603,0.1103973388671875
2023-11-03,103,84.16772,18.83228302001953
2023-11-03,59,79.923515,-20.92351531982422
2023-11-03,144,134.35101,9.64898681640625
2023-11-03,159,146.80449,12.195510864257812
2023-11-03,75,84.20637,-9.206367492675781
2023-11-03,27,51.667233,-24.667232513427734
2023-11-03,69,75.485756,-6.485755920410156
2023-11-03,121,149.76204,-28.762039184570312
2023-11-03,92,82.94398,9.056022644042969
2023-11-03,139,143.1786,-4.1786041259765625
2023-11-03,76,76.98505,-0.98504638671875
2023-11-03,114,109.88157,4.118431091308594
2023-11-03,140,111.3213,28.67870330810547
2023-11-03,146,135.87042,10.12957763671875
2023-11-03,136,124.158295,11.841705322265625
2023-11-03,102,101.781944,0.21805572509765625
2023-11-03,101,122.41153,-21.411529541015625
2023-11-03,154,140.41388,13.58612060546875
2023-11-03,119,99.37009,19.629913330078125
2023-11-03,98,84.07453,13.925468444824219
2023-11-03,109,88.89818,20.101821899414062
2023-11-03,123,127.00671,-4.006706237792969
2023-11-03,69,74.871925,-5.871925354003906
2023-11-03,81,73.78939,7.210609436035156
2023-11-03,93,100.54629,-7.546287536621094
2023-11-03,105,123.353516,-18.353515625
2023-11-03,88,97.16588,-9.165878295898438
2023-11-03,96,92.705505,3.29449462890625
2023-11-03,185,190.62494,-5.62493896484375
2023-11-03,121,120.561844,0.4381561279296875
2023-11-03,68,72.64813,-4.64813232421875
2023-11-03,120,104.07826,15.921737670898438
2023-11-03,95,114.5138,-19.51380157470703
2023-11-03,90,82.8587,7.14129638671875
2023-11-03,155,127.21297,27.787033081054688
2023-11-03,188,178.8613,9.138702392578125
2023-11-03,74,108.56212,-34.56211853027344
2023-11-03,124,143.0548,-19.054794311523438
2023-11-03,114,91.45798,22.542022705078125
2023-11-03,43,48.108803,-5.108802795410156
2023-11-03,120,109.37041,10.629592895507812
2023-11-03,57,70.03724,-13.037239074707031
2023-11-03,111,127.815605,-16.81560516357422
2023-11-03,69,81.89256,-12.892562866210938
2023-11-03,77,98.72772,-21.72772216796875
2023-11-03,172,179.45644,-7.4564361572265625
2023-11-03,54,64.51186,-10.511863708496094
2023-11-03,111,124.21854,-13.218536376953125
2023-11-04,120,104.96731,15.032691955566406
2023-11-04,85,90.864,-5.8639984130859375
2023-11-04,86,88.67843,-2.6784286499023438
2023-11-04,104,106.17839,-2.1783905029296875
2023-11-04,59,75.16727,-16.167266845703125
2023-11-04,62,76.60135,-14.601348876953125
2023-11-04,99,95.22841,3.7715911865234375
2023-11-04,81,88.69435,-7.6943511962890625
2023-11-04,94,118.94703,-24.94702911376953
2023-11-04,91,100.72037,-9.720367431640625
2023-11-04,29,32.71243,-3.7124290466308594
2023-11-04,156,146.08047,9.919525146484375
2023-11-04,110,91.78363,18.21636962890625
2023-11-04,84,111.61415,-27.614151000976562
2023-11-04,112,94.37072,17.62928009033203
2023-11-04,129,124.29441,4.705589294433594
2023-11-04,102,97.14708,4.8529205322265625
2023-11-04,37,54.56664,-17.566638946533203
2023-11-04,69,61.85419,7.145809173583984
2023-11-04,59,64.502,-5.5019989013671875
2023-11-04,127,136.11745,-9.117446899414062
2023-11-04,110,101.586105,8.413894653320312
2023-11-04,119,108.98169,10.018310546875
2023-11-04,179,139.03761,39.96238708496094
2023-11-04,149,171.38326,-22.383255004882812
2023-11-04,60,58.238514,1.7614860534667969
2023-11-04,162,117.64604,44.35395812988281
2023-11-04,69,75.11939,-6.119392395019531
2023-11-04,144,155.32788,-11.327880859375
2023-11-04,145,150.38072,-5.3807220458984375
2023-11-04,169,156.79242,12.20758056640625
2023-11-04,112,108.0807,3.9192962646484375
2023-11-04,147,133.32866,13.671340942382812
2023-11-04,145,118.82582,26.174179077148438
2023-11-04,103,92.43015,10.569847106933594
2023-11-04,93,109.57671,-16.57671356201172
2023-11-04,158,139.45653,18.543472290039062
2023-11-04,99,96.486046,2.5139541625976562
2023-11-04,123,131.5417,-8.541702270507812
2023-11-04,54,61.760784,-7.760784149169922
2023-11-04,40,66.13315,-26.133148193359375
2023-11-04,112,154.8936,-42.89360046386719
2023-11-04,166,157.45743,8.542572021484375
2023-11-04,170,177.24973,-7.249725341796875
2023-11-04,127,150.33914,-23.339141845703125
2023-11-04,138,139.29723,-1.2972259521484375
2023-11-04,202,168.95973,33.04026794433594
2023-11-04,122,125.74328,-3.7432785034179688
2023-11-04,115,164.31918,-49.319183349609375
2023-11-04,270,188.1042,81.89579772949219
2023-11-04,151,143.67336,7.3266448974609375
2023-11-04,116,108.05199,7.9480133056640625
2023-11-04,95,103.97105,-8.971046447753906
2023-11-04,185,182.00076,2.999237060546875
2023-11-04,114,105.92275,8.077247619628906
2023-11-04,90,103.379395,-13.37939453125
2023-11-04,162,151.05316,10.94683837890625
2023-11-04,54,76.00002,-22.000022888183594
2023-11-04,186,191.25829,-5.2582855224609375
2023-11-04,71,82.01996,-11.01995849609375
2023-11-04,91,118.16942,-27.169418334960938
2023-11-04,138,135.44218,2.5578155517578125
2023-11-04,57,52.743103,4.25689697265625
2023-11-04,180,156.79332,23.206680297851562
2023-11-04,65,89.86047,-24.8604736328125
2023-11-04,109,103.524895,5.475105285644531
2023-11-04,134,133.00308,0.996917724609375
2023-11-04,56,59.354187,-3.35418701171875
2023-11-04,82,90.20097,-8.200973510742188
2023-11-04,116,116.464485,-0.46448516845703125
2023-11-04,120,111.33108,8.668922424316406
2023-11-04,153,142.22186,10.77813720703125
2023-11-04,103,92.34802,10.6519775390625
2023-11-04,144,139.89923,4.10076904296875
2023-11-04,19,27.409018,-8.409017562866211
2023-11-04,93,93.52204,-0.5220413208007812
2023-11-04,137,141.56973,-4.569732666015625
2023-11-04,41,61.153866,-20.153865814208984
2023-11-04,77,88.85974,-11.8597412109375
2023-11-04,38,47.608746,-9.608745574951172
2023-11-04,68,85.358574,-17.35857391357422
2023-11-04,71,86.946724,-15.946723937988281
2023-11-04,98,94.936806,3.0631942749023438
2023-11-04,112,114.843445,-2.84344482421875
2023-11-04,135,175.76236,-40.762359619140625
2023-11-04,94,89.35507,4.644927978515625
2023-11-04,69,76.6369,-7.63690185546875
2023-11-04,145,142.64867,2.3513336181640625
2023-11-04,58,120.09349,-62.09349060058594
2023-11-04,66,86.99754,-20.997543334960938
2023-11-04,110,98.66341,11.336593627929688
2023-11-04,114,108.182465,5.817535400390625
2023-11-04,100,94.70183,5.2981719970703125
2023-11-04,62,70.63827,-8.638267517089844
2023-11-04,124,106.40508,17.59491729736328
2023-11-04,128,135.25764,-7.2576446533203125
2023-11-04,81,94.99117,-13.991172790527344
2023-11-04,79,78.190834,0.8091659545898438
2023-11-04,74,75.063,-1.0630035400390625
2023-11-04,101,100.22079,0.7792129516601562
2023-11-05,105,108.19272,-3.192718505859375
2023-11-05,94,86.68636,7.313636779785156
2023-11-05,102,101.10454,0.8954620361328125
2023-11-05,115,128.9053,-13.905303955078125
2023-11-05,116,154.50612,-38.50611877441406
2023-11-05,109,93.450356,15.549644470214844
2023-11-05,203,174.03662,28.96337890625
2023-11-05,86,102.27016,-16.270156860351562
2023-11-05,69,95.11117,-26.111167907714844
2023-11-05,67,71.02231,-4.022308349609375
2023-11-05,71,73.28513,-2.2851333618164062
2023-11-05,107,91.47609,15.523910522460938
2023-11-05,103,104.52699,-1.5269927978515625
2023-11-05,84,122.186676,-38.186676025390625
2023-11-05,92,79.49113,12.508872985839844
2023-11-05,172,152.92326,19.076736450195312
2023-11-05,83,96.45427,-13.454269409179688
2023-11-05,72,90.55086,-18.550857543945312
2023-11-05,104,103.59987,0.4001312255859375
2023-11-05,65,61.9526,3.0474014282226562
2023-11-05,136,130.88138,5.118621826171875
2023-11-05,80,78.43869,1.561309814453125
2023-11-05,4,31.762808,-27.762807846069336
2023-11-05,87,110.33817,-23.338172912597656
2023-11-05,179,172.31815,6.681854248046875
2023-11-05,141,123.613434,17.386566162109375
2023-11-05,105,107.34671,-2.346710205078125
2023-11-05,156,137.31732,18.68267822265625
2023-11-05,107,121.16643,-14.166427612304688
2023-11-05,121,122.02637,-1.0263671875
2023-11-05,35,56.85974,-21.8597412109375
2023-11-05,38,46.47697,-8.476970672607422
2023-11-05,128,116.67292,11.327079772949219
2023-11-05,140,145.05261,-5.0526123046875
2023-11-05,109,108.175095,0.8249053955078125
2023-11-05,120,119.13463,0.8653717041015625
2023-11-05,59,72.16296,-13.162956237792969
2023-11-05,68,75.80109,-7.80108642578125
2023-11-05,74,85.95746,-11.95745849609375
2023-11-05,83,72.82722,10.172782897949219
2023-11-05,113,101.139626,11.860374450683594
2023-11-05,141,121.40803,19.59197235107422
2023-11-05,127,115.40129,11.598709106445312
2023-11-05,63,98.20971,-35.20970916748047
2023-11-05,165,158.25783,6.7421722412109375
2023-11-05,108,102.30133,5.69866943359375
2023-11-05,218,163.45569,54.5443115234375
2023-11-05,110,124.52352,-14.523521423339844
2023-11-05,133,141.43759,-8.437591552734375
2023-11-05,78,79.8373,-1.8373031616210938
2023-11-05,145,145.42227,-0.422271728515625
2023-11-05,32,37.063175,-5.063175201416016
2023-11-05,88,87.95588,0.04412078857421875
2023-11-05,120,133.13548,-13.135482788085938
2023-11-05,77,87.9371,-10.937103271484375
2023-11-05,148,144.32063,3.6793670654296875
2023-11-05,93,96.11562,-3.1156234741210938
2023-11-05,75,86.02033,-11.020332336425781
2023-11-05,79,89.532974,-10.532974243164062
2023-11-05,110,110.23141,-0.23140716552734375
2023-11-05,131,120.46264,10.537361145019531
2023-11-05,119,117.38789,1.6121063232421875
2023-11-05,134,125.7961,8.203903198242188
2023-11-05,81,121.37682,-40.37682342529297
2023-11-05,78,116.78512,-38.785118103027344
2023-11-05,167,149.84256,17.157440185546875
2023-11-05,168,177.35309,-9.35308837890625
2023-11-05,179,147.90758,31.092422485351562
2023-11-05,155,154.80923,0.190765380859375
2023-11-05,110,120.871155,-10.87115478515625
2023-11-05,89,103.159546,-14.1595458984375
2023-11-05,41,41.398994,-0.39899444580078125
2023-11-05,161,149.20435,11.795654296875
2023-11-05,50,59.01699,-9.016990661621094
2023-11-05,94,68.621346,25.37865447998047
2023-11-05,97,84.46329,12.536712646484375
2023-11-05,114,109.68079,4.319206237792969
2023-11-05,116,104.438324,11.561676025390625
2023-11-05,123,117.981186,5.0188140869140625
2023-11-05,81,68.93592,12.064079284667969
2023-11-05,60,71.23744,-11.237442016601562
2023-11-05,88,85.667145,2.332855224609375
2023-11-05,56,57.504597,-1.5045967102050781
2023-11-05,141,171.91374,-30.913742065429688
2023-11-05,147,169.73488,-22.734878540039062
2023-11-05,50,58.84124,-8.841239929199219
2023-11-05,118,105.82588,12.174118041992188
2023-11-05,90,74.92951,15.070487976074219
2023-11-05,139,161.71213,-22.712127685546875
2023-11-05,139,135.10336,3.896636962890625
2023-11-05,75,80.18427,-5.184272766113281
2023-11-05,110,107.6757,2.3243026733398438
2023-11-05,167,150.30885,16.691146850585938
2023-11-05,99,103.69419,-4.694190979003906
2023-11-05,127,106.62771,20.372291564941406
2023-11-05,151,129.57689,21.423110961914062
2023-11-05,97,99.02373,-2.0237274169921875
2023-11-05,103,106.829834,-3.829833984375
2023-11-05,73,70.95918,2.0408172607421875
2023-11-05,88,71.25414,16.74585723876953
2023-11-06,97,94.81924,2.1807632446289062
2023-11-06,97,94.09433,2.905670166015625
2023-11-06,140,131.157,8.843002319335938
2023-11-06,94,103.19242,-9.192420959472656
2023-11-06,101,106.337395,-5.337394714355469
2023-11-06,94,89.95715,4.0428466796875
2023-11-06,173,142.24007,30.759933471679688
2023-11-06,113,118.92599,-5.925987243652344
2023-11-06,165,144.75835,20.241653442382812
2023-11-06,79,80.97239,-1.9723892211914062
2023-11-06,78,79.81966,-1.8196563720703125
2023-11-06,123,107.00838,15.991622924804688
2023-11-06,76,81.44415,-5.44415283203125
2023-11-06,102,113.63121,-11.631210327148438
2023-11-06,89,85.5236,3.4764022827148438
2023-11-06,84,111.59129,-27.591293334960938
2023-11-06,85,87.70194,-2.7019424438476562
2023-11-06,75,99.86266,-24.86266326904297
2023-11-06,75,75.498,-0.4980010986328125
2023-11-06,71,69.422485,1.5775146484375
2023-11-06,73,65.93064,7.069358825683594
2023-11-06,58,46.208992,11.791007995605469
2023-11-06,90,103.18512,-13.18511962890625
2023-11-06,118,137.61932,-19.61932373046875
2023-11-06,99,91.518005,7.48199462890625
2023-11-06,87,82.58745,4.4125518798828125
2023-11-06,57,79.42576,-22.425758361816406
2023-11-06,129,113.50245,15.497550964355469
2023-11-06,74,84.73886,-10.738861083984375
2023-11-06,94,93.42823,0.5717697143554688
2023-11-06,100,121.788765,-21.78876495361328
2023-11-06,104,102.97039,1.0296096801757812
2023-11-06,130,147.7979,-17.797897338867188
2023-11-06,83,92.918335,-9.9183349609375
2023-11-06,23,41.24215,-18.242149353027344
2023-11-06,88,109.78567,-21.785667419433594
2023-11-06,69,81.68084,-12.680839538574219
2023-11-06,72,84.24966,-12.249656677246094
2023-11-06,97,114.09027,-17.09027099609375
2023-11-06,108,102.65504,5.344963073730469
2023-11-06,96,92.52296,3.4770431518554688
2023-11-06,100,84.87996,15.120040893554688
2023-11-06,141,131.2945,9.70550537109375
2023-11-06,138,130.66504,7.3349609375
2023-11-06,117,111.95763,5.0423736572265625
2023-11-06,82,70.834915,11.165084838867188
2023-11-06,133,129.14424,3.8557586669921875
2023-11-06,135,131.69846,3.301544189453125
2023-11-06,119,110.66721,8.332786560058594
2023-11-06,70,57.674786,12.325214385986328
2023-11-06,181,170.97112,10.028884887695312
2023-11-06,81,75.40572,5.594276428222656
2023-11-06,133,146.87883,-13.878829956054688
2023-11-06,68,80.468025,-12.468025207519531
2023-11-06,77,70.04861,6.951393127441406
2023-11-06,116,111.15683,4.843170166015625
2023-11-06,27,29.503496,-2.5034961700439453
2023-11-06,52,67.3977,-15.397697448730469
2023-11-06,137,124.750916,12.24908447265625
2023-11-06,98,80.36987,17.630126953125
2023-11-06,109,108.0971,0.9029006958007812
2023-11-06,162,123.308914,38.69108581542969
2023-11-06,98,92.440056,5.559944152832031
2023-11-06,122,114.724434,7.275566101074219
2023-11-06,90,90.81991,-0.8199081420898438
2023-11-06,135,120.28429,14.715713500976562
2023-11-06,133,113.60607,19.39392852783203
2023-11-06,46,34.62829,11.371711730957031
2023-11-06,76,67.31631,8.683692932128906
2023-11-06,52,67.51287,-15.512870788574219
2023-11-06,91,81.18652,9.8134765625
2023-11-06,92,86.70537,5.2946319580078125
2023-11-06,97,89.8101,7.189903259277344
2023-11-06,70,64.49163,5.508369445800781
2023-11-06,81,78.38811,2.6118927001953125
2023-11-06,58,67.672874,-9.672874450683594
2023-11-06,83,79.702705,3.2972946166992188
2023-11-06,73,81.94681,-8.946807861328125
2023-11-06,104,103.64611,0.35388946533203125
2023-11-06,76,75.838806,0.16119384765625
2023-11-06,91,93.31256,-2.31256103515625
2023-11-06,107,100.01375,6.9862518310546875
2023-11-06,74,80.30958,-6.309577941894531
2023-11-06,62,67.30498,-5.3049774169921875
2023-11-06,103,115.19676,-12.196762084960938
2023-11-06,159,135.37033,23.629669189453125
2023-11-06,108,122.28846,-14.288459777832031
2023-11-06,66,105.88166,-39.88166046142578
2023-11-06,98,96.25968,1.7403182983398438
2023-11-06,83,77.677895,5.322105407714844
2023-11-06,121,110.18276,10.817237854003906
2023-11-06,101,91.358734,9.641265869140625
2023-11-06,109,115.594124,-6.594123840332031
2023-11-06,83,81.85143,1.1485671997070312
2023-11-06,139,122.61018,16.389816284179688
2023-11-06,51,63.77555,-12.775550842285156
2023-11-06,76,93.70707,-17.707069396972656
2023-11-06,91,97.27028,-6.2702789306640625
2023-11-06,77,84.291725,-7.291725158691406
2023-11-06,75,77.78941,-2.7894134521484375
2023-11-07,99,96.89326,2.1067428588867188
2023-11-07,153,126.30675,26.693252563476562
2023-11-07,105,100.34206,4.6579437255859375
2023-11-07,92,96.77429,-4.7742919921875
2023-11-07,98,88.75484,9.245162963867188
2023-11-07,60,61.598526,-1.5985260009765625
2023-11-07,236,182.18486,53.81513977050781
2023-11-07,63,67.73792,-4.737922668457031
2023-11-07,104,92.01172,11.98828125
2023-11-07,90,83.95811,6.041893005371094
2023-11-07,78,84.28989,-6.289886474609375
2023-11-07,133,122.41273,10.587272644042969
2023-11-07,85,71.92481,13.075187683105469
2023-11-07,98,102.548195,-4.548194885253906
2023-11-07,143,126.61963,16.38037109375
2023-11-07,123,132.73772,-9.737716674804688
2023-11-07,97,82.12683,14.8731689453125
2023-11-07,129,108.60705,20.39295196533203
2023-11-07,86,75.749695,10.25030517578125
2023-11-07,76,70.83429,5.16571044921875
2023-11-07,146,161.51677,-15.516769409179688
2023-11-07,151,137.99742,13.002578735351562
2023-11-07,117,138.67694,-21.67694091796875
2023-11-07,102,92.10177,9.898231506347656
2023-11-07,97,99.226234,-2.2262344360351562
2023-11-07,137,131.19055,5.8094482421875
2023-11-07,225,183.41179,41.58821105957031
2023-11-07,103,114.072495,-11.072494506835938
2023-11-07,113,113.856544,-0.8565444946289062
2023-11-07,71,77.721695,-6.7216949462890625
2023-11-07,119,131.37636,-12.376358032226562
2023-11-07,82,81.21327,0.7867279052734375
2023-11-07,98,85.45849,12.541511535644531
2023-11-07,78,73.50082,4.499183654785156
2023-11-07,99,82.708176,16.291824340820312
2023-11-07,108,113.7643,-5.7642974853515625
2023-11-07,156,162.77266,-6.7726593017578125
2023-11-07,76,62.85834,13.141658782958984
2023-11-07,120,122.69275,-2.6927490234375
2023-11-07,91,89.809395,1.1906051635742188
2023-11-07,108,109.05826,-1.058258056640625
2023-11-07,98,112.04958,-14.049583435058594
2023-11-07,167,156.41788,10.582122802734375
2023-11-07,127,106.69814,20.301856994628906
2023-11-07,95,99.67503,-4.6750335693359375
2023-11-07,88,78.78813,9.211868286132812
2023-11-07,167,161.46704,5.532958984375
2023-11-07,91,87.11232,3.8876800537109375
2023-11-07,141,122.88393,18.116073608398438
2023-11-07,90,76.691,13.308998107910156
2023-11-07,104,111.026306,-7.02630615234375
2023-11-07,32,31.396507,0.6034927368164062
2023-11-07,84,83.72717,0.2728271484375
2023-11-07,122,113.84578,8.154220581054688
2023-11-07,104,104.0021,-0.00209808349609375
2023-11-07,165,143.22021,21.77978515625
2023-11-07,100,104.45978,-4.45977783203125
2023-11-07,73,71.87517,1.1248321533203125
2023-11-07,100,85.780235,14.219764709472656
2023-11-07,122,112.8838,9.116203308105469
2023-11-07,231,213.12025,17.879745483398438
2023-11-07,32,43.34749,-11.347488403320312
2023-11-07,72,84.32304,-12.323036193847656
2023-11-07,112,121.627556,-9.627555847167969
2023-11-07,77,95.03497,-18.03497314453125
2023-11-07,119,102.951996,16.048004150390625
2023-11-07,157,147.32272,9.677276611328125
2023-11-07,73,73.94592,-0.9459228515625
2023-11-07,47,47.798477,-0.7984771728515625
2023-11-07,118,136.1361,-18.136093139648438
2023-11-07,143,139.09305,3.906951904296875
2023-11-07,99,102.287575,-3.2875747680664062
2023-11-07,102,117.20058,-15.200576782226562
2023-11-07,83,83.28107,-0.28106689453125
2023-11-07,49,42.045704,6.954296112060547
2023-11-07,90,87.6417,2.3582992553710938
2023-11-07,143,142.28197,0.7180328369140625
2023-11-07,80,86.69555,-6.695549011230469
2023-11-07,87,95.36218,-8.3621826171875
2023-11-07,88,85.58538,2.4146194458007812
2023-11-07,97,93.09548,3.9045181274414062
2023-11-07,89,96.52502,-7.525016784667969
2023-11-07,80,97.5011,-17.5010986328125
2023-11-07,129,126.877365,2.1226348876953125
2023-11-07,135,121.17571,13.824287414550781
2023-11-07,46,63.965073,-17.965072631835938
2023-11-07,235,196.71722,38.28277587890625
2023-11-07,130,124.69155,5.308448791503906
2023-11-07,80,86.68854,-6.68853759765625
2023-11-07,135,139.73262,-4.7326202392578125
2023-11-07,119,105.53986,13.460136413574219
2023-11-07,66,57.090015,8.909984588623047
2023-11-07,81,90.029816,-9.029815673828125
2023-11-07,59,59.866516,-0.86651611328125
2023-11-07,125,92.600494,32.399505615234375
2023-11-07,90,79.81467,10.185333251953125
2023-11-07,131,123.06095,7.939048767089844
2023-11-07,105,95.69729,9.302711486816406
2023-11-07,80,73.403946,6.5960540771484375
2023-11-07,136,110.08913,25.910873413085938
2023-11-08,144,155.8712,-11.871200561523438
2023-11-08,19,66.87893,-47.878929138183594
2023-11-08,214,195.75409,18.24591064453125
2023-11-08,118,122.41821,-4.418212890625
2023-11-08,149,151.67085,-2.6708526611328125
2023-11-08,61,55.308746,5.691253662109375
2023-11-08,204,168.30063,35.699371337890625
2023-11-08,133,105.72097,27.279029846191406
2023-11-08,126,126.4843,-0.4842987060546875
2023-11-08,143,143.11333,-0.1133270263671875
2023-11-08,82,84.79226,-2.7922592163085938
2023-11-08,133,120.787766,12.212234497070312
2023-11-08,153,137.29144,15.70855712890625
2023-11-08,101,101.85796,-0.8579635620117188
2023-11-08,159,124.97305,34.026947021484375
2023-11-08,102,117.60624,-15.606239318847656
2023-11-08,141,167.79675,-26.7967529296875
2023-11-08,210,198.9653,11.034698486328125
2023-11-08,85,75.63229,9.367706298828125
2023-11-08,42,40.07018,1.9298210144042969
2023-11-08,115,123.737236,-8.737236022949219
2023-11-08,106,132.25414,-26.254135131835938
2023-11-08,191,168.4486,22.551406860351562
2023-11-08,136,129.68855,6.3114471435546875
2023-11-08,94,84.75498,9.245018005371094
2023-11-08,80,83.07439,-3.0743865966796875
2023-11-08,76,79.25757,-3.257568359375
2023-11-08,79,97.27831,-18.27831268310547
2023-11-08,139,119.97518,19.024818420410156
2023-11-08,120,132.33798,-12.337982177734375
2023-11-08,111,113.70168,-2.7016830444335938
2023-11-08,70,71.0418,-1.0418014526367188
2023-11-08,113,119.288155,-6.288154602050781
2023-11-08,162,145.81958,16.180419921875
2023-11-08,77,94.017296,-17.017295837402344
2023-11-08,74,79.783554,-5.7835540771484375
2023-11-08,72,91.38826,-19.388259887695312
2023-11-08,114,109.135414,4.864585876464844
2023-11-08,75,79.70543,-4.7054290771484375
2023-11-08,81,71.04161,9.958389282226562
2023-11-08,117,127.350296,-10.350296020507812
2023-11-08,65,89.71781,-24.717811584472656
2023-11-08,167,167.69865,-0.6986541748046875
2023-11-08,105,119.921684,-14.921684265136719
2023-11-08,82,88.79802,-6.7980194091796875
2023-11-08,60,47.602036,12.397964477539062
2023-11-08,148,115.53161,32.46839141845703
2023-11-08,58,52.204712,5.7952880859375
2023-11-08,111,100.91682,10.083183288574219
2023-11-08,204,197.71317,6.286834716796875
2023-11-08,113,110.192474,2.807525634765625
2023-11-08,51,60.957035,-9.957035064697266
2023-11-08,128,136.60962,-8.609619140625
2023-11-08,213,207.9256,5.07440185546875
2023-11-08,116,107.893814,8.106185913085938
2023-11-08,95,77.324585,17.6754150390625
2023-11-08,106,104.61575,1.384246826171875
2023-11-08,108,110.1011,-2.1010971069335938
2023-11-08,137,129.67914,7.32086181640625
2023-11-08,81,77.10516,3.89483642578125
2023-11-08,152,149.35434,2.645660400390625
2023-11-08,140,163.90073,-23.900726318359375
2023-11-08,112,111.502266,0.49773406982421875
2023-11-08,157,144.17938,12.82061767578125
2023-11-08,73,72.017494,0.9825057983398438
2023-11-08,160,137.94717,22.052825927734375
2023-11-08,169,164.42647,4.5735321044921875
2023-11-08,46,53.072674,-7.072673797607422
2023-11-08,91,94.21993,-3.2199325561523438
2023-11-08,125,149.25754,-24.257537841796875
2023-11-08,64,60.326714,3.6732864379882812
2023-11-08,92,92.12423,-0.12422943115234375
2023-11-08,161,163.23593,-2.235931396484375
2023-11-08,94,85.35185,8.648147583007812
2023-11-08,93,82.30396,10.696037292480469
2023-11-08,99,97.97091,1.0290908813476562
2023-11-08,169,162.4972,6.5028076171875
2023-11-08,77,93.59502,-16.595016479492188
2023-11-08,75,78.25307,-3.2530670166015625
2023-11-08,55,56.653107,-1.653106689453125
2023-11-08,102,129.95737,-27.957366943359375
2023-11-08,117,139.77563,-22.775634765625
2023-11-08,118,117.9443,0.05570220947265625
2023-11-08,141,144.0637,-3.0637054443359375
2023-11-08,102,88.42081,13.579193115234375
2023-11-08,130,128.4252,1.574798583984375
2023-11-08,142,170.19615,-28.196151733398438
2023-11-08,130,128.00603,1.9939727783203125
2023-11-08,125,119.047874,5.952125549316406
2023-11-08,160,184.12401,-24.124008178710938
2023-11-08,143,114.09533,28.90467071533203
2023-11-08,62,63.506386,-1.5063858032226562
2023-11-08,42,60.09654,-18.096538543701172
2023-11-08,95,95.29067,-0.29067230224609375
2023-11-08,90,95.81138,-5.811378479003906
2023-11-08,65,62.103794,2.8962059020996094
2023-11-08,72,93.77044,-21.77043914794922
2023-11-08,191,172.90535,18.094650268554688
2023-11-08,73,83.70845,-10.708450317382812
2023-11-08,110,107.33404,2.6659622192382812
2023-11-09,117,103.5767,13.423301696777344
2023-11-09,99,99.19075,-0.1907501220703125
2023-11-09,96,82.28712,13.712882995605469
2023-11-09,141,131.39653,9.603469848632812
2023-11-09,83,89.000694,-6.000694274902344
2023-11-09,110,106.65517,3.3448333740234375
2023-11-09,116,90.62284,25.377159118652344
2023-11-09,114,111.13418,2.8658218383789062
2023-11-09,95,106.91502,-11.915023803710938
2023-11-09,98,88.6519,9.348098754882812
2023-11-09,77,79.96452,-2.9645233154296875
2023-11-09,148,143.98738,4.0126190185546875
2023-11-09,60,82.141464,-22.141464233398438
2023-11-09,71,77.659836,-6.6598358154296875
2023-11-09,94,81.886314,12.113685607910156
2023-11-09,91,87.08135,3.9186477661132812
2023-11-09,53,73.32825,-20.3282470703125
2023-11-09,206,195.83795,10.16204833984375
2023-11-09,24,34.75029,-10.750289916992188
2023-11-09,18,27.647621,-9.647621154785156
2023-11-09,134,140.61513,-6.6151275634765625
2023-11-09,114,112.62574,1.3742599487304688
2023-11-09,61,87.32008,-26.320083618164062
2023-11-09,59,103.007614,-44.00761413574219
2023-11-09,93,91.658005,1.3419952392578125
2023-11-09,98,91.73775,6.2622528076171875
2023-11-09,158,135.55775,22.442245483398438
2023-11-09,144,127.72466,16.27533721923828
2023-11-09,125,140.20343,-15.20343017578125
2023-11-09,206,201.16466,4.8353424072265625
2023-11-09,134,130.35724,3.64276123046875
2023-11-09,70,70.42768,-0.42768096923828125
2023-11-09,86,86.17266,-0.17266082763671875
2023-11-09,99,89.827156,9.172843933105469
2023-11-09,114,105.6389,8.361099243164062
2023-11-09,147,145.63316,1.3668365478515625
2023-11-09,103,113.823395,-10.823394775390625
2023-11-09,126,138.48146,-12.481460571289062
2023-11-09,68,59.614334,8.385665893554688
2023-11-09,59,59.773193,-0.773193359375
2023-11-09,83,88.3655,-5.365501403808594
2023-11-09,156,145.77527,10.2247314453125
2023-11-09,91,95.5176,-4.517601013183594
2023-11-09,49,63.042614,-14.042613983154297
2023-11-09,45,34.1809,10.819099426269531
2023-11-09,138,126.953865,11.046134948730469
2023-11-09,171,130.25163,40.74836730957031
2023-11-09,87,85.92656,1.0734405517578125
2023-11-09,172,185.87733,-13.877334594726562
2023-11-09,133,157.62367,-24.623672485351562
2023-11-09,76,85.244354,-9.244354248046875
2023-11-09,105,103.69998,1.300018310546875
2023-11-09,32,61.93981,-29.93981170654297
2023-11-09,157,143.50441,13.495590209960938
2023-11-09,109,110.60064,-1.6006393432617188
2023-11-09,102,111.446724,-9.446723937988281
2023-11-09,81,93.48518,-12.485183715820312
2023-11-09,81,85.452644,-4.452644348144531
2023-11-09,117,105.726776,11.273223876953125
2023-11-09,94,95.024895,-1.0248947143554688
2023-11-09,165,150.98795,14.012054443359375
2023-11-09,65,93.605515,-28.605514526367188
2023-11-09,105,100.87212,4.127876281738281
2023-11-09,122,113.43234,8.567657470703125
2023-11-09,141,137.9342,3.0657958984375
2023-11-09,215,175.26468,39.735321044921875
2023-11-09,176,146.5902,29.409805297851562
2023-11-09,105,100.12587,4.8741302490234375
2023-11-09,92,109.0841,-17.08409881591797
2023-11-09,140,172.05199,-32.05198669433594
2023-11-09,108,94.229355,13.770645141601562
2023-11-09,133,144.17993,-11.179931640625
2023-11-09,136,132.08046,3.9195404052734375
2023-11-09,91,95.520996,-4.52099609375
2023-11-09,67,71.86915,-4.869148254394531
2023-11-09,117,114.96103,2.038970947265625
2023-11-09,222,188.5072,33.4927978515625
2023-11-09,71,96.88908,-25.889076232910156
2023-11-09,83,72.79397,10.206031799316406
2023-11-09,80,75.52704,4.47296142578125
2023-11-09,70,84.93424,-14.934242248535156
2023-11-09,65,80.7398,-15.739799499511719
2023-11-09,106,95.034386,10.965614318847656
2023-11-09,78,88.76384,-10.763839721679688
2023-11-09,139,111.297035,27.702964782714844
2023-11-09,172,164.09685,7.9031524658203125
2023-11-09,151,126.17276,24.827239990234375
2023-11-09,198,170.45816,27.541839599609375
2023-11-09,146,146.21378,-0.213775634765625
2023-11-09,100,122.94153,-22.9415283203125
2023-11-09,87,76.28057,10.719429016113281
2023-11-09,60,65.87659,-5.8765869140625
2023-11-09,101,143.51707,-42.51707458496094
2023-11-09,73,76.99928,-3.9992828369140625
2023-11-09,76,63.481182,12.518817901611328
2023-11-09,67,67.45051,-0.45050811767578125
2023-11-09,87,137.26859,-50.268585205078125
2023-11-09,166,175.8357,-9.835693359375
2023-11-09,46,45.987522,0.012477874755859375
2023-11-09,91,84.65718,6.3428192138671875
2023-11-10,77,66.724976,10.2750244140625
2023-11-10,111,111.89488,-0.8948822021484375
2023-11-10,115,112.536,2.4639968872070312
2023-11-10,88,93.60169,-5.601692199707031
2023-11-10,139,125.70616,13.293838500976562
2023-11-10,84,107.66876,-23.66876220703125
2023-11-10,110,113.33703,-3.3370285034179688
2023-11-10,74,99.29839,-25.29839324951172
2023-11-10,87,77.49105,9.508949279785156
2023-11-10,52,60.97594,-8.975940704345703
2023-11-10,36,37.317158,-1.3171577453613281
2023-11-10,172,161.37679,10.623214721679688
2023-11-10,69,79.40996,-10.409957885742188
2023-11-10,132,115.678406,16.32159423828125
2023-11-10,77,66.6419,10.358100891113281
2023-11-10,69,115.02943,-46.02942657470703
2023-11-10,46,78.60914,-32.60913848876953
2023-11-10,85,89.19713,-4.1971282958984375
2023-11-10,83,80.00186,2.998138427734375
2023-11-10,100,89.22994,10.770057678222656
2023-11-10,174,151.85901,22.1409912109375
2023-11-10,159,147.32602,11.673980712890625
2023-11-10,89,81.471954,7.528045654296875
2023-11-10,117,118.98117,-1.981170654296875
2023-11-10,18,21.117542,-3.117542266845703
2023-11-10,105,114.13752,-9.137519836425781
2023-11-10,89,85.3396,3.660400390625
2023-11-10,131,150.12529,-19.125289916992188
2023-11-10,91,81.503555,9.496444702148438
2023-11-10,44,54.140152,-10.140151977539062
2023-11-10,90,99.85827,-9.858268737792969
2023-11-10,88,102.68587,-14.685867309570312
2023-11-10,140,133.05795,6.942047119140625
2023-11-10,54,44.378334,9.621665954589844
2023-11-10,84,85.84834,-1.8483428955078125
2023-11-10,104,119.47489,-15.474891662597656
2023-11-10,92,89.8905,2.1094970703125
2023-11-10,66,70.723495,-4.7234954833984375
2023-11-10,107,94.39448,12.605522155761719
2023-11-10,101,97.903755,3.0962448120117188
2023-11-10,76,61.8431,14.156898498535156
2023-11-10,198,187.21712,10.782882690429688
2023-11-10,138,119.513664,18.48633575439453
2023-11-10,131,130.34673,0.6532745361328125
2023-11-10,64,56.638992,7.3610076904296875
2023-11-10,84,111.22587,-27.225868225097656
2023-11-10,160,124.02902,35.970977783203125
2023-11-10,76,113.306435,-37.306434631347656
2023-11-10,121,105.861046,15.138954162597656
2023-11-10,131,127.42107,3.5789337158203125
2023-11-10,139,125.31178,13.688217163085938
2023-11-10,91,83.117744,7.882255554199219
2023-11-10,75,80.236725,-5.236724853515625
2023-11-10,146,147.3006,-1.30059814453125
2023-11-10,27,39.10354,-12.103538513183594
2023-11-10,100,106.26438,-6.264381408691406
2023-11-10,39,55.41008,-16.410079956054688
2023-11-10,100,100.74278,-0.7427825927734375
2023-11-10,158,146.01129,11.98870849609375
2023-11-10,124,127.0187,-3.0186996459960938
2023-11-10,132,124.63786,7.3621368408203125
2023-11-10,115,126.91402,-11.914016723632812
2023-11-10,53,59.86574,-6.865741729736328
2023-11-10,80,82.600845,-2.6008453369140625
2023-11-10,96,84.4051,11.594902038574219
2023-11-10,145,165.0963,-20.096298217773438
2023-11-10,115,108.61431,6.385688781738281
2023-11-10,110,123.53992,-13.5399169921875
2023-11-10,75,80.35423,-5.3542327880859375
2023-11-10,43,66.46812,-23.468116760253906
2023-11-10,116,109.27035,6.729652404785156
2023-11-10,145,152.37474,-7.3747406005859375
2023-11-10,111,94.17757,16.822433471679688
2023-11-10,133,143.00409,-10.00408935546875
2023-11-10,66,66.98094,-0.9809417724609375
2023-11-10,90,89.00013,0.9998703002929688
2023-11-10,142,128.42876,13.571243286132812
2023-11-10,86,99.10366,-13.103660583496094
2023-11-10,173,144.44133,28.558670043945312
2023-11-10,139,136.65979,2.3402099609375
2023-11-10,86,66.5281,19.471900939941406
2023-11-10,183,174.3953,8.604705810546875
2023-11-10,115,99.61101,15.388992309570312
2023-11-10,132,122.838615,9.161384582519531
2023-11-10,88,91.37081,-3.3708114624023438
2023-11-10,168,173.57764,-5.57763671875
2023-11-10,140,130.21185,9.78814697265625
2023-11-10,150,139.12059,10.879409790039062
2023-11-10,103,99.10284,3.8971633911132812
2023-11-10,131,138.59154,-7.5915374755859375
2023-11-10,53,57.00463,-4.004631042480469
2023-11-10,78,89.670334,-11.670333862304688
2023-11-10,148,141.93805,6.06195068359375
2023-11-10,154,149.55017,4.4498291015625
2023-11-10,125,109.671844,15.328155517578125
2023-11-10,80,100.32303,-20.323028564453125
2023-11-10,104,124.71945,-20.719451904296875
2023-11-10,110,108.05106,1.9489364624023438
2023-11-10,70,80.19726,-10.197257995605469
2023-11-10,86,100.87965,-14.879646301269531
2023-11-11,91,75.69065,15.309349060058594
2023-11-11,115,120.821106,-5.82110595703125
2023-11-11,128,111.38501,16.614990234375
2023-11-11,132,137.7287,-5.72869873046875
2023-11-11,93,90.88432,2.1156768798828125
2023-11-11,64,71.79131,-7.791313171386719
2023-11-11,114,94.38785,19.612152099609375
2023-11-11,127,119.51498,7.485023498535156
2023-11-11,154,135.60315,18.3968505859375
2023-11-11,100,88.5034,11.496597290039062
2023-11-11,108,89.889824,18.11017608642578
2023-11-11,100,119.208885,-19.208885192871094
2023-11-11,86,81.72218,4.2778167724609375
2023-11-11,173,164.07199,8.928009033203125
2023-11-11,129,109.95794,19.04206085205078
2023-11-11,65,87.10523,-22.10523223876953
2023-11-11,103,89.12974,13.870262145996094
2023-11-11,79,72.27157,6.728431701660156
2023-11-11,41,45.555523,-4.555522918701172
2023-11-11,58,57.936714,0.06328582763671875
2023-11-11,85,87.447296,-2.447296142578125
2023-11-11,81,96.685936,-15.685935974121094
2023-11-11,115,125.64021,-10.640213012695312
2023-11-11,165,131.6725,33.32749938964844
2023-11-11,113,117.47784,-4.477836608886719
2023-11-11,127,125.90856,1.0914382934570312
2023-11-11,75,87.284256,-12.284255981445312
2023-11-11,75,103.83195,-28.831947326660156
2023-11-11,131,125.38652,5.6134796142578125
2023-11-11,100,102.920334,-2.9203338623046875
2023-11-11,131,119.68034,11.319656372070312
2023-11-11,129,119.35259,9.647407531738281
2023-11-11,123,112.923996,10.076004028320312
2023-11-11,123,134.46692,-11.4669189453125
2023-11-11,100,95.43434,4.5656585693359375
2023-11-11,62,56.904423,5.095577239990234
2023-11-11,129,116.63248,12.367523193359375
2023-11-11,142,122.272964,19.727035522460938
2023-11-11,60,85.42673,-25.426727294921875
2023-11-11,57,69.243256,-12.243255615234375
2023-11-11,47,50.06846,-3.0684585571289062
2023-11-11,132,125.98156,6.018440246582031
2023-11-11,133,134.83574,-1.8357391357421875
2023-11-11,182,156.38635,25.6136474609375
2023-11-11,148,127.88846,20.111541748046875
2023-11-11,154,160.24516,-6.2451629638671875
2023-11-11,197,131.85593,65.14407348632812
2023-11-11,118,134.30971,-16.309707641601562
2023-11-11,185,151.73862,33.261383056640625
2023-11-11,219,168.59575,50.40425109863281
2023-11-11,190,178.0332,11.966796875
2023-11-11,81,83.43228,-2.432281494140625
2023-11-11,94,86.59817,7.401832580566406
2023-11-11,200,227.1632,-27.163192749023438
2023-11-11,118,130.27022,-12.270217895507812
2023-11-11,107,90.88602,16.113983154296875
2023-11-11,67,67.85149,-0.8514862060546875
2023-11-11,113,107.6334,5.366600036621094
2023-11-11,116,141.18973,-25.189727783203125
2023-11-11,96,101.75141,-5.751411437988281
2023-11-11,150,148.43404,1.5659637451171875
2023-11-11,83,111.52665,-28.526649475097656
2023-11-11,71,82.342606,-11.342605590820312
2023-11-11,153,144.29137,8.708633422851562
2023-11-11,99,103.98228,-4.982276916503906
2023-11-11,173,155.7232,17.27679443359375
2023-11-11,90,94.90192,-4.90191650390625
2023-11-11,106,100.434006,5.5659942626953125
2023-11-11,103,94.862755,8.137245178222656
2023-11-11,148,144.6211,3.37890625
2023-11-11,199,191.18797,7.8120269775390625
2023-11-11,133,139.70972,-6.709716796875
2023-11-11,126,123.16567,2.8343276977539062
2023-11-11,144,143.95303,0.046966552734375
2023-11-11,107,100.08085,6.919151306152344
2023-11-11,90,89.03455,0.9654464721679688
2023-11-11,142,136.2004,5.7996063232421875
2023-11-11,70,79.98643,-9.986427307128906
2023-11-11,146,139.59683,6.403167724609375
2023-11-11,87,86.51105,0.48895263671875
2023-11-11,112,101.295166,10.704833984375
2023-11-11,131,116.842,14.157997131347656
2023-11-11,124,112.570694,11.429306030273438
2023-11-11,146,129.58965,16.410354614257812
2023-11-11,42,55.447243,-13.447242736816406
2023-11-11,112,120.92247,-8.922470092773438
2023-11-11,139,127.34629,11.653709411621094
2023-11-11,67,95.34261,-28.342613220214844
2023-11-11,87,90.37701,-3.3770065307617188
2023-11-11,92,93.89055,-1.8905487060546875
2023-11-11,73,65.860634,7.139366149902344
2023-11-11,73,76.0464,-3.0464019775390625
2023-11-11,140,127.62441,12.375587463378906
2023-11-11,112,100.95511,11.044891357421875
2023-11-11,126,131.58212,-5.582122802734375
2023-11-11,112,95.071625,16.928375244140625
2023-11-11,72,87.904594,-15.904594421386719
2023-11-11,159,129.81326,29.186737060546875
2023-11-11,51,54.823597,-3.823596954345703
2023-11-11,83,86.692986,-3.6929855346679688
2023-11-12,95,86.294815,8.705184936523438
2023-11-12,157,171.8525,-14.852493286132812
2023-11-12,138,140.02545,-2.02545166015625
2023-11-12,108,102.0593,5.940696716308594
2023-11-12,135,131.99933,3.00067138671875
2023-11-12,77,72.00615,4.9938507080078125
2023-11-12,92,82.49478,9.505218505859375
2023-11-12,129,124.47823,4.521766662597656
2023-11-12,150,121.07784,28.922157287597656
2023-11-12,92,87.419685,4.580314636230469
2023-11-12,74,67.49143,6.508567810058594
2023-11-12,130,121.64781,8.352188110351562
2023-11-12,49,45.03855,3.9614486694335938
2023-11-12,112,124.37368,-12.373680114746094
2023-11-12,104,100.122444,3.8775558471679688
2023-11-12,133,130.43323,2.5667724609375
2023-11-12,93,80.24069,12.759307861328125
2023-11-12,150,141.26082,8.739181518554688
2023-11-12,71,69.392654,1.6073455810546875
2023-11-12,58,56.77908,1.2209205627441406
2023-11-12,213,209.1255,3.8744964599609375
2023-11-12,133,142.61148,-9.611480712890625
2023-11-12,140,157.84775,-17.847747802734375
2023-11-12,98,110.57294,-12.57293701171875
2023-11-12,158,146.40906,11.5909423828125
2023-11-12,194,186.18936,7.810638427734375
2023-11-12,132,136.4658,-4.4658050537109375
2023-11-12,157,157.03763,-0.037628173828125
2023-11-12,66,71.1148,-5.114799499511719
2023-11-12,173,169.54906,3.4509429931640625
2023-11-12,150,155.95602,-5.956024169921875
2023-11-12,140,106.711105,33.28889465332031
2023-11-12,157,128.41415,28.585845947265625
2023-11-12,86,126.880875,-40.88087463378906
2023-11-12,118,119.66525,-1.665252685546875
2023-11-12,142,142.89862,-0.89862060546875
2023-11-12,98,98.57672,-0.57672119140625
2023-11-12,108,101.05645,6.943550109863281
2023-11-12,81,86.35117,-5.351173400878906
2023-11-12,28,29.055044,-1.055044174194336
2023-11-12,150,138.03168,11.96832275390625
2023-11-12,212,223.35501,-11.355010986328125
2023-11-12,100,115.09853,-15.098533630371094
2023-11-12,131,123.265755,7.734245300292969
2023-11-12,41,49.193657,-8.193656921386719
2023-11-12,116,97.98352,18.0164794921875
2023-11-12,167,118.78374,48.21626281738281
2023-11-12,160,154.36993,5.63006591796875
2023-11-12,101,66.0225,34.977500915527344
2023-11-12,130,112.94579,17.05420684814453
2023-11-12,48,75.889854,-27.889854431152344
2023-11-12,71,71.82616,-0.8261566162109375
2023-11-12,94,84.49427,9.505729675292969
2023-11-12,192,193.70074,-1.70074462890625
2023-11-12,117,129.2078,-12.207794189453125
2023-11-12,120,113.723976,6.276023864746094
2023-11-12,85,91.38491,-6.384910583496094
2023-11-12,149,137.57158,11.428421020507812
2023-11-12,132,119.20788,12.792121887207031
2023-11-12,120,111.70354,8.296463012695312
2023-11-12,133,131.25673,1.7432708740234375
2023-11-12,89,113.38971,-24.38970947265625
2023-11-12,21,53.147972,-32.147972106933594
2023-11-12,85,102.826935,-17.826934814453125
2023-11-12,104,104.35641,-0.35640716552734375
2023-11-12,128,132.54947,-4.549468994140625
2023-11-12,132,117.08812,14.911880493164062
2023-11-12,66,67.88088,-1.8808822631835938
2023-11-12,94,101.347786,-7.347785949707031
2023-11-12,161,139.57404,21.42596435546875
2023-11-12,104,113.04955,-9.049552917480469
2023-11-12,115,104.07447,10.925529479980469
2023-11-12,188,153.79645,34.20355224609375
2023-11-12,58,76.47355,-18.473548889160156
2023-11-12,93,91.871544,1.1284561157226562
2023-11-12,117,112.29195,4.7080535888671875
2023-11-12,137,139.5805,-2.58050537109375
2023-11-12,77,86.85178,-9.851783752441406
2023-11-12,95,95.00991,-0.00991058349609375
2023-11-12,102,94.21922,7.7807769775390625
2023-11-12,126,128.57024,-2.5702362060546875
2023-11-12,138,145.49974,-7.4997406005859375
2023-11-12,188,164.14836,23.851638793945312
2023-11-12,92,86.22133,5.7786712646484375
2023-11-12,102,99.73089,2.2691116333007812
2023-11-12,143,147.85031,-4.850311279296875
2023-11-12,76,86.83021,-10.830207824707031
2023-11-12,122,136.85402,-14.854019165039062
2023-11-12,50,47.413345,2.5866546630859375
2023-11-12,159,143.5417,15.458297729492188
2023-11-12,78,76.0003,1.9997024536132812
2023-11-12,42,49.489582,-7.489582061767578
2023-11-12,85,91.51191,-6.511909484863281
2023-11-12,105,110.86431,-5.864311218261719
2023-11-12,85,94.8665,-9.866500854492188
2023-11-12,128,130.0773,-2.077301025390625
2023-11-12,71,66.43223,4.567771911621094
2023-11-12,74,55.136795,18.863204956054688
2023-11-12,93,93.51499,-0.5149917602539062
2023-11-12,98,86.77767,11.222328186035156
2023-11-13,35,55.19488,-20.194881439208984
2023-11-13,147,137.2583,9.74169921875
2023-11-13,159,150.67061,8.329391479492188
2023-11-13,112,103.82088,8.179122924804688
2023-11-13,180,166.33008,13.669921875
2023-11-13,97,137.08632,-40.08631896972656
2023-11-13,152,162.85054,-10.850540161132812
2023-11-13,139,150.87909,-11.87908935546875
2023-11-13,139,120.61812,18.381881713867188
2023-11-13,49,64.438675,-15.438674926757812
2023-11-13,96,92.23741,3.7625885009765625
2023-11-13,85,92.848114,-7.848114013671875
2023-11-13,61,65.10915,-4.109153747558594
2023-11-13,140,134.81331,5.1866912841796875
2023-11-13,66,53.517803,12.482196807861328
2023-11-13,114,137.5136,-23.513595581054688
2023-11-13,104,86.71665,17.283348083496094
2023-11-13,66,87.781265,-21.781265258789062
2023-11-13,98,92.59418,5.40582275390625
2023-11-13,57,53.094772,3.9052276611328125
2023-11-13,168,149.8895,18.110504150390625
2023-11-13,85,122.73315,-37.73314666748047
2023-11-13,91,97.57178,-6.57177734375
2023-11-13,106,90.8847,15.115303039550781
2023-11-13,107,97.6801,9.319900512695312
2023-11-13,176,148.35648,27.643524169921875
2023-11-13,155,138.31639,16.683609008789062
2023-11-13,149,171.55438,-22.55438232421875
2023-11-13,136,151.39644,-15.396438598632812
2023-11-13,155,183.82176,-28.821762084960938
2023-11-13,38,42.00281,-4.002811431884766
2023-11-13,71,62.40194,8.598060607910156
2023-11-13,224,173.24892,50.75108337402344
2023-11-13,46,74.18069,-28.180686950683594
2023-11-13,78,83.585976,-5.585975646972656
2023-11-13,137,132.80994,4.1900634765625
2023-11-13,101,102.31529,-1.3152923583984375
2023-11-13,83,101.76631,-18.766311645507812
2023-11-13,108,99.455826,8.544174194335938
2023-11-13,105,105.61543,-0.6154327392578125
2023-11-13,100,130.59743,-30.597427368164062
2023-11-13,87,94.11416,-7.114158630371094
2023-11-13,52,77.674324,-25.67432403564453
2023-11-13,116,120.712105,-4.712104797363281
2023-11-13,61,74.35399,-13.353988647460938
2023-11-13,134,151.06975,-17.069747924804688
2023-11-13,112,131.3513,-19.351303100585938
2023-11-13,77,88.808914,-11.808914184570312
2023-11-13,108,119.646935,-11.646934509277344
2023-11-13,136,131.22491,4.77508544921875
2023-11-13,104,101.227516,2.7724838256835938
2023-11-13,74,69.94882,4.051177978515625
2023-11-13,82,82.093735,-0.0937347412109375
2023-11-13,103,118.32626,-15.326263427734375
2023-11-13,118,113.32829,4.6717071533203125
2023-11-13,67,98.30882,-31.308822631835938
2023-11-13,74,71.097725,2.9022750854492188
2023-11-13,96,94.57581,1.4241867065429688
2023-11-13,92,87.26983,4.730171203613281
2023-11-13,103,100.451164,2.5488357543945312
2023-11-13,159,157.7741,1.2259063720703125
2023-11-13,104,119.79117,-15.791168212890625
2023-11-13,56,77.88431,-21.884307861328125
2023-11-13,115,112.2029,2.7970962524414062
2023-11-13,85,77.3081,7.691902160644531
2023-11-13,119,151.54631,-32.54631042480469
2023-11-13,206,198.01617,7.98382568359375
2023-11-13,108,103.79057,4.2094268798828125
2023-11-13,98,79.19383,18.806167602539062
2023-11-13,80,94.15658,-14.156578063964844
2023-11-13,77,79.15931,-2.1593093872070312
2023-11-13,106,110.77964,-4.779640197753906
2023-11-13,121,94.798164,26.20183563232422
2023-11-13,49,67.73516,-18.73516082763672
2023-11-13,76,68.890495,7.109504699707031
2023-11-13,85,86.04971,-1.049713134765625
2023-11-13,97,90.05348,6.9465179443359375
2023-11-13,60,74.99511,-14.995109558105469
2023-11-13,122,109.69384,12.306159973144531
2023-11-13,97,86.99131,10.008689880371094
2023-11-13,127,152.8474,-25.847396850585938
2023-11-13,117,112.00018,4.99981689453125
2023-11-13,113,116.65139,-3.6513900756835938
2023-11-13,116,125.05517,-9.055168151855469
2023-11-13,189,176.87318,12.126815795898438
2023-11-13,140,157.05913,-17.059127807617188
2023-11-13,114,104.78532,9.214683532714844
2023-11-13,146,176.8374,-30.83740234375
2023-11-13,67,72.93769,-5.937690734863281
2023-11-13,106,112.02647,-6.026466369628906
2023-11-13,130,122.57776,7.4222412109375
2023-11-13,48,54.00349,-6.003490447998047
2023-11-13,89,112.883316,-23.883316040039062
2023-11-13,50,59.239586,-9.239585876464844
2023-11-13,91,74.71568,16.284317016601562
2023-11-13,121,128.61893,-7.618927001953125
2023-11-13,121,117.102646,3.8973541259765625
2023-11-13,169,179.80882,-10.808822631835938
2023-11-13,73,70.8819,2.11810302734375
2023-11-13,85,92.96499,-7.964988708496094
2023-11-14,122,125.43208,-3.4320831298828125
2023-11-14,113,107.79467,5.205329895019531
2023-11-14,130,109.48574,20.514259338378906
2023-11-14,95,83.706764,11.293235778808594
2023-11-14,185,172.68643,12.313568115234375
2023-11-14,69,81.6106,-12.610603332519531
2023-11-14,55,85.9682,-30.96820068359375
2023-11-14,95,95.738045,-0.7380447387695312
2023-11-14,204,223.4321,-19.432098388671875
2023-11-14,75,69.53531,5.464691162109375
2023-11-14,43,36.144516,6.8554840087890625
2023-11-14,76,92.00153,-16.00153350830078
2023-11-14,114,118.00168,-4.001678466796875
2023-11-14,153,147.8278,5.1721954345703125
2023-11-14,126,103.64547,22.354530334472656
2023-11-14,93,110.917816,-17.917816162109375
2023-11-14,126,123.7431,2.25689697265625
2023-11-14,95,99.80461,-4.8046112060546875
2023-11-14,79,76.52209,2.4779129028320312
2023-11-14,103,98.401306,4.59869384765625
2023-11-14,109,127.033646,-18.033645629882812
2023-11-14,106,95.19296,10.807037353515625
2023-11-14,119,116.87351,2.1264877319335938
2023-11-14,166,123.77954,42.220458984375
2023-11-14,180,178.89645,1.103546142578125
2023-11-14,56,78.827065,-22.827064514160156
2023-11-14,113,105.64627,7.353729248046875
2023-11-14,33,61.874027,-28.874027252197266
2023-11-14,147,175.89806,-28.898056030273438
2023-11-14,98,105.39996,-7.39996337890625
2023-11-14,78,76.07264,1.9273605346679688
2023-11-14,91,90.69885,0.3011474609375
2023-11-14,207,140.76631,66.23368835449219
2023-11-14,121,117.05089,3.9491119384765625
2023-11-14,75,84.00167,-9.001670837402344
2023-11-14,93,119.65242,-26.652420043945312
2023-11-14,94,86.164246,7.83575439453125
2023-11-14,75,64.157646,10.842353820800781
2023-11-14,114,100.45648,13.54351806640625
2023-11-14,89,84.82648,4.17352294921875
2023-11-14,80,101.66201,-21.662010192871094
2023-11-14,131,121.225555,9.774444580078125
2023-11-14,88,86.75244,1.24755859375
2023-11-14,53,54.54738,-1.5473785400390625
2023-11-14,43,73.825066,-30.82506561279297
2023-11-14,104,97.53681,6.463188171386719
2023-11-14,91,97.61449,-6.6144866943359375
2023-11-14,40,44.531296,-4.5312957763671875
2023-11-14,188,174.9761,13.023895263671875
2023-11-14,69,75.125626,-6.1256256103515625
2023-11-14,150,144.62065,5.3793487548828125
2023-11-14,58,56.086235,1.9137649536132812
2023-11-14,92,95.22866,-3.2286605834960938
2023-11-14,182,180.38353,1.6164703369140625
2023-11-14,144,130.84943,13.15057373046875
2023-11-14,85,98.1709,-13.1708984375
2023-11-14,89,91.22151,-2.2215118408203125
2023-11-14,58,60.56008,-2.5600814819335938
2023-11-14,59,54.62018,4.37982177734375
2023-11-14,94,74.35078,19.64922332763672
2023-11-14,101,104.32076,-3.3207626342773438
2023-11-14,106,104.11057,1.8894271850585938
2023-11-14,163,141.15282,21.847183227539062
2023-11-14,133,125.4392,7.560798645019531
2023-11-14,45,94.18537,-49.18537139892578
2023-11-14,126,127.50323,-1.5032272338867188
2023-11-14,120,133.54625,-13.546249389648438
2023-11-14,76,75.07043,0.9295730590820312
2023-11-14,113,146.0944,-33.09440612792969
2023-11-14,57,53.900223,3.0997772216796875
2023-11-14,68,63.026974,4.973026275634766
2023-11-14,169,165.53581,3.4641876220703125
2023-11-14,112,133.27373,-21.273727416992188
2023-11-14,95,97.13603,-2.1360321044921875
2023-11-14,93,85.81087,7.1891326904296875
2023-11-14,48,53.093163,-5.093162536621094
2023-11-14,81,93.21733,-12.217330932617188
2023-11-14,75,90.96084,-15.960838317871094
2023-11-14,126,114.399635,11.600364685058594
2023-11-14,80,86.112526,-6.112525939941406
2023-11-14,88,94.64751,-6.6475067138671875
2023-11-14,80,81.13823,-1.1382293701171875
2023-11-14,114,116.42488,-2.4248809814453125
2023-11-14,115,108.42061,6.5793914794921875
2023-11-14,165,184.02507,-19.025070190429688
2023-11-14,126,122.85053,3.1494674682617188
2023-11-14,113,136.21196,-23.211959838867188
2023-11-14,99,120.24598,-21.24597930908203
2023-11-14,186,178.53766,7.46234130859375
2023-11-14,109,101.561295,7.4387054443359375
2023-11-14,59,58.637268,0.36273193359375
2023-11-14,100,95.34017,4.659828186035156
2023-11-14,150,138.5934,11.406600952148438
2023-11-14,78,78.0059,-0.00589752197265625
2023-11-14,83,79.43713,3.5628662109375
2023-11-14,124,108.98728,15.012718200683594
2023-11-14,71,87.39334,-16.393341064453125
2023-11-14,62,54.79707,7.202930450439453
2023-11-14,41,47.440125,-6.44012451171875
2023-11-14,76,70.19809,5.801910400390625
2023-11-15,90,88.72942,1.2705764770507812
2023-11-15,104,91.008606,12.99139404296875
2023-11-15,149,163.88232,-14.88232421875
2023-11-15,110,100.505486,9.494514465332031
2023-11-15,81,106.221596,-25.221595764160156
2023-11-15,149,135.31966,13.680343627929688
2023-11-15,77,73.80543,3.1945724487304688
2023-11-15,96,87.416084,8.583915710449219
2023-11-15,48,58.999687,-10.999687194824219
2023-11-15,114,112.77856,1.2214431762695312
2023-11-15,69,64.128624,4.871376037597656
2023-11-15,129,153.35608,-24.3560791015625
2023-11-15,79,85.410385,-6.4103851318359375
2023-11-15,145,161.95183,-16.951828002929688
2023-11-15,84,77.55307,6.446929931640625
2023-11-15,92,96.53009,-4.53009033203125
2023-11-15,160,139.39497,20.605026245117188
2023-11-15,182,173.98726,8.012741088867188
2023-11-15,74,71.08487,2.915130615234375
2023-11-15,121,109.8516,11.148399353027344
2023-11-15,64,74.76483,-10.76483154296875
2023-11-15,133,108.31002,24.689979553222656
2023-11-15,159,177.49399,-18.493988037109375
2023-11-15,110,93.036736,16.96326446533203
2023-11-15,46,82.24948,-36.249481201171875
2023-11-15,70,67.42866,2.5713424682617188
2023-11-15,93,81.83066,11.169342041015625
2023-11-15,98,84.03189,13.968109130859375
2023-11-15,64,82.74384,-18.74384307861328
2023-11-15,188,170.81252,17.187484741210938
2023-11-15,34,38.55938,-4.559379577636719
2023-11-15,148,126.99148,21.008522033691406
2023-11-15,86,100.96914,-14.969139099121094
2023-11-15,69,81.88244,-12.882438659667969
2023-11-15,99,97.736694,1.2633056640625
2023-11-15,102,101.12472,0.8752822875976562
2023-11-15,110,113.35275,-3.352752685546875
2023-11-15,143,140.40169,2.5983123779296875
2023-11-15,73,78.22246,-5.2224578857421875
2023-11-15,102,105.9172,-3.9171981811523438
2023-11-15,129,120.70054,8.299461364746094
2023-11-15,230,219.22801,10.771987915039062
2023-11-15,188,187.5056,0.4944000244140625
2023-11-15,150,130.05037,19.949630737304688
2023-11-15,74,112.64106,-38.64105987548828
2023-11-15,156,155.61159,0.3884124755859375
2023-11-15,138,118.705025,19.29497528076172
2023-11-15,190,182.63354,7.366455078125
2023-11-15,190,176.37094,13.629058837890625
2023-11-15,174,195.65178,-21.651779174804688
2023-11-15,98,93.741646,4.258354187011719
2023-11-15,71,77.13674,-6.136741638183594
2023-11-15,101,106.77953,-5.779533386230469
2023-11-15,171,180.39444,-9.394439697265625
2023-11-15,117,105.14091,11.859092712402344
2023-11-15,82,95.72148,-13.721481323242188
2023-11-15,92,105.66727,-13.667266845703125
2023-11-15,146,156.72241,-10.722412109375
2023-11-15,94,98.14647,-4.1464691162109375
2023-11-15,142,119.80655,22.193450927734375
2023-11-15,150,124.66861,25.331390380859375
2023-11-15,244,211.73201,32.26799011230469
2023-11-15,194,169.231,24.768997192382812
2023-11-15,93,85.00783,7.9921722412109375
2023-11-15,139,139.40111,-0.4011077880859375
2023-11-15,106,119.69709,-13.697090148925781
2023-11-15,109,127.5995,-18.599502563476562
2023-11-15,55,54.529957,0.4700431823730469
2023-11-15,121,134.34465,-13.344650268554688
2023-11-15,193,178.50983,14.49017333984375
2023-11-15,124,133.04366,-9.043655395507812
2023-11-15,87,100.89456,-13.894561767578125
2023-11-15,134,146.41145,-12.411453247070312
2023-11-15,134,147.66307,-13.663070678710938
2023-11-15,94,97.11567,-3.1156692504882812
2023-11-15,50,46.865116,3.1348838806152344
2023-11-15,117,159.93031,-42.93031311035156
2023-11-15,130,128.73024,1.2697601318359375
2023-11-15,174,165.52109,8.478912353515625
2023-11-15,56,59.297394,-3.297393798828125
2023-11-15,78,75.97868,2.0213165283203125
2023-11-15,140,135.42343,4.576568603515625
2023-11-15,126,148.77911,-22.77911376953125
2023-11-15,82,65.401695,16.598304748535156
2023-11-15,83,88.95683,-5.9568328857421875
2023-11-15,174,149.59009,24.409912109375
2023-11-15,156,130.09604,25.903961181640625
2023-11-15,114,98.465805,15.534194946289062
2023-11-15,42,52.65534,-10.655338287353516
2023-11-15,142,129.34187,12.658126831054688
2023-11-15,99,83.05759,15.942413330078125
2023-11-15,37,48.173145,-11.173145294189453
2023-11-15,96,99.59127,-3.5912704467773438
2023-11-15,91,98.02734,-7.02734375
2023-11-15,115,101.31607,13.683929443359375
2023-11-15,56,51.334137,4.665863037109375
2023-11-15,67,89.800446,-22.800445556640625
2023-11-15,101,109.8047,-8.804702758789062
2023-11-15,114,109.331375,4.6686248779296875
2023-11-15,59,69.84781,-10.847808837890625
2023-11-16,164,154.03961,9.96038818359375
2023-11-16,66,89.188255,-23.188255310058594
2023-11-16,120,117.583336,2.4166641235351562
2023-11-16,48,37.891888,10.108112335205078
2023-11-16,116,111.739334,4.2606658935546875
2023-11-16,124,117.23083,6.769172668457031
2023-11-16,174,179.05275,-5.0527496337890625
2023-11-16,114,110.00253,3.997467041015625
2023-11-16,55,56.21373,-1.2137298583984375
2023-11-16,71,74.41306,-3.4130630493164062
2023-11-16,85,90.03713,-5.037132263183594
2023-11-16,173,151.79709,21.202911376953125
2023-11-16,115,116.22305,-1.223052978515625
2023-11-16,86,101.938416,-15.93841552734375
2023-11-16,107,108.69729,-1.6972885131835938
2023-11-16,52,47.946373,4.053627014160156
2023-11-16,40,60.126637,-20.126636505126953
2023-11-16,88,105.974266,-17.974266052246094
2023-11-16,30,50.507248,-20.507247924804688
2023-11-16,75,76.87419,-1.8741912841796875
2023-11-16,147,146.49437,0.5056304931640625
2023-11-16,52,82.44134,-30.44133758544922
2023-11-16,117,118.79039,-1.7903900146484375
2023-11-16,129,98.36596,30.63404083251953
2023-11-16,116,99.95866,16.041343688964844
2023-11-16,91,97.83276,-6.832763671875
2023-11-16,83,69.88998,13.110023498535156
2023-11-16,146,122.93615,23.06385040283203
2023-11-16,75,69.93962,5.0603790283203125
2023-11-16,91,95.198814,-4.198814392089844
2023-11-16,32,65.76358,-33.763580322265625
2023-11-16,108,97.75521,10.244789123535156
2023-11-16,70,78.00757,-8.007568359375
2023-11-16,99,98.07059,0.929412841796875
2023-11-16,55,66.4174,-11.417396545410156
2023-11-16,80,86.020164,-6.020164489746094
2023-11-16,73,82.09483,-9.094833374023438
2023-11-16,74,92.25929,-18.259292602539062
2023-11-16,81,107.31035,-26.310348510742188
2023-11-16,75,77.168076,-2.1680755615234375
2023-11-16,108,99.16784,8.832160949707031
2023-11-16,67,92.687584,-25.687583923339844
2023-11-16,121,124.01795,-3.0179519653320312
2023-11-16,118,111.520424,6.479576110839844
2023-11-16,73,83.34002,-10.340019226074219
2023-11-16,108,103.57269,4.42730712890625
2023-11-16,153,137.0009,15.999099731445312
2023-11-16,131,118.33367,12.666328430175781
2023-11-16,126,116.45485,9.545150756835938
2023-11-16,125,135.38597,-10.385971069335938
2023-11-16,100,115.79553,-15.7955322265625
2023-11-16,74,77.96763,-3.9676284790039062
2023-11-16,264,210.69406,53.305938720703125
2023-11-16,116,110.89191,5.10809326171875
2023-11-16,101,110.816475,-9.816474914550781
2023-11-16,88,89.11847,-1.11846923828125
2023-11-16,82,81.83638,0.1636199951171875
2023-11-16,82,83.92723,-1.9272308349609375
2023-11-16,131,139.55544,-8.555435180664062
2023-11-16,97,91.31747,5.682533264160156
2023-11-16,191,161.65315,29.346847534179688
2023-11-16,80,108.36171,-28.361709594726562
2023-11-16,57,65.955894,-8.955894470214844
2023-11-16,118,123.84133,-5.841331481933594
2023-11-16,61,77.83748,-16.837478637695312
2023-11-16,155,147.5153,7.4846954345703125
2023-11-16,185,163.49673,21.503265380859375
2023-11-16,63,66.90733,-3.9073333740234375
2023-11-16,98,92.70483,5.295173645019531
2023-11-16,99,100.14499,-1.144989013671875
2023-11-16,125,125.27778,-0.27777862548828125
2023-11-16,113,115.832466,-2.8324661254882812
2023-11-16,4,35.95777,-31.95777130126953
2023-11-16,51,70.1849,-19.184898376464844
2023-11-16,75,74.98935,0.010650634765625
2023-11-16,89,86.54419,2.455810546875
2023-11-16,70,110.38983,-40.38983154296875
2023-11-16,118,106.86262,11.137382507324219
2023-11-16,124,133.52501,-9.525009155273438
2023-11-16,105,112.240425,-7.240425109863281
2023-11-16,82,86.94151,-4.9415130615234375
2023-11-16,124,133.71283,-9.71282958984375
2023-11-16,87,91.44302,-4.443023681640625
2023-11-16,140,130.28177,9.718231201171875
2023-11-16,117,107.5993,9.400703430175781
2023-11-16,158,154.2517,3.7483062744140625
2023-11-16,149,131.62457,17.37542724609375
2023-11-16,162,150.79999,11.20001220703125
2023-11-16,129,117.588684,11.41131591796875
2023-11-16,78,111.79494,-33.79493713378906
2023-11-16,71,79.03013,-8.030128479003906
2023-11-16,75,75.092445,-0.09244537353515625
2023-11-16,134,126.114334,7.8856658935546875
2023-11-16,106,103.175514,2.8244857788085938
2023-11-16,196,158.91368,37.08631896972656
2023-11-16,124,131.5423,-7.54229736328125
2023-11-16,152,145.84845,6.15155029296875
2023-11-16,101,105.70454,-4.704536437988281
2023-11-16,72,76.25224,-4.2522430419921875
2023-11-16,98,108.404915,-10.404914855957031
2023-11-17,102,102.407104,-0.4071044921875
2023-11-17,139,116.64357,22.356430053710938
2023-11-17,107,95.973045,11.026954650878906
2023-11-17,49,62.182117,-13.182117462158203
2023-11-17,54,50.85952,3.1404800415039062
2023-11-17,115,96.365845,18.6341552734375
2023-11-17,134,165.9813,-31.981292724609375
2023-11-17,81,85.873856,-4.8738555908203125
2023-11-17,82,78.466606,3.5333938598632812
2023-11-17,64,62.39719,1.6028099060058594
2023-11-17,119,120.0503,-1.0503005981445312
2023-11-17,148,124.42157,23.57843017578125
2023-11-17,46,59.90039,-13.900390625
2023-11-17,75,68.60166,6.398338317871094
2023-11-17,64,60.24815,3.751850128173828
2023-11-17,173,151.96309,21.036911010742188
2023-11-17,87,88.30155,-1.3015518188476562
2023-11-17,48,39.265553,8.734447479248047
2023-11-17,55,54.02623,0.9737701416015625
2023-11-17,45,53.20538,-8.205379486083984
2023-11-17,112,108.81159,3.1884078979492188
2023-11-17,54,56.32775,-2.3277511596679688
2023-11-17,137,126.56571,10.434288024902344
2023-11-17,149,126.39571,22.604286193847656
2023-11-17,114,102.37003,11.629966735839844
2023-11-17,85,84.46666,0.5333404541015625
2023-11-17,89,118.13426,-29.134262084960938
2023-11-17,118,107.902435,10.097564697265625
2023-11-17,138,118.46784,19.53215789794922
2023-11-17,126,127.65061,-1.6506118774414062
2023-11-17,138,132.23898,5.761016845703125
2023-11-17,99,95.24563,3.7543716430664062
2023-11-17,43,55.23358,-12.23358154296875
2023-11-17,72,59.90715,12.092849731445312
2023-11-17,121,109.09425,11.905746459960938
2023-11-17,126,116.813866,9.186134338378906
2023-11-17,97,74.9834,22.0166015625
2023-11-17,115,104.286644,10.713356018066406
2023-11-17,117,108.77695,8.223052978515625
2023-11-17,42,48.10637,-6.1063690185546875
2023-11-17,73,80.37026,-7.370262145996094
2023-11-17,137,128.59819,8.401809692382812
2023-11-17,67,76.30791,-9.307907104492188
2023-11-17,131,133.95923,-2.959228515625
2023-11-17,67,77.42574,-10.425743103027344
2023-11-17,167,146.42374,20.576263427734375
2023-11-17,109,110.34853,-1.3485336303710938
2023-11-17,79,93.09481,-14.094810485839844
2023-11-17,39,35.04944,3.9505615234375
2023-11-17,100,102.563705,-2.5637054443359375
2023-11-17,188,187.41759,0.5824127197265625
2023-11-17,73,73.51819,-0.5181884765625
2023-11-17,54,57.17959,-3.1795883178710938
2023-11-17,109,105.55826,3.441741943359375
2023-11-17,69,73.285,-4.285003662109375
2023-11-17,95,106.23001,-11.230010986328125
2023-11-17,100,92.97099,7.0290069580078125
2023-11-17,88,72.859795,15.140205383300781
2023-11-17,123,131.28209,-8.282089233398438
2023-11-17,174,162.29254,11.70745849609375
2023-11-17,133,142.87827,-9.878265380859375
2023-11-17,85,79.79223,5.207771301269531
2023-11-17,107,102.233246,4.766754150390625
2023-11-17,118,104.201164,13.798835754394531
2023-11-17,96,95.32278,0.6772232055664062
2023-11-17,82,96.325645,-14.325645446777344
2023-11-17,193,189.03265,3.96734619140625
2023-11-17,67,64.596504,2.4034957885742188
2023-11-17,95,85.11397,9.886032104492188
2023-11-17,82,76.188965,5.81103515625
2023-11-17,107,109.02432,-2.024322509765625
2023-11-17,159,156.65613,2.3438720703125
2023-11-17,91,142.64825,-51.64825439453125
2023-11-17,105,103.315994,1.6840057373046875
2023-11-17,29,19.335228,9.664772033691406
2023-11-17,111,104.67455,6.325447082519531
2023-11-17,77,97.840775,-20.840774536132812
2023-11-17,64,73.85847,-9.858467102050781
2023-11-17,102,97.39721,4.602790832519531
2023-11-17,46,49.594948,-3.5949478149414062
2023-11-17,76,75.50001,0.49999237060546875
2023-11-17,70,65.29932,4.70068359375
2023-11-17,53,46.97488,6.025119781494141
2023-11-17,103,93.34324,9.656761169433594
2023-11-17,149,130.69293,18.30706787109375
2023-11-17,168,154.24655,13.753448486328125
2023-11-17,148,158.38202,-10.38201904296875
2023-11-17,143,117.33086,25.669143676757812
2023-11-17,112,114.424644,-2.4246444702148438
2023-11-17,103,99.96527,3.03472900390625
2023-11-17,158,136.51262,21.487380981445312
2023-11-17,79,77.76797,1.2320327758789062
2023-11-17,30,56.15512,-26.155120849609375
2023-11-17,80,67.32766,12.672340393066406
2023-11-17,99,88.07517,10.924827575683594
2023-11-17,98,100.31688,-2.3168792724609375
2023-11-17,42,55.382538,-13.382537841796875
2023-11-17,132,117.815445,14.184555053710938
2023-11-17,87,87.065445,-0.0654449462890625
2023-11-17,134,120.64993,13.350067138671875
2023-11-18,106,111.81275,-5.812751770019531
2023-11-18,119,109.733185,9.266815185546875
2023-11-18,154,150.46268,3.537322998046875
2023-11-18,103,107.253006,-4.2530059814453125
2023-11-18,57,60.491226,-3.4912261962890625
2023-11-18,32,53.532562,-21.532562255859375
2023-11-18,139,146.5226,-7.5225982666015625
2023-11-18,40,63.47921,-23.479209899902344
2023-11-18,137,144.74356,-7.743560791015625
2023-11-18,48,52.9892,-4.989200592041016
2023-11-18,116,104.83716,11.162841796875
2023-11-18,155,152.70659,2.2934112548828125
2023-11-18,59,81.48098,-22.480979919433594
2023-11-18,135,124.68129,10.318710327148438
2023-11-18,93,66.82199,26.178009033203125
2023-11-18,101,96.30722,4.692779541015625
2023-11-18,77,66.06493,10.935066223144531
2023-11-18,112,100.635826,11.364173889160156
2023-11-18,85,76.370895,8.629104614257812
2023-11-18,52,59.184372,-7.1843719482421875
2023-11-18,69,57.62969,11.370311737060547
2023-11-18,143,153.36275,-10.362747192382812
2023-11-18,103,100.66239,2.3376083374023438
2023-11-18,123,124.523285,-1.523284912109375
2023-11-18,83,77.94123,5.058769226074219
2023-11-18,88,100.403564,-12.403564453125
2023-11-18,167,165.00937,1.990631103515625
2023-11-18,154,203.73093,-49.730926513671875
2023-11-18,169,174.25134,-5.2513427734375
2023-11-18,41,43.669704,-2.6697044372558594
2023-11-18,214,199.1615,14.8385009765625
2023-11-18,203,172.11754,30.882461547851562
2023-11-18,81,82.96284,-1.9628372192382812
2023-11-18,88,80.91842,7.081581115722656
2023-11-18,119,99.27903,19.720970153808594
2023-11-18,78,79.242645,-1.242645263671875
2023-11-18,58,61.25227,-3.252269744873047
2023-11-18,90,82.743126,7.256874084472656
2023-11-18,90,110.362144,-20.362144470214844
2023-11-18,115,109.4036,5.596397399902344
2023-11-18,135,132.42638,2.5736236572265625
2023-11-18,28,39.918373,-11.918373107910156
2023-11-18,245,238.04858,6.951416015625
2023-11-18,233,192.76195,40.23805236816406
2023-11-18,118,112.9273,5.072700500488281
2023-11-18,183,185.39816,-2.398162841796875
2023-11-18,125,149.97133,-24.971328735351562
2023-11-18,100,159.96246,-59.96246337890625
2023-11-18,155,135.11098,19.889022827148438
2023-11-18,171,147.20326,23.796737670898438
2023-11-18,56,78.048584,-22.048583984375
2023-11-18,152,131.1441,20.85589599609375
2023-11-18,169,169.2853,-0.2852935791015625
2023-11-18,80,70.81098,9.189018249511719
2023-11-18,149,140.46509,8.534912109375
2023-11-18,137,148.18515,-11.185150146484375
2023-11-18,61,50.290016,10.709983825683594
2023-11-18,40,42.75537,-2.75537109375
2023-11-18,146,151.5169,-5.51690673828125
2023-11-18,128,112.073425,15.92657470703125
2023-11-18,164,142.70844,21.29156494140625
2023-11-18,199,177.4868,21.513198852539062
2023-11-18,97,108.69612,-11.696121215820312
2023-11-18,126,142.5662,-16.566192626953125
2023-11-18,118,102.56215,15.437850952148438
2023-11-18,144,149.37358,-5.3735809326171875
2023-11-18,170,172.29614,-2.296142578125
2023-11-18,144,152.08078,-8.080780029296875
2023-11-18,77,68.72913,8.270866394042969
2023-11-18,84,69.821945,14.178054809570312
2023-11-18,77,101.911446,-24.91144561767578
2023-11-18,202,197.05252,4.947479248046875
2023-11-18,126,114.757866,11.242134094238281
2023-11-18,102,105.57073,-3.5707321166992188
2023-11-18,105,97.73304,7.266960144042969
2023-11-18,82,92.582855,-10.582855224609375
2023-11-18,128,118.46706,9.532943725585938
2023-11-18,106,103.21918,2.78082275390625
2023-11-18,163,143.97656,19.0234375
2023-11-18,82,94.60509,-12.605087280273438
2023-11-18,169,150.18784,18.812164306640625
2023-11-18,100,86.74733,13.252670288085938
2023-11-18,124,116.95033,7.0496673583984375
2023-11-18,142,121.16061,20.839393615722656
2023-11-18,93,76.50154,16.498458862304688
2023-11-18,143,168.67868,-25.678680419921875
2023-11-18,124,132.13924,-8.139236450195312
2023-11-18,112,143.0148,-31.014801025390625
2023-11-18,158,146.209,11.791000366210938
2023-11-18,117,99.046135,17.95386505126953
2023-11-18,131,137.55627,-6.5562744140625
2023-11-18,134,128.37004,5.6299591064453125
2023-11-18,95,87.654495,7.3455047607421875
2023-11-18,81,82.582466,-1.5824661254882812
2023-11-18,118,108.82249,9.177513122558594
2023-11-18,128,129.58047,-1.580474853515625
2023-11-18,129,99.14219,29.857810974121094
2023-11-18,49,52.630985,-3.6309852600097656
2023-11-18,90,91.68097,-1.68096923828125
2023-11-18,47,69.620125,-22.62012481689453
2023-11-19,127,130.48004,-3.48004150390625
2023-11-19,92,120.393776,-28.393775939941406
2023-11-19,130,129.46681,0.5331878662109375
2023-11-19,212,203.0345,8.965499877929688
2023-11-19,155,172.59612,-17.596115112304688
2023-11-19,103,113.95338,-10.953376770019531
2023-11-19,145,146.16118,-1.1611785888671875
2023-11-19,90,104.58694,-14.586936950683594
2023-11-19,45,64.17236,-19.17236328125
2023-11-19,118,104.66985,13.330146789550781
2023-11-19,83,95.40979,-12.4097900390625
2023-11-19,193,204.74237,-11.74237060546875
2023-11-19,39,90.66513,-51.665130615234375
2023-11-19,112,103.86227,8.137733459472656
2023-11-19,166,148.3166,17.683395385742188
2023-11-19,179,175.44939,3.5506134033203125
2023-11-19,85,88.443,-3.4430007934570312
2023-11-19,114,113.658264,0.34173583984375
2023-11-19,68,78.65291,-10.652908325195312
2023-11-19,102,94.74523,7.254768371582031
2023-11-19,123,131.66045,-8.660446166992188
2023-11-19,26,63.271133,-37.27113342285156
2023-11-19,184,198.55075,-14.550750732421875
2023-11-19,87,149.8185,-62.81849670410156
2023-11-19,143,143.87512,-0.8751220703125
2023-11-19,100,123.864525,-23.864524841308594
2023-11-19,90,104.098526,-14.098526000976562
2023-11-19,86,101.582054,-15.582054138183594
2023-11-19,178,173.17924,4.8207550048828125
2023-11-19,113,94.91137,18.08863067626953
2023-11-19,139,138.78357,0.2164306640625
2023-11-19,107,120.57912,-13.579116821289062
2023-11-19,69,99.654564,-30.654563903808594
2023-11-19,102,104.38378,-2.3837814331054688
2023-11-19,50,52.96252,-2.9625205993652344
2023-11-19,136,134.62604,1.37396240234375
2023-11-19,73,77.70961,-4.7096099853515625
2023-11-19,103,103.917915,-0.9179153442382812
2023-11-19,133,144.94522,-11.945220947265625
2023-11-19,14,24.586685,-10.586685180664062
2023-11-19,116,109.0317,6.968299865722656
2023-11-19,94,119.58328,-25.583282470703125
2023-11-19,59,66.45635,-7.456352233886719
2023-11-19,110,135.0555,-25.055496215820312
2023-11-19,122,106.94242,15.057579040527344
2023-11-19,103,117.853264,-14.853263854980469
2023-11-19,157,142.58421,14.415786743164062
2023-11-19,108,131.93742,-23.937423706054688
2023-11-19,181,184.58975,-3.589752197265625
2023-11-19,200,167.94395,32.05604553222656
2023-11-19,122,138.83661,-16.83660888671875
2023-11-19,85,80.20241,4.7975921630859375
2023-11-19,125,129.32448,-4.3244781494140625
2023-11-19,96,93.65815,2.3418502807617188
2023-11-19,119,113.35529,5.644706726074219
2023-11-19,131,117.67177,13.328231811523438
2023-11-19,72,71.50375,0.496246337890625
2023-11-19,81,91.40304,-10.403038024902344
2023-11-19,69,87.42151,-18.4215087890625
2023-11-19,67,61.723953,5.2760467529296875
2023-11-19,157,158.45793,-1.4579315185546875
2023-11-19,136,140.31047,-4.3104705810546875
2023-11-19,123,127.36263,-4.362632751464844
2023-11-19,166,193.30916,-27.309158325195312
2023-11-19,123,125.65984,-2.6598434448242188
2023-11-19,129,130.55396,-1.553955078125
2023-11-19,160,149.20059,10.799407958984375
2023-11-19,86,83.7987,2.2013015747070312
2023-11-19,75,88.91359,-13.913589477539062
2023-11-19,189,170.99252,18.007476806640625
2023-11-19,77,79.41996,-2.4199600219726562
2023-11-19,111,137.4569,-26.456893920898438
2023-11-19,93,121.60181,-28.601806640625
2023-11-19,62,66.15332,-4.1533203125
2023-11-19,97,89.839424,7.160575866699219
2023-11-19,99,96.20958,2.7904205322265625
2023-11-19,97,98.920654,-1.920654296875
2023-11-19,77,76.66558,0.33441925048828125
2023-11-19,87,101.48795,-14.487953186035156
2023-11-19,88,86.607445,1.3925552368164062
2023-11-19,130,131.66714,-1.667144775390625
2023-11-19,147,146.2407,0.7592926025390625
2023-11-19,64,90.467316,-26.467315673828125
2023-11-19,233,232.54315,0.45684814453125
2023-11-19,155,158.66806,-3.668060302734375
2023-11-19,100,120.32022,-20.320220947265625
2023-11-19,154,147.93561,6.06439208984375
2023-11-19,107,133.06438,-26.064376831054688
2023-11-19,99,106.25341,-7.253410339355469
2023-11-19,297,239.3998,57.60020446777344
2023-11-19,100,112.80889,-12.808891296386719
2023-11-19,130,125.27841,4.721588134765625
2023-11-19,39,93.02469,-54.024688720703125
2023-11-19,82,82.59246,-0.5924606323242188
2023-11-19,93,72.80768,20.19232177734375
2023-11-19,108,94.692154,13.307846069335938
2023-11-19,84,85.30189,-1.3018875122070312
2023-11-19,152,154.12888,-2.128875732421875
2023-11-19,96,102.07939,-6.0793914794921875
2023-11-19,39,46.24848,-7.248481750488281
2023-11-20,132,109.76467,22.235328674316406
2023-11-20,21,24.789253,-3.7892532348632812
2023-11-20,125,121.19956,3.8004379272460938
2023-11-20,63,84.23746,-21.237457275390625
2023-11-20,180,170.45538,9.54461669921875
2023-11-20,94,85.941795,8.058204650878906
2023-11-20,90,77.191315,12.808685302734375
2023-11-20,65,71.10738,-6.107383728027344
2023-11-20,110,101.01337,8.98663330078125
2023-11-20,79,77.19197,1.8080291748046875
2023-11-20,46,48.763718,-2.7637176513671875
2023-11-20,127,118.474075,8.525924682617188
2023-11-20,91,99.31182,-8.311820983886719
2023-11-20,111,107.63214,3.36785888671875
2023-11-20,71,60.75127,10.248729705810547
2023-11-20,88,93.72661,-5.7266082763671875
2023-11-20,60,50.887337,9.112663269042969
2023-11-20,117,108.941055,8.058944702148438
2023-11-20,88,74.08305,13.916946411132812
2023-11-20,35,43.70003,-8.700031280517578
2023-11-20,178,183.50917,-5.5091705322265625
2023-11-20,86,100.78895,-14.788948059082031
2023-11-20,84,90.12026,-6.120262145996094
2023-11-20,97,146.94514,-49.94514465332031
2023-11-20,124,125.26968,-1.2696762084960938
2023-11-20,164,134.80522,29.194778442382812
2023-11-20,118,100.00833,17.991668701171875
2023-11-20,26,34.691204,-8.691204071044922
2023-11-20,139,108.26083,30.739166259765625
2023-11-20,194,183.4408,10.5592041015625
2023-11-20,74,72.20037,1.7996292114257812
2023-11-20,43,49.39893,-6.398929595947266
2023-11-20,103,98.13923,4.860771179199219
2023-11-20,57,50.879578,6.12042236328125
2023-11-20,81,95.821625,-14.821624755859375
2023-11-20,124,112.78524,11.214759826660156
2023-11-20,87,78.97112,8.028877258300781
2023-11-20,59,76.92048,-17.92047882080078
2023-11-20,95,78.34956,16.650436401367188
2023-11-20,66,66.01328,-0.01328277587890625
2023-11-20,119,105.514305,13.485694885253906
2023-11-20,156,149.49896,6.50103759765625
2023-11-20,84,90.27311,-6.273109436035156
2023-11-20,91,107.81505,-16.815048217773438
2023-11-20,112,124.88816,-12.888160705566406
2023-11-20,60,67.32141,-7.3214111328125
2023-11-20,74,64.937836,9.062164306640625
2023-11-20,113,110.04032,2.9596786499023438
2023-11-20,133,98.81311,34.1868896484375
2023-11-20,76,73.97656,2.0234375
2023-11-20,109,109.526566,-0.5265655517578125
2023-11-20,116,100.18243,15.817573547363281
2023-11-20,118,119.7034,-1.703399658203125
2023-11-20,113,113.935776,-0.9357757568359375
2023-11-20,200,190.97742,9.0225830078125
2023-11-20,149,141.18275,7.8172454833984375
2023-11-20,82,75.08574,6.9142608642578125
2023-11-20,93,88.53226,4.467742919921875
2023-11-20,85,94.71244,-9.712440490722656
2023-11-20,76,86.456055,-10.4560546875
2023-11-20,88,107.74144,-19.741439819335938
2023-11-20,118,120.940956,-2.9409561157226562
2023-11-20,52,57.811886,-5.811885833740234
2023-11-20,116,122.35556,-6.355560302734375
2023-11-20,195,187.28845,7.7115478515625
2023-11-20,109,87.2189,21.781097412109375
2023-11-20,71,58.40482,12.59518051147461
2023-11-20,45,43.328236,1.6717643737792969
2023-11-20,38,46.113914,-8.113914489746094
2023-11-20,150,146.42505,3.574951171875
2023-11-20,121,105.64784,15.352157592773438
2023-11-20,74,101.52028,-27.520278930664062
2023-11-20,33,44.92764,-11.92763900756836
2023-11-20,51,49.871883,1.1281166076660156
2023-11-20,95,89.86158,5.138420104980469
2023-11-20,88,86.044685,1.9553146362304688
2023-11-20,114,97.22781,16.772186279296875
2023-11-20,112,104.809586,7.1904144287109375
2023-11-20,88,74.81435,13.185653686523438
2023-11-20,47,45.71242,1.2875785827636719
2023-11-20,145,116.310394,28.689605712890625
2023-11-20,83,64.05036,18.94963836669922
2023-11-20,120,103.49009,16.509910583496094
2023-11-20,72,94.97089,-22.97088623046875
2023-11-20,136,155.42162,-19.421615600585938
2023-11-20,162,135.84984,26.150161743164062
2023-11-20,141,135.48793,5.5120697021484375
2023-11-20,88,97.06431,-9.064308166503906
2023-11-20,103,109.23239,-6.232391357421875
2023-11-20,95,78.39683,16.603172302246094
2023-11-20,77,87.57272,-10.572723388671875
2023-11-20,86,88.24335,-2.24334716796875
2023-11-20,74,69.19571,4.804290771484375
2023-11-20,77,77.488144,-0.4881439208984375
2023-11-20,129,111.89294,17.10706329345703
2023-11-20,75,93.25322,-18.253219604492188
2023-11-20,101,90.189545,10.810455322265625
2023-11-20,144,123.13017,20.869827270507812
2023-11-20,85,76.11595,8.884048461914062
2023-11-20,68,75.75025,-7.750251770019531
2023-11-21,56,67.221146,-11.221145629882812
2023-11-21,180,166.1324,13.867599487304688
2023-11-21,107,92.51709,14.48291015625
2023-11-21,98,98.59658,-0.5965805053710938
2023-11-21,102,107.10179,-5.1017913818359375
2023-11-21,126,119.4322,6.567802429199219
2023-11-21,96,95.4801,0.5198974609375
2023-11-21,57,78.06593,-21.065933227539062
2023-11-21,87,94.1982,-7.1981964111328125
2023-11-21,82,80.824684,1.1753158569335938
2023-11-21,88,96.562935,-8.562934875488281
2023-11-21,97,77.030914,19.969085693359375
2023-11-21,61,78.919914,-17.91991424560547
2023-11-21,94,102.411514,-8.411514282226562
2023-11-21,142,169.95374,-27.9537353515625
2023-11-21,249,227.05656,21.943435668945312
2023-11-21,122,116.4767,5.5233001708984375
2023-11-21,140,119.339485,20.66051483154297
2023-11-21,83,82.31091,0.6890869140625
2023-11-21,65,66.75596,-1.7559585571289062
2023-11-21,104,108.57042,-4.5704193115234375
2023-11-21,98,92.73043,5.269569396972656
2023-11-21,123,113.84248,9.157516479492188
2023-11-21,126,102.23195,23.768051147460938
2023-11-21,66,91.796936,-25.79693603515625
2023-11-21,84,84.56956,-0.5695571899414062
2023-11-21,107,83.85044,23.149559020996094
2023-11-21,50,97.33266,-47.33265686035156
2023-11-21,142,122.031494,19.968505859375
2023-11-21,106,95.122154,10.877845764160156
2023-11-21,165,160.2021,4.7978973388671875
2023-11-21,74,78.9658,-4.965797424316406
2023-11-21,107,151.24016,-44.24015808105469
2023-11-21,39,52.39892,-13.398918151855469
2023-11-21,122,125.442635,-3.4426345825195312
2023-11-21,146,143.62946,2.37054443359375
2023-11-21,115,98.10896,16.891036987304688
2023-11-21,100,90.09204,9.907958984375
2023-11-21,121,131.06361,-10.063613891601562
2023-11-21,52,53.763027,-1.7630271911621094
2023-11-21,132,125.18322,6.816780090332031
2023-11-21,75,84.4604,-9.460403442382812
2023-11-21,105,113.088,-8.087997436523438
2023-11-21,142,132.36581,9.634185791015625
2023-11-21,71,75.910675,-4.910675048828125
2023-11-21,135,139.02669,-4.0266876220703125
2023-11-21,209,185.8735,23.126495361328125
2023-11-21,90,101.23707,-11.237068176269531
2023-11-21,108,99.01237,8.987632751464844
2023-11-21,139,121.996216,17.0037841796875
2023-11-21,84,96.00797,-12.007972717285156
2023-11-21,100,86.27492,13.725082397460938
2023-11-21,152,194.31725,-42.31724548339844
2023-11-21,101,105.57558,-4.5755767822265625
2023-11-21,104,119.892975,-15.892974853515625
2023-11-21,115,101.492004,13.50799560546875
2023-11-21,78,81.59008,-3.5900802612304688
2023-11-21,70,64.46795,5.532051086425781
2023-11-21,129,114.748634,14.251365661621094
2023-11-21,76,79.81519,-3.8151931762695312
2023-11-21,82,108.555405,-26.555404663085938
2023-11-21,62,89.216515,-27.216514587402344
2023-11-21,67,74.67032,-7.670318603515625
2023-11-21,74,74.19955,-0.19954681396484375
2023-11-21,55,58.717476,-3.7174758911132812
2023-11-21,118,106.86941,11.130592346191406
2023-11-21,162,159.9193,2.0807037353515625
2023-11-21,68,65.258125,2.7418746948242188
2023-11-21,118,115.75795,2.2420501708984375
2023-11-21,52,66.15588,-14.1558837890625
2023-11-21,82,75.59045,6.409553527832031
2023-11-21,86,99.0627,-13.062698364257812
2023-11-21,104,118.83492,-14.834922790527344
2023-11-21,108,94.43337,13.566627502441406
2023-11-21,81,89.65667,-8.656669616699219
2023-11-21,65,66.829094,-1.8290939331054688
2023-11-21,96,78.68282,17.317176818847656
2023-11-21,65,62.62871,2.371288299560547
2023-11-21,175,172.04697,2.953033447265625
2023-11-21,75,74.71472,0.2852783203125
2023-11-21,66,95.91107,-29.91107177734375
2023-11-21,132,145.84076,-13.84075927734375
2023-11-21,69,62.276062,6.72393798828125
2023-11-21,194,174.51613,19.483871459960938
2023-11-21,146,158.2827,-12.282699584960938
2023-11-21,106,104.824776,1.1752243041992188
2023-11-21,59,74.84302,-15.843017578125
2023-11-21,105,145.95065,-40.950653076171875
2023-11-21,105,103.953545,1.0464553833007812
2023-11-21,133,129.88567,3.1143341064453125
2023-11-21,149,147.13164,1.8683624267578125
2023-11-21,148,134.82108,13.178924560546875
2023-11-21,102,148.10968,-46.10968017578125
2023-11-21,94,96.19178,-2.1917800903320312
2023-11-21,203,240.25563,-37.25563049316406
2023-11-21,151,133.68643,17.313568115234375
2023-11-21,112,116.00692,-4.006919860839844
2023-11-21,140,128.99272,11.007278442382812
2023-11-21,95,92.74412,2.2558822631835938
2023-11-21,80,87.44631,-7.446311950683594
2023-11-22,100,98.81505,1.1849517822265625
2023-11-22,116,107.174065,8.825935363769531
2023-11-22,139,119.30977,19.690231323242188
2023-11-22,109,113.9014,-4.901397705078125
2023-11-22,184,150.95953,33.04046630859375
2023-11-22,168,161.5843,6.4156951904296875
2023-11-22,131,163.0145,-32.014495849609375
2023-11-22,81,90.261986,-9.261985778808594
2023-11-22,142,139.67935,2.320648193359375
2023-11-22,114,98.42664,15.573356628417969
2023-11-22,41,52.985493,-11.985492706298828
2023-11-22,59,68.29527,-9.295272827148438
2023-11-22,101,106.91517,-5.915168762207031
2023-11-22,74,81.523476,-7.523475646972656
2023-11-22,59,94.452995,-35.45299530029297
2023-11-22,83,70.651146,12.348854064941406
2023-11-22,84,92.65035,-8.650352478027344
2023-11-22,195,187.02927,7.970733642578125
2023-11-22,133,124.762054,8.237945556640625
2023-11-22,85,85.374405,-0.3744049072265625
2023-11-22,123,118.42346,4.5765380859375
2023-11-22,91,89.80009,1.1999130249023438
2023-11-22,76,67.016624,8.983375549316406
2023-11-22,133,120.345894,12.654106140136719
2023-11-22,112,97.8919,14.108100891113281
2023-11-22,143,126.86383,16.13616943359375
2023-11-22,74,122.676476,-48.676475524902344
2023-11-22,65,68.07769,-3.0776901245117188
2023-11-22,90,102.61533,-12.615333557128906
2023-11-22,148,129.21896,18.781036376953125
2023-11-22,86,92.70851,-6.7085113525390625
2023-11-22,124,104.64116,19.358840942382812
2023-11-22,91,102.34898,-11.348983764648438
2023-11-22,40,43.52828,-3.528278350830078
2023-11-22,112,129.4811,-17.481094360351562
2023-11-22,120,108.805405,11.194595336914062
2023-11-22,140,117.31927,22.68073272705078
2023-11-22,83,83.72455,-0.72454833984375
2023-11-22,103,128.81009,-25.810089111328125
2023-11-22,50,55.790993,-5.790992736816406
2023-11-22,34,23.614351,10.385648727416992
2023-11-22,183,162.3083,20.691696166992188
2023-11-22,134,129.70432,4.295684814453125
2023-11-22,149,125.95852,23.041481018066406
2023-11-22,69,65.55013,3.4498672485351562
2023-11-22,161,141.2362,19.7637939453125
2023-11-22,248,219.86656,28.133438110351562
2023-11-22,97,99.58775,-2.5877532958984375
2023-11-22,100,117.420074,-17.420074462890625
2023-11-22,204,195.60675,8.39324951171875
2023-11-22,138,144.84709,-6.8470916748046875
2023-11-22,91,84.963806,6.03619384765625
2023-11-22,111,139.25835,-28.258346557617188
2023-11-22,85,76.50038,8.499618530273438
2023-11-22,193,217.76584,-24.765838623046875
2023-11-22,96,101.34845,-5.34844970703125
2023-11-22,131,129.69244,1.30755615234375
2023-11-22,120,106.97605,13.023948669433594
2023-11-22,172,183.26256,-11.262557983398438
2023-11-22,99,124.74729,-25.747291564941406
2023-11-22,69,59.98858,9.011421203613281
2023-11-22,166,160.74048,5.259521484375
2023-11-22,65,53.64662,11.353378295898438
2023-11-22,169,149.09134,19.908660888671875
2023-11-22,89,99.28667,-10.286666870117188
2023-11-22,85,89.10783,-4.107826232910156
2023-11-22,192,212.53732,-20.537322998046875
2023-11-22,110,103.43021,6.569793701171875
2023-11-22,122,117.12385,4.876152038574219
2023-11-22,90,110.87824,-20.87824249267578
2023-11-22,43,56.725037,-13.72503662109375
2023-11-22,162,157.29916,4.700836181640625
2023-11-22,90,103.93266,-13.932662963867188
2023-11-22,68,72.238976,-4.238975524902344
2023-11-22,149,130.48436,18.515640258789062
2023-11-22,83,85.52402,-2.524017333984375
2023-11-22,154,150.36398,3.636016845703125
2023-11-22,103,124.71523,-21.715232849121094
2023-11-22,117,126.81117,-9.811172485351562
2023-11-22,48,58.496304,-10.49630355834961
2023-11-22,110,117.17261,-7.172607421875
2023-11-22,125,128.84999,-3.8499908447265625
2023-11-22,66,59.59752,6.4024810791015625
2023-11-22,65,53.436474,11.563526153564453
2023-11-22,79,88.51604,-9.516036987304688
2023-11-22,178,157.92198,20.078018188476562
2023-11-22,179,194.73836,-15.738357543945312
2023-11-22,57,60.81968,-3.8196792602539062
2023-11-22,121,138.0257,-17.02569580078125
2023-11-22,206,199.82181,6.178192138671875
2023-11-22,78,96.53614,-18.53614044189453
2023-11-22,151,127.30926,23.69074249267578
2023-11-22,66,99.84953,-33.84953308105469
2023-11-22,82,78.93128,3.0687179565429688
2023-11-22,172,141.00818,30.9918212890625
2023-11-22,98,106.24199,-8.241989135742188
2023-11-22,141,131.88278,9.117218017578125
2023-11-22,162,138.54443,23.45556640625
2023-11-22,112,125.48041,-13.48040771484375
2023-11-22,68,86.60148,-18.601478576660156
2023-11-23,71,70.17565,0.8243484497070312
2023-11-23,54,46.761463,7.238536834716797
2023-11-23,125,117.065155,7.934844970703125
2023-11-23,81,86.230446,-5.230445861816406
2023-11-23,168,138.00777,29.992233276367188
2023-11-23,66,81.412384,-15.412384033203125
2023-11-23,141,154.01146,-13.011459350585938
2023-11-23,89,94.27719,-5.277191162109375
2023-11-23,125,113.08433,11.915672302246094
2023-11-23,108,105.02109,2.978912353515625
2023-11-23,43,38.81113,4.188869476318359
2023-11-23,142,135.74376,6.2562408447265625
2023-11-23,102,97.079765,4.920234680175781
2023-11-23,127,126.04337,0.9566268920898438
2023-11-23,144,154.18854,-10.18853759765625
2023-11-23,121,114.01486,6.985137939453125
2023-11-23,71,91.90432,-20.904319763183594
2023-11-23,101,105.98308,-4.9830780029296875
2023-11-23,74,63.967205,10.032794952392578
2023-11-23,25,22.044313,2.955686569213867
2023-11-23,141,141.4534,-0.453399658203125
2023-11-23,88,86.95893,1.0410690307617188
2023-11-23,110,102.25512,7.744880676269531
2023-11-23,139,131.18047,7.8195343017578125
2023-11-23,138,138.90009,-0.90008544921875
2023-11-23,65,73.10598,-8.105979919433594
2023-11-23,136,160.86108,-24.861083984375
2023-11-23,118,105.64611,12.353889465332031
2023-11-23,107,94.32855,12.67144775390625
2023-11-23,168,204.67725,-36.67724609375
2023-11-23,130,127.07986,2.9201431274414062
2023-11-23,139,128.42415,10.575851440429688
2023-11-23,133,147.96689,-14.966888427734375
2023-11-23,88,77.51587,10.484130859375
2023-11-23,152,156.55876,-4.5587615966796875
2023-11-23,107,112.40716,-5.407157897949219
2023-11-23,143,135.35455,7.64544677734375
2023-11-23,113,117.27115,-4.271148681640625
2023-11-23,95,102.18564,-7.185638427734375
2023-11-23,73,75.37558,-2.375579833984375
2023-11-23,64,62.774467,1.2255325317382812
2023-11-23,98,78.72687,19.27313232421875
2023-11-23,117,118.296555,-1.2965545654296875
2023-11-23,122,133.90285,-11.902847290039062
2023-11-23,130,129.65627,0.3437347412109375
2023-11-23,70,77.933685,-7.933685302734375
2023-11-23,157,112.80076,44.199241638183594
2023-11-23,95,98.631485,-3.6314849853515625
2023-11-23,138,121.84953,16.150466918945312
2023-11-23,69,85.24133,-16.2413330078125
2023-11-23,77,84.46329,-7.463287353515625
2023-11-23,158,126.11687,31.883132934570312
2023-11-23,107,101.160446,5.8395538330078125
2023-11-23,129,123.42234,5.577659606933594
2023-11-23,205,205.50371,-0.5037078857421875
2023-11-23,143,139.97858,3.02142333984375
2023-11-23,97,99.9713,-2.9712982177734375
2023-11-23,84,79.22334,4.7766571044921875
2023-11-23,101,99.98696,1.0130386352539062
2023-11-23,62,61.485058,0.5149421691894531
2023-11-23,89,79.240974,9.759025573730469
2023-11-23,52,60.29525,-8.295249938964844
2023-11-23,119,112.61697,6.383033752441406
2023-11-23,199,166.88234,32.11766052246094
2023-11-23,176,161.71277,14.2872314453125
2023-11-23,144,147.86931,-3.8693084716796875
2023-11-23,115,125.61736,-10.617362976074219
2023-11-23,67,76.07181,-9.071807861328125
2023-11-23,88,89.2173,-1.2173004150390625
2023-11-23,157,176.99614,-19.996139526367188
2023-11-23,102,99.866104,2.1338958740234375
2023-11-23,214,191.45502,22.54498291015625
2023-11-23,122,131.62811,-9.62811279296875
2023-11-23,55,51.84997,3.1500282287597656
2023-11-23,69,91.63574,-22.6357421875
2023-11-23,76,70.21257,5.7874298095703125
2023-11-23,101,118.59248,-17.592483520507812
2023-11-23,91,92.59808,-1.59808349609375
2023-11-23,86,105.820244,-19.82024383544922
2023-11-23,21,36.058514,-15.058513641357422
2023-11-23,133,116.8178,16.18219757080078
2023-11-23,68,63.82133,4.178668975830078
2023-11-23,123,119.31431,3.6856918334960938
2023-11-23,113,117.61357,-4.6135711669921875
2023-11-23,176,139.51225,36.48774719238281
2023-11-23,129,132.2076,-3.2075958251953125
2023-11-23,115,129.58017,-14.580169677734375
2023-11-23,126,119.575905,6.424095153808594
2023-11-23,96,81.18629,14.813713073730469
2023-11-23,99,124.38174,-25.381736755371094
2023-11-23,67,64.28797,2.7120285034179688
2023-11-23,133,119.178795,13.821205139160156
2023-11-23,116,123.76333,-7.763328552246094
2023-11-23,72,74.7082,-2.7081985473632812
2023-11-23,167,195.7513,-28.751296997070312
2023-11-23,128,125.25782,2.7421798706054688
2023-11-23,179,179.37532,-0.3753204345703125
2023-11-23,146,130.08148,15.91851806640625
2023-11-23,84,83.66591,0.3340911865234375
2023-11-23,83,65.70843,17.29157257080078
2023-11-24,56,62.055492,-6.055492401123047
2023-11-24,68,66.956215,1.0437850952148438
2023-11-24,102,94.42957,7.570426940917969
2023-11-24,94,120.205986,-26.20598602294922
2023-11-24,70,81.17576,-11.175758361816406
2023-11-24,96,83.53394,12.466056823730469
2023-11-24,140,148.7978,-8.797805786132812
2023-11-24,163,132.52965,30.470352172851562
2023-11-24,130,118.06751,11.932487487792969
2023-11-24,89,85.584435,3.4155654907226562
2023-11-24,114,108.828674,5.17132568359375
2023-11-24,159,171.7783,-12.778305053710938
2023-11-24,53,88.271126,-35.27112579345703
2023-11-24,150,135.71432,14.285675048828125
2023-11-24,127,119.68215,7.317848205566406
2023-11-24,104,133.59633,-29.596328735351562
2023-11-24,144,140.61206,3.387939453125
2023-11-24,135,118.02357,16.97643280029297
2023-11-24,60,62.760326,-2.760326385498047
2023-11-24,54,60.11445,-6.114448547363281
2023-11-24,61,58.54362,2.456378936767578
2023-11-24,67,60.29308,6.706920623779297
2023-11-24,93,100.14963,-7.149627685546875
2023-11-24,164,154.66368,9.336318969726562
2023-11-24,85,92.94145,-7.9414520263671875
2023-11-24,74,68.08645,5.913551330566406
2023-11-24,118,112.5,5.5
2023-11-24,85,89.5904,-4.590400695800781
2023-11-24,129,128.91989,0.080108642578125
2023-11-24,85,88.6691,-3.669097900390625
2023-11-24,93,90.617195,2.3828048706054688
2023-11-24,159,152.15845,6.841552734375
2023-11-24,57,72.73622,-15.736221313476562
2023-11-24,30,37.97702,-7.977020263671875
2023-11-24,72,83.13662,-11.136619567871094
2023-11-24,64,91.968895,-27.968894958496094
2023-11-24,134,109.70412,24.295883178710938
2023-11-24,55,66.06296,-11.062957763671875
2023-11-24,81,73.71992,7.280082702636719
2023-11-24,33,45.402046,-12.402046203613281
2023-11-24,135,128.07152,6.9284820556640625
2023-11-24,75,78.21082,-3.2108230590820312
2023-11-24,117,123.767586,-6.767585754394531
2023-11-24,226,202.80212,23.1978759765625
2023-11-24,89,103.17091,-14.170913696289062
2023-11-24,67,71.439804,-4.4398040771484375
2023-11-24,118,141.44293,-23.44293212890625
2023-11-24,113,112.360466,0.6395339965820312
2023-11-24,90,93.20854,-3.2085418701171875
2023-11-24,116,131.14761,-15.147613525390625
2023-11-24,136,132.89514,3.1048583984375
2023-11-24,146,147.03806,-1.038055419921875
2023-11-24,105,135.19179,-30.191787719726562
2023-11-24,128,131.21158,-3.211578369140625
2023-11-24,75,94.30826,-19.308258056640625
2023-11-24,93,94.421684,-1.4216842651367188
2023-11-24,96,98.546,-2.5459976196289062
2023-11-24,132,119.0509,12.9490966796875
2023-11-24,95,100.03901,-5.039009094238281
2023-11-24,58,80.838005,-22.83800506591797
2023-11-24,67,67.51121,-0.5112075805664062
2023-11-24,147,127.347694,19.652305603027344
2023-11-24,78,84.203125,-6.203125
2023-11-24,107,144.07599,-37.07598876953125
2023-11-24,149,150.77002,-1.77001953125
2023-11-24,98,95.53224,2.4677581787109375
2023-11-24,159,162.45529,-3.455291748046875
2023-11-24,172,149.4807,22.519302368164062
2023-11-24,70,70.04089,-0.0408935546875
2023-11-24,96,114.645805,-18.64580535888672
2023-11-24,121,127.696556,-6.696556091308594
2023-11-24,174,191.84583,-17.8458251953125
2023-11-24,71,74.00701,-3.0070114135742188
2023-11-24,68,65.07183,2.9281692504882812
2023-11-24,29,47.08205,-18.082050323486328
2023-11-24,36,55.089832,-19.089832305908203
2023-11-24,110,111.3193,-1.3192977905273438
2023-11-24,48,43.22185,4.778148651123047
2023-11-24,143,148.17717,-5.1771697998046875
2023-11-24,39,49.65609,-10.656089782714844
2023-11-24,103,102.080025,0.9199752807617188
2023-11-24,95,96.54456,-1.5445632934570312
2023-11-24,94,89.06022,4.939781188964844
2023-11-24,177,169.99335,7.00665283203125
2023-11-24,160,127.40486,32.59513854980469
2023-11-24,157,147.52985,9.47015380859375
2023-11-24,79,125.85544,-46.855438232421875
2023-11-24,218,179.4001,38.59989929199219
2023-11-24,135,141.68913,-6.6891326904296875
2023-11-24,90,100.87839,-10.878387451171875
2023-11-24,136,121.68831,14.311691284179688
2023-11-24,108,121.933334,-13.933334350585938
2023-11-24,59,73.30446,-14.304458618164062
2023-11-24,62,60.401985,1.5980148315429688
2023-11-24,102,109.52637,-7.5263671875
2023-11-24,84,92.650215,-8.650215148925781
2023-11-24,132,131.45988,0.5401153564453125
2023-11-24,86,68.00082,17.999183654785156
2023-11-24,76,73.105225,2.894775390625
2023-11-24,124,102.76417,21.23583221435547
2023-11-25,107,91.14416,15.855842590332031
2023-11-25,75,94.955925,-19.95592498779297
2023-11-25,90,82.63246,7.3675384521484375
2023-11-25,84,95.76784,-11.767837524414062
2023-11-25,173,167.71774,5.282257080078125
2023-11-25,52,66.943504,-14.943504333496094
2023-11-25,106,101.38258,4.6174163818359375
2023-11-25,52,54.45604,-2.4560394287109375
2023-11-25,180,162.31993,17.680068969726562
2023-11-25,42,48.409557,-6.409557342529297
2023-11-25,65,58.09874,6.9012603759765625
2023-11-25,169,148.20552,20.794479370117188
2023-11-25,33,52.163418,-19.16341781616211
2023-11-25,176,144.10426,31.895736694335938
2023-11-25,59,58.945366,0.05463409423828125
2023-11-25,125,109.35622,15.643783569335938
2023-11-25,90,76.685646,13.314353942871094
2023-11-25,157,153.09567,3.904327392578125
2023-11-25,22,27.620497,-5.62049674987793
2023-11-25,68,73.9612,-5.9611968994140625
2023-11-25,78,83.67626,-5.676261901855469
2023-11-25,128,131.9239,-3.9239044189453125
2023-11-25,119,113.69405,5.305946350097656
2023-11-25,114,104.05522,9.944778442382812
2023-11-25,54,75.51494,-21.514938354492188
2023-11-25,133,119.099434,13.900566101074219
2023-11-25,124,110.78661,13.213386535644531
2023-11-25,142,142.35518,-0.3551788330078125
2023-11-25,206,164.9772,41.022796630859375
2023-11-25,128,119.410904,8.589096069335938
2023-11-25,67,74.31241,-7.312408447265625
2023-11-25,140,120.74132,19.258682250976562
2023-11-25,135,128.98984,6.010162353515625
2023-11-25,101,97.45302,3.5469818115234375
2023-11-25,93,85.58493,7.415069580078125
2023-11-25,46,47.552963,-1.5529632568359375
2023-11-25,31,46.654373,-15.654373168945312
2023-11-25,122,105.47222,16.52777862548828
2023-11-25,66,78.886284,-12.886283874511719
2023-11-25,104,107.50706,-3.5070571899414062
2023-11-25,91,88.6038,2.3962020874023438
2023-11-25,152,142.0922,9.907806396484375
2023-11-25,98,104.67717,-6.6771697998046875
2023-11-25,112,140.41647,-28.416473388671875
2023-11-25,100,118.90775,-18.907752990722656
2023-11-25,96,95.211655,0.7883453369140625
2023-11-25,121,114.09074,6.909263610839844
2023-11-25,128,116.766815,11.233184814453125
2023-11-25,144,144.48738,-0.4873809814453125
2023-11-25,125,104.24578,20.75421905517578
2023-11-25,127,149.29543,-22.295425415039062
2023-11-25,108,96.04472,11.955276489257812
2023-11-25,102,98.160446,3.8395538330078125
2023-11-25,80,88.8572,-8.857200622558594
2023-11-25,73,76.58525,-3.5852508544921875
2023-11-25,134,127.7443,6.255699157714844
2023-11-25,65,66.57777,-1.5777664184570312
2023-11-25,93,92.364265,0.6357345581054688
2023-11-25,146,125.9404,20.059600830078125
2023-11-25,91,90.41904,0.580963134765625
2023-11-25,124,113.8931,10.106903076171875
2023-11-25,87,93.2731,-6.273101806640625
2023-11-25,123,110.40725,12.592750549316406
2023-11-25,134,148.16092,-14.160919189453125
2023-11-25,87,105.86386,-18.863861083984375
2023-11-25,155,127.441635,27.558364868164062
2023-11-25,103,95.418755,7.581245422363281
2023-11-25,95,92.85889,2.14111328125
2023-11-25,91,94.79524,-3.7952423095703125
2023-11-25,50,39.979984,10.020015716552734
2023-11-25,148,140.8494,7.150604248046875
2023-11-25,119,121.71424,-2.7142410278320312
2023-11-25,82,87.83089,-5.8308868408203125
2023-11-25,57,57.949097,-0.9490966796875
2023-11-25,60,54.717777,5.282222747802734
2023-11-25,91,85.187584,5.812416076660156
2023-11-25,53,50.353172,2.6468276977539062
2023-11-25,125,120.83074,4.169258117675781
2023-11-25,92,77.189255,14.810745239257812
2023-11-25,75,81.39148,-6.3914794921875
2023-11-25,103,104.5285,-1.52850341796875
2023-11-25,108,94.707375,13.292625427246094
2023-11-25,100,96.70089,3.2991104125976562
2023-11-25,102,110.483734,-8.483734130859375
2023-11-25,146,128.95886,17.0411376953125
2023-11-25,133,109.162506,23.837493896484375
2023-11-25,124,127.76135,-3.7613525390625
2023-11-25,43,48.09246,-5.092460632324219
2023-11-25,138,141.23337,-3.233367919921875
2023-11-25,89,89.676735,-0.6767349243164062
2023-11-25,128,131.96913,-3.9691314697265625
2023-11-25,90,87.11826,2.8817367553710938
2023-11-25,72,78.17436,-6.1743621826171875
2023-11-25,30,40.928642,-10.928642272949219
2023-11-25,50,57.508884,-7.508884429931641
2023-11-25,162,151.93163,10.068374633789062
2023-11-25,97,85.54069,11.459312438964844
2023-11-25,89,99.49658,-10.49658203125
2023-11-25,85,82.85506,2.1449432373046875
2023-11-25,76,68.4432,7.556800842285156
2023-11-26,148,137.40723,10.5927734375
2023-11-26,131,128.59192,2.4080810546875
2023-11-26,178,168.95961,9.040390014648438
2023-11-26,116,121.42873,-5.4287261962890625
2023-11-26,95,113.92553,-18.92552947998047
2023-11-26,103,99.09716,3.9028396606445312
2023-11-26,86,81.224,4.7760009765625
2023-11-26,63,70.435196,-7.4351959228515625
2023-11-26,117,129.7506,-12.750595092773438
2023-11-26,85,75.67029,9.3297119140625
2023-11-26,75,113.60786,-38.60785675048828
2023-11-26,145,142.27661,2.723388671875
2023-11-26,68,108.14737,-40.147369384765625
2023-11-26,108,105.39566,2.604339599609375
2023-11-26,166,164.25444,1.7455596923828125
2023-11-26,97,112.08551,-15.08551025390625
2023-11-26,120,114.07003,5.929969787597656
2023-11-26,102,112.564995,-10.564994812011719
2023-11-26,126,127.37555,-1.37554931640625
2023-11-26,119,128.2065,-9.206497192382812
2023-11-26,30,42.028633,-12.028633117675781
2023-11-26,77,72.61166,4.388343811035156
2023-11-26,91,106.98124,-15.981239318847656
2023-11-26,73,62.87369,10.12630844116211
2023-11-26,85,102.64981,-17.649810791015625
2023-11-26,42,36.98997,5.010028839111328
2023-11-26,125,111.96533,13.03466796875
2023-11-26,150,115.03278,34.96721649169922
2023-11-26,61,88.51603,-27.516029357910156
2023-11-26,60,70.42498,-10.424980163574219
2023-11-26,91,121.64394,-30.643943786621094
2023-11-26,91,100.44249,-9.442489624023438
2023-11-26,80,86.00527,-6.005271911621094
2023-11-26,68,78.68113,-10.681129455566406
2023-11-26,105,107.996895,-2.9968948364257812
2023-11-26,88,89.01456,-1.014556884765625
2023-11-26,153,137.59488,15.405120849609375
2023-11-26,99,95.01024,3.9897613525390625
2023-11-26,105,120.30466,-15.304656982421875
2023-11-26,77,89.38042,-12.380416870117188
2023-11-26,104,95.39097,8.609031677246094
2023-11-26,89,107.76226,-18.76226043701172
2023-11-26,117,114.470085,2.5299148559570312
2023-11-26,108,121.56605,-13.566047668457031
2023-11-26,82,95.706276,-13.706275939941406
2023-11-26,84,85.90333,-1.9033279418945312
2023-11-26,75,65.98212,9.01788330078125
2023-11-26,81,73.84642,7.1535797119140625
2023-11-26,89,109.672134,-20.672134399414062
2023-11-26,48,50.3701,-2.370098114013672
2023-11-26,123,134.11223,-11.112228393554688
2023-11-26,126,90.11189,35.88810729980469
2023-11-26,87,111.14534,-24.145339965820312
2023-11-26,158,148.62779,9.372207641601562
2023-11-26,111,112.472885,-1.4728851318359375
2023-11-26,120,104.252106,15.747894287109375
2023-11-26,98,99.52942,-1.5294189453125
2023-11-26,73,74.828064,-1.82806396484375
2023-11-26,158,140.38976,17.610244750976562
2023-11-26,114,138.7693,-24.769302368164062
2023-11-26,112,110.67949,1.3205108642578125
2023-11-26,53,66.94488,-13.944877624511719
2023-11-26,67,67.52726,-0.5272598266601562
2023-11-26,124,123.389175,0.6108245849609375
2023-11-26,66,77.70839,-11.708389282226562
2023-11-26,111,104.83655,6.1634521484375
2023-11-26,184,187.20793,-3.2079315185546875
2023-11-26,49,48.87027,0.129730224609375
2023-11-26,94,95.62733,-1.6273269653320312
2023-11-26,113,126.46634,-13.466339111328125
2023-11-26,112,119.09124,-7.091239929199219
2023-11-26,108,105.851364,2.1486358642578125
2023-11-26,50,90.10973,-40.10973358154297
2023-11-26,54,56.999115,-2.999114990234375
2023-11-26,60,64.24975,-4.249748229980469
2023-11-26,91,83.58077,7.419227600097656
2023-11-26,142,137.00488,4.9951171875
2023-11-26,38,44.527607,-6.527606964111328
2023-11-26,147,137.14351,9.856491088867188
2023-11-26,84,88.85904,-4.859039306640625
2023-11-26,97,108.4416,-11.441596984863281
2023-11-26,38,49.605843,-11.605842590332031
2023-11-26,118,106.9844,11.015602111816406
2023-11-26,183,164.59673,18.403274536132812
2023-11-26,158,163.8635,-5.863494873046875
2023-11-26,112,123.879135,-11.879135131835938
2023-11-26,100,124.018524,-24.018524169921875
2023-11-26,97,102.342926,-5.342926025390625
2023-11-26,122,146.80783,-24.807830810546875
2023-11-26,209,181.5725,27.427505493164062
2023-11-26,170,174.15831,-4.1583099365234375
2023-11-26,93,100.60395,-7.603950500488281
2023-11-26,116,140.64342,-24.643417358398438
2023-11-26,66,60.866787,5.133213043212891
2023-11-26,110,134.72375,-24.7237548828125
2023-11-26,140,120.63958,19.36042022705078
2023-11-26,206,192.74338,13.256622314453125
2023-11-26,86,97.1366,-11.1365966796875
2023-11-26,135,141.59724,-6.5972442626953125
2023-11-26,95,114.090675,-19.090675354003906
2023-11-27,88,96.61605,-8.616050720214844
2023-11-27,121,110.67412,10.325881958007812
2023-11-27,144,127.237656,16.762344360351562
2023-11-27,126,127.47792,-1.4779205322265625
2023-11-27,158,142.09875,15.9012451171875
2023-11-27,114,103.55596,10.444038391113281
2023-11-27,80,93.64159,-13.641586303710938
2023-11-27,127,100.22832,26.771682739257812
2023-11-27,212,158.3844,53.6156005859375
2023-11-27,112,116.045235,-4.045234680175781
2023-11-27,103,108.023994,-5.023994445800781
2023-11-27,92,99.96792,-7.967918395996094
2023-11-27,133,133.23799,-0.2379913330078125
2023-11-27,169,166.73474,2.2652587890625
2023-11-27,137,148.8693,-11.869293212890625
2023-11-27,108,110.87155,-2.871551513671875
2023-11-27,37,57.20401,-20.204010009765625
2023-11-27,34,54.84277,-20.842769622802734
2023-11-27,167,149.4398,17.560195922851562
2023-11-27,67,67.44262,-0.44261932373046875
2023-11-27,74,93.79537,-19.795372009277344
2023-11-27,110,99.168236,10.831764221191406
2023-11-27,170,162.19182,7.8081817626953125
2023-11-27,112,113.25666,-1.2566604614257812
2023-11-27,142,133.76508,8.23492431640625
2023-11-27,140,123.06722,16.932777404785156
2023-11-27,128,114.78439,13.215606689453125
2023-11-27,198,168.42203,29.577972412109375
2023-11-27,35,31.531614,3.468385696411133
2023-11-27,63,77.92751,-14.927513122558594
2023-11-27,82,87.01928,-5.019279479980469
2023-11-27,107,110.60405,-3.6040496826171875
2023-11-27,146,135.95097,10.049026489257812
2023-11-27,47,47.31299,-0.31298828125
2023-11-27,175,181.17017,-6.170166015625
2023-11-27,100,101.672455,-1.672454833984375
2023-11-27,113,110.94589,2.054107666015625
2023-11-27,52,43.788853,8.21114730834961
2023-11-27,133,145.92229,-12.922286987304688
2023-11-27,66,83.46246,-17.46246337890625
2023-11-27,64,66.976166,-2.976165771484375
2023-11-27,62,52.84409,9.15591049194336
2023-11-27,130,116.51568,13.484321594238281
2023-11-27,152,129.35954,22.640457153320312
2023-11-27,111,93.846695,17.153305053710938
2023-11-27,95,89.32243,5.6775665283203125
2023-11-27,146,134.44594,11.554061889648438
2023-11-27,57,58.629524,-1.6295242309570312
2023-11-27,109,105.820366,3.1796340942382812
2023-11-27,152,123.25859,28.741409301757812
2023-11-27,96,99.95722,-3.9572219848632812
2023-11-27,70,86.74459,-16.744590759277344
2023-11-27,149,128.83858,20.161422729492188
2023-11-27,107,103.91118,3.0888214111328125
2023-11-27,136,167.49146,-31.491455078125
2023-11-27,94,97.854774,-3.8547744750976562
2023-11-27,78,68.4045,9.595497131347656
2023-11-27,71,66.1516,4.848396301269531
2023-11-27,82,109.74011,-27.7401123046875
2023-11-27,84,135.3648,-51.36480712890625
2023-11-27,106,117.19693,-11.196929931640625
2023-11-27,141,141.66478,-0.6647796630859375
2023-11-27,180,160.71661,19.28338623046875
2023-11-27,53,55.912838,-2.9128379821777344
2023-11-27,75,89.670364,-14.670364379882812
2023-11-27,183,154.33427,28.665725708007812
2023-11-27,105,128.96523,-23.965225219726562
2023-11-27,24,40.955082,-16.955081939697266
2023-11-27,63,78.47655,-15.476547241210938
2023-11-27,116,109.60043,6.399566650390625
2023-11-27,139,137.64566,1.354339599609375
2023-11-27,139,141.4291,-2.4290924072265625
2023-11-27,133,111.48979,21.510208129882812
2023-11-27,68,59.331642,8.668357849121094
2023-11-27,47,75.997665,-28.997665405273438
2023-11-27,97,94.23121,2.7687911987304688
2023-11-27,115,103.97748,11.02252197265625
2023-11-27,80,88.85082,-8.850822448730469
2023-11-27,151,145.48854,5.5114593505859375
2023-11-27,64,68.02239,-4.022392272949219
2023-11-27,181,178.29305,2.7069549560546875
2023-11-27,117,112.84137,4.15863037109375
2023-11-27,129,121.1641,7.835899353027344
2023-11-27,124,108.321106,15.67889404296875
2023-11-27,236,192.64597,43.354034423828125
2023-11-27,255,218.78288,36.21711730957031
2023-11-27,133,154.22316,-21.223159790039062
2023-11-27,140,139.46431,0.5356903076171875
2023-11-27,123,118.53213,4.467872619628906
2023-11-27,149,132.05193,16.948074340820312
2023-11-27,45,79.1395,-34.139503479003906
2023-11-27,98,94.41117,3.5888290405273438
2023-11-27,125,129.02551,-4.0255126953125
2023-11-27,116,118.9705,-2.9704971313476562
2023-11-27,237,233.36191,3.638092041015625
2023-11-27,142,126.85239,15.147613525390625
2023-11-27,78,64.63962,13.360382080078125
2023-11-27,103,106.7326,-3.7325973510742188
2023-11-27,101,110.61557,-9.615570068359375
2023-11-27,40,57.77974,-17.779739379882812
2023-11-28,139,111.25007,27.74993133544922
2023-11-28,58,58.302994,-0.3029937744140625
2023-11-28,41,82.906685,-41.90668487548828
2023-11-28,98,100.79499,-2.7949905395507812
2023-11-28,113,99.08595,13.914047241210938
2023-11-28,78,109.631485,-31.631484985351562
2023-11-28,120,123.48487,-3.4848709106445312
2023-11-28,149,105.08986,43.91014099121094
2023-11-28,180,147.60152,32.39848327636719
2023-11-28,99,93.86502,5.134979248046875
2023-11-28,71,70.79647,0.20352935791015625
2023-11-28,117,110.35675,6.64324951171875
2023-11-28,126,94.89313,31.10687255859375
2023-11-28,80,75.236275,4.763725280761719
2023-11-28,70,99.44577,-29.445770263671875
2023-11-28,139,129.66347,9.336532592773438
2023-11-28,124,106.947845,17.052154541015625
2023-11-28,118,112.152534,5.847465515136719
2023-11-28,66,57.29387,8.706130981445312
2023-11-28,67,70.06346,-3.0634613037109375
2023-11-28,42,35.819733,6.180267333984375
2023-11-28,30,42.87407,-12.874069213867188
2023-11-28,82,92.3054,-10.305397033691406
2023-11-28,134,132.37206,1.6279449462890625
2023-11-28,51,42.69371,8.306289672851562
2023-11-28,77,105.81604,-28.8160400390625
2023-11-28,74,83.61201,-9.612007141113281
2023-11-28,112,77.70955,34.29045104980469
2023-11-28,199,157.98059,41.0194091796875
2023-11-28,101,107.41386,-6.413856506347656
2023-11-28,95,87.01986,7.980140686035156
2023-11-28,92,83.91458,8.085418701171875
2023-11-28,94,97.563576,-3.5635757446289062
2023-11-28,69,71.48227,-2.482269287109375
2023-11-28,27,38.59095,-11.590950012207031
2023-11-28,82,79.17985,2.8201522827148438
2023-11-28,75,71.45158,3.5484237670898438
2023-11-28,87,90.44386,-3.4438629150390625
2023-11-28,79,95.94271,-16.942710876464844
2023-11-28,38,54.845974,-16.84597396850586
2023-11-28,66,69.25823,-3.2582321166992188
2023-11-28,100,91.06972,8.930282592773438
2023-11-28,101,120.65732,-19.657318115234375
2023-11-28,121,131.40967,-10.40966796875
2023-11-28,95,84.589874,10.410125732421875
2023-11-28,115,146.22118,-31.221176147460938
2023-11-28,108,93.12064,14.879356384277344
2023-11-28,77,73.39317,3.6068267822265625
2023-11-28,172,152.68407,19.315933227539062
2023-11-28,131,121.957825,9.04217529296875
2023-11-28,92,95.27971,-3.2797088623046875
2023-11-28,52,50.650887,1.3491134643554688
2023-11-28,117,99.81911,17.180892944335938
2023-11-28,147,139.89008,7.10992431640625
2023-11-28,156,173.19513,-17.19512939453125
2023-11-28,97,92.41425,4.585746765136719
2023-11-28,74,73.907684,0.092315673828125
2023-11-28,67,68.35265,-1.3526535034179688
2023-11-28,176,179.05273,-3.052734375
2023-11-28,110,136.58885,-26.588851928710938
2023-11-28,74,78.890594,-4.890594482421875
2023-11-28,90,84.593666,5.406333923339844
2023-11-28,61,71.02142,-10.02142333984375
2023-11-28,215,213.7533,1.2467041015625
2023-11-28,108,102.75059,5.249412536621094
2023-11-28,188,194.08783,-6.08782958984375
2023-11-28,113,105.15969,7.840309143066406
2023-11-28,49,51.785934,-2.7859344482421875
2023-11-28,151,139.63524,11.364761352539062
2023-11-28,144,131.32852,12.671478271484375
2023-11-28,118,100.07081,17.92919158935547
2023-11-28,108,97.582664,10.417335510253906
2023-11-28,89,80.43852,8.561477661132812
2023-11-28,104,102.308136,1.691864013671875
2023-11-28,113,114.545044,-1.5450439453125
2023-11-28,61,55.249203,5.750797271728516
2023-11-28,133,120.105896,12.89410400390625
2023-11-28,85,76.24898,8.751022338867188
2023-11-28,94,105.14874,-11.14874267578125
2023-11-28,59,87.24373,-28.243728637695312
2023-11-28,82,87.41988,-5.419883728027344
2023-11-28,92,85.80035,6.199653625488281
2023-11-28,113,119.030266,-6.030265808105469
2023-11-28,157,139.12106,17.878936767578125
2023-11-28,128,86.90276,41.09723663330078
2023-11-28,85,60.964165,24.03583526611328
2023-11-28,86,76.342476,9.657524108886719
2023-11-28,88,81.87599,6.1240081787109375
2023-11-28,119,105.94621,13.053787231445312
2023-11-28,52,58.11123,-6.111228942871094
2023-11-28,73,73.17781,-0.1778106689453125
2023-11-28,55,57.83739,-2.837390899658203
2023-11-28,122,99.5214,22.478599548339844
2023-11-28,84,84.05674,-0.05673980712890625
2023-11-28,102,127.33683,-25.336830139160156
2023-11-28,79,77.16095,1.83905029296875
2023-11-28,120,131.73187,-11.73187255859375
2023-11-28,122,108.913605,13.086395263671875
2023-11-28,47,53.82531,-6.825309753417969
2023-11-28,75,130.9727,-55.97270202636719
2023-11-29,148,119.24821,28.751792907714844
2023-11-29,62,70.79676,-8.796760559082031
2023-11-29,103,117.898254,-14.89825439453125
2023-11-29,122,124.36996,-2.3699569702148438
2023-11-29,78,76.08706,1.9129409790039062
2023-11-29,98,124.59888,-26.598876953125
2023-11-29,113,98.46167,14.538330078125
2023-11-29,97,90.50078,6.4992218017578125
2023-11-29,46,56.153263,-10.153263092041016
2023-11-29,113,113.3467,-0.34670257568359375
2023-11-29,105,108.76584,-3.765838623046875
2023-11-29,137,120.69343,16.30657196044922
2023-11-29,94,74.30629,19.693710327148438
2023-11-29,65,62.171917,2.828083038330078
2023-11-29,128,148.53049,-20.530487060546875
2023-11-29,117,108.91524,8.084762573242188
2023-11-29,99,81.75236,17.247642517089844
2023-11-29,112,121.94792,-9.947921752929688
2023-11-29,139,128.405,10.595001220703125
2023-11-29,89,95.00354,-6.0035400390625
2023-11-29,112,112.77744,-0.7774429321289062
2023-11-29,133,117.90117,15.098831176757812
2023-11-29,124,115.2375,8.762496948242188
2023-11-29,74,113.86379,-39.863792419433594
2023-11-29,85,90.92887,-5.928871154785156
2023-11-29,69,86.29078,-17.29077911376953
2023-11-29,88,78.14555,9.854446411132812
2023-11-29,113,91.08867,21.911331176757812
2023-11-29,84,110.64249,-26.642486572265625
2023-11-29,61,67.19347,-6.1934661865234375
2023-11-29,113,109.21069,3.789306640625
2023-11-29,124,104.27557,19.72442626953125
2023-11-29,64,76.77899,-12.77899169921875
2023-11-29,65,55.61054,9.389461517333984
2023-11-29,114,117.86174,-3.8617401123046875
2023-11-29,74,65.67439,8.325607299804688
2023-11-29,82,77.644905,4.355094909667969
2023-11-29,59,68.78436,-9.78436279296875
2023-11-29,52,47.406147,4.593852996826172
2023-11-29,71,85.55966,-14.559661865234375
2023-11-29,80,72.82961,7.170387268066406
2023-11-29,148,147.2645,0.735504150390625
2023-11-29,137,134.02422,2.9757843017578125
2023-11-29,128,158.3642,-30.36419677734375
2023-11-29,98,78.42375,19.576248168945312
2023-11-29,126,144.55441,-18.554412841796875
2023-11-29,149,133.84344,15.15655517578125
2023-11-29,89,79.63532,9.364677429199219
2023-11-29,204,178.2347,25.765304565429688
2023-11-29,125,130.7729,-5.7729034423828125
2023-11-29,142,142.04942,-0.0494232177734375
2023-11-29,102,100.70983,1.2901687622070312
2023-11-29,126,108.12223,17.877769470214844
2023-11-29,127,119.98707,7.012931823730469
2023-11-29,80,111.03879,-31.038787841796875
2023-11-29,184,167.62433,16.37567138671875
2023-11-29,84,80.015236,3.9847640991210938
2023-11-29,117,114.53004,2.4699630737304688
2023-11-29,122,139.10684,-17.106842041015625
2023-11-29,95,114.62278,-19.622779846191406
2023-11-29,58,64.77224,-6.772239685058594
2023-11-29,101,110.760544,-9.760543823242188
2023-11-29,140,118.00953,21.99047088623047
2023-11-29,134,142.00343,-8.003433227539062
2023-11-29,168,141.67787,26.322128295898438
2023-11-29,161,148.3088,12.691192626953125
2023-11-29,204,175.09499,28.905014038085938
2023-11-29,123,117.52295,5.47705078125
2023-11-29,55,79.943474,-24.94347381591797
2023-11-29,133,118.26909,14.730911254882812
2023-11-29,129,125.67111,3.328887939453125
2023-11-29,145,149.91069,-4.9106903076171875
2023-11-29,155,130.23337,24.766632080078125
2023-11-29,25,33.617897,-8.617897033691406
2023-11-29,85,87.50759,-2.5075912475585938
2023-11-29,81,82.17316,-1.17315673828125
2023-11-29,61,57.93777,3.0622291564941406
2023-11-29,25,23.891397,1.108602523803711
2023-11-29,86,80.78663,5.213371276855469
2023-11-29,57,71.77538,-14.775382995605469
2023-11-29,125,117.55929,7.440711975097656
2023-11-29,86,83.89586,2.1041412353515625
2023-11-29,89,78.550186,10.449813842773438
2023-11-29,120,129.46709,-9.467086791992188
2023-11-29,96,91.402626,4.597373962402344
2023-11-29,223,205.06929,17.930709838867188
2023-11-29,130,140.10532,-10.105316162109375
2023-11-29,101,92.242516,8.757484436035156
2023-11-29,129,147.08311,-18.083114624023438
2023-11-29,108,118.55626,-10.556259155273438
2023-11-29,126,116.411095,9.588905334472656
2023-11-29,111,111.477234,-0.47723388671875
2023-11-29,118,117.23697,0.763031005859375
2023-11-29,76,84.1442,-8.144203186035156
2023-11-29,158,158.93814,-0.938140869140625
2023-11-29,66,67.241776,-1.2417755126953125
2023-11-29,95,88.78968,6.210319519042969
2023-11-29,103,89.16862,13.831382751464844
2023-11-29,70,67.01188,2.9881210327148438
2023-11-29,65,107.77996,-42.77996063232422
2023-11-30,99,82.920074,16.079925537109375
2023-11-30,165,145.9075,19.092498779296875
2023-11-30,135,143.68169,-8.681686401367188
2023-11-30,125,124.93114,0.0688629150390625
2023-11-30,146,155.57243,-9.572433471679688
2023-11-30,75,73.46366,1.5363388061523438
2023-11-30,89,110.25074,-21.25074005126953
2023-11-30,113,112.37876,0.6212387084960938
2023-11-30,154,135.9339,18.06610107421875
2023-11-30,65,68.22723,-3.2272262573242188
2023-11-30,101,99.63344,1.3665618896484375
2023-11-30,117,108.67493,8.3250732421875
2023-11-30,73,69.27111,3.7288894653320312
2023-11-30,122,110.051506,11.948493957519531
2023-11-30,47,55.750603,-8.750602722167969
2023-11-30,87,93.90632,-6.906318664550781
2023-11-30,144,140.51804,3.481964111328125
2023-11-30,89,102.226585,-13.226585388183594
2023-11-30,71,69.054276,1.9457244873046875
2023-11-30,56,56.210632,-0.21063232421875
2023-11-30,116,108.328285,7.671714782714844
2023-11-30,72,62.67771,9.322288513183594
2023-11-30,91,103.489655,-12.489654541015625
2023-11-30,39,61.778477,-22.77847671508789
2023-11-30,143,140.0565,2.9434967041015625
2023-11-30,73,89.29111,-16.291107177734375
2023-11-30,71,71.75641,-0.75640869140625
2023-11-30,163,138.09795,24.902053833007812
2023-11-30,61,58.32028,2.6797218322753906
2023-11-30,99,107.58738,-8.587379455566406
2023-11-30,64,76.52674,-12.526741027832031
2023-11-30,51,39.8632,11.136798858642578
2023-11-30,154,130.9349,23.065093994140625
2023-11-30,70,81.675316,-11.675315856933594
2023-11-30,69,63.785484,5.214515686035156
2023-11-30,107,109.18062,-2.1806182861328125
2023-11-30,84,75.88248,8.117523193359375
2023-11-30,98,88.91154,9.088462829589844
2023-11-30,95,96.76046,-1.7604598999023438
2023-11-30,71,76.9641,-5.964103698730469
2023-11-30,122,105.44488,16.55512237548828
2023-11-30,77,73.30491,3.6950912475585938
2023-11-30,74,80.1583,-6.158302307128906
2023-11-30,19,37.75009,-18.750091552734375
2023-11-30,133,140.51086,-7.5108642578125
2023-11-30,102,107.7657,-5.7657012939453125
2023-11-30,137,121.02992,15.970077514648438
2023-11-30,115,120.82902,-5.829017639160156
2023-11-30,91,93.35683,-2.3568267822265625
2023-11-30,85,96.46909,-11.469093322753906
2023-11-30,140,141.74445,-1.74444580078125
2023-11-30,84,96.985245,-12.985244750976562
2023-11-30,134,116.80624,17.193763732910156
2023-11-30,120,133.01666,-13.01666259765625
2023-11-30,144,139.25972,4.7402801513671875
2023-11-30,93,107.6417,-14.641700744628906
2023-11-30,60,66.537254,-6.537254333496094
2023-11-30,62,57.940422,4.059577941894531
2023-11-30,80,69.86899,10.131011962890625
2023-11-30,116,100.51875,15.481246948242188
2023-11-30,108,100.08446,7.9155426025390625
2023-11-30,123,126.8264,-3.8264007568359375
2023-11-30,82,77.716385,4.2836151123046875
2023-11-30,152,147.32343,4.67657470703125
2023-11-30,110,115.39062,-5.390617370605469
2023-11-30,121,107.15133,13.848670959472656
2023-11-30,116,100.4806,15.519401550292969
2023-11-30,65,74.12416,-9.124160766601562
2023-11-30,126,117.8959,8.104103088378906
2023-11-30,112,117.68154,-5.681541442871094
2023-11-30,62,75.364426,-13.364425659179688
2023-11-30,110,99.316284,10.6837158203125
2023-11-30,173,146.45741,26.542587280273438
2023-11-30,97,84.2494,12.750602722167969
2023-11-30,60,64.80616,-4.806159973144531
2023-11-30,42,36.44178,5.558219909667969
2023-11-30,71,65.10171,5.898292541503906
2023-11-30,90,86.0962,3.9038009643554688
2023-11-30,91,93.54114,-2.5411376953125
2023-11-30,76,76.40498,-0.4049835205078125
2023-11-30,101,113.8464,-12.846397399902344
2023-11-30,120,124.24392,-4.243919372558594
2023-11-30,148,150.9279,-2.9279022216796875
2023-11-30,98,118.44821,-20.448211669921875
2023-11-30,115,120.62639,-5.6263885498046875
2023-11-30,146,133.09384,12.906158447265625
2023-11-30,62,60.99168,1.0083198547363281
2023-11-30,79,81.77943,-2.7794265747070312
2023-11-30,111,113.30476,-2.3047637939453125
2023-11-30,78,60.17795,17.82204818725586
2023-11-30,124,111.31351,12.686492919921875
2023-11-30,119,114.348465,4.6515350341796875
2023-11-30,161,151.3024,9.697601318359375
2023-11-30,95,95.71105,-0.7110519409179688
2023-11-30,95,79.94193,15.058067321777344
2023-11-30,74,84.46071,-10.460708618164062
2023-11-30,112,130.20386,-18.203857421875
2023-11-30,87,99.48372,-12.483718872070312
2023-11-30,56,64.767586,-8.767585754394531
2023-11-30,70,67.79944,2.2005615234375
2023-12-01,109,95.73708,13.262916564941406
2023-12-01,156,127.14969,28.850311279296875
2023-12-01,227,222.1254,4.874603271484375
2023-12-01,90,97.03051,-7.030509948730469
2023-12-01,150,134.20871,15.791290283203125
2023-12-01,69,74.209595,-5.2095947265625
2023-12-01,141,154.97014,-13.970138549804688
2023-12-01,43,55.656055,-12.656055450439453
2023-12-01,152,166.50903,-14.509033203125
2023-12-01,88,85.2556,2.7444000244140625
2023-12-01,151,148.01917,2.9808349609375
2023-12-01,67,67.732,-0.7320022583007812
2023-12-01,65,71.02595,-6.025947570800781
2023-12-01,105,114.62232,-9.622322082519531
2023-12-01,82,91.302475,-9.302474975585938
2023-12-01,145,137.19273,7.8072662353515625
2023-12-01,101,106.559395,-5.559394836425781
2023-12-01,180,173.02692,6.97308349609375
2023-12-01,91,90.60228,0.3977203369140625
2023-12-01,98,95.61653,2.3834686279296875
2023-12-01,121,132.11308,-11.113082885742188
2023-12-01,107,104.53289,2.4671096801757812
2023-12-01,121,136.38504,-15.385040283203125
2023-12-01,168,146.03195,21.968048095703125
2023-12-01,119,124.3257,-5.3256988525390625
2023-12-01,124,124.66682,-0.6668167114257812
2023-12-01,50,66.312775,-16.312774658203125
2023-12-01,85,85.1615,-0.1614990234375
2023-12-01,118,123.3621,-5.362098693847656
2023-12-01,124,130.5818,-6.5818023681640625
2023-12-01,130,129.31268,0.68731689453125
2023-12-01,110,110.539276,-0.539276123046875
2023-12-01,177,182.27847,-5.278472900390625
2023-12-01,99,97.473816,1.52618408203125
2023-12-01,149,148.22575,0.7742462158203125
2023-12-01,149,131.43192,17.568084716796875
2023-12-01,108,97.28848,10.711517333984375
2023-12-01,68,72.61617,-4.616172790527344
2023-12-01,145,131.74246,13.257537841796875
2023-12-01,58,58.03778,-0.03778076171875
2023-12-01,156,143.92189,12.078109741210938
2023-12-01,133,124.65449,8.345512390136719
2023-12-01,155,166.37033,-11.370330810546875
2023-12-01,181,165.90375,15.09625244140625
2023-12-01,162,153.13416,8.8658447265625
2023-12-01,118,114.47842,3.5215835571289062
2023-12-01,72,71.54512,0.4548797607421875
2023-12-01,71,68.43365,2.5663528442382812
2023-12-01,83,71.93744,11.06256103515625
2023-12-01,161,167.96558,-6.965576171875
2023-12-01,199,205.67964,-6.6796417236328125
2023-12-01,95,95.11254,-0.11254119873046875
2023-12-01,160,157.76222,2.2377777099609375
2023-12-01,149,146.95764,2.0423583984375
2023-12-01,108,123.22422,-15.224220275878906
2023-12-01,176,177.04152,-1.0415191650390625
2023-12-01,22,28.377857,-6.377857208251953
2023-12-01,36,36.057686,-0.05768585205078125
2023-12-01,108,137.7097,-29.709701538085938
2023-12-01,144,124.07661,19.92339324951172
2023-12-01,69,64.98057,4.019432067871094
2023-12-01,149,158.99838,-9.998382568359375
2023-12-01,96,97.23483,-1.234832763671875
2023-12-01,143,130.41254,12.58746337890625
2023-12-01,124,115.01543,8.984573364257812
2023-12-01,55,63.022137,-8.022136688232422
2023-12-01,41,61.939888,-20.93988800048828
2023-12-01,94,85.94246,8.057540893554688
2023-12-01,52,57.580257,-5.580257415771484
2023-12-01,46,56.185276,-10.18527603149414
2023-12-01,206,193.33873,12.661270141601562
2023-12-01,108,118.91037,-10.910369873046875
2023-12-01,112,117.80456,-5.804557800292969
2023-12-01,62,70.39941,-8.399406433105469
2023-12-01,61,66.16064,-5.160636901855469
2023-12-01,65,66.76782,-1.767822265625
2023-12-01,112,101.10276,10.897239685058594
2023-12-01,70,69.33126,0.6687393188476562
2023-12-01,105,106.43181,-1.4318084716796875
2023-12-01,60,71.12747,-11.127471923828125
2023-12-01,161,151.21355,9.786453247070312
2023-12-01,142,130.26617,11.73382568359375
2023-12-01,192,170.79222,21.207778930664062
2023-12-01,115,113.415825,1.5841751098632812
2023-12-01,123,133.2085,-10.20849609375
2023-12-01,174,181.30281,-7.3028106689453125
2023-12-01,102,114.696045,-12.696044921875
2023-12-01,165,159.16621,5.8337860107421875
2023-12-01,275,252.39056,22.60943603515625
2023-12-01,191,175.54062,15.459381103515625
2023-12-01,51,57.658062,-6.658061981201172
2023-12-01,72,81.70755,-9.707550048828125
2023-12-01,160,168.78214,-8.782135009765625
2023-12-01,35,33.519157,1.4808425903320312
2023-12-01,135,138.37836,-3.37835693359375
2023-12-01,156,156.64406,-0.6440582275390625
2023-12-01,156,134.20764,21.7923583984375
2023-12-01,144,127.82231,16.177688598632812
2023-12-01,83,79.93255,3.0674514770507812
2023-12-01,35,32.71731,2.2826881408691406
2023-12-02,160,139.97694,20.023056030273438
2023-12-02,83,107.42002,-24.420021057128906
2023-12-02,209,210.15073,-1.150726318359375
2023-12-02,114,119.979805,-5.979804992675781
2023-12-02,118,123.416466,-5.416465759277344
2023-12-02,138,123.35227,14.647727966308594
2023-12-02,213,204.30396,8.696044921875
2023-12-02,89,96.355415,-7.355415344238281
2023-12-02,204,185.29736,18.70263671875
2023-12-02,119,110.78194,8.218063354492188
2023-12-02,78,83.91684,-5.916839599609375
2023-12-02,137,138.08014,-1.08013916015625
2023-12-02,161,165.91222,-4.9122161865234375
2023-12-02,83,84.817345,-1.8173446655273438
2023-12-02,155,153.91046,1.08953857421875
2023-12-02,85,111.22835,-26.228347778320312
2023-12-02,48,57.64338,-9.643379211425781
2023-12-02,115,94.24913,20.750869750976562
2023-12-02,106,100.91176,5.0882415771484375
2023-12-02,140,130.22133,9.778671264648438
2023-12-02,151,122.46046,28.53954315185547
2023-12-02,143,137.33084,5.669158935546875
2023-12-02,179,188.50581,-9.505813598632812
2023-12-02,54,82.617874,-28.617874145507812
2023-12-02,97,110.95205,-13.952049255371094
2023-12-02,161,143.4779,17.5220947265625
2023-12-02,149,144.58261,4.417388916015625
2023-12-02,127,134.99794,-7.9979400634765625
2023-12-02,143,167.6997,-24.69970703125
2023-12-02,164,146.38745,17.612548828125
2023-12-02,141,141.67772,-0.6777191162109375
2023-12-02,107,105.36108,1.6389236450195312
2023-12-02,74,103.906,-29.90599822998047
2023-12-02,42,38.345615,3.6543846130371094
2023-12-02,147,138.39955,8.600448608398438
2023-12-02,94,104.11059,-10.110588073730469
2023-12-02,55,54.233,0.766998291015625
2023-12-02,161,137.36942,23.630584716796875
2023-12-02,119,122.22657,-3.2265701293945312
2023-12-02,90,90.80568,-0.8056793212890625
2023-12-02,177,149.7005,27.29949951171875
2023-12-02,126,130.8955,-4.8954925537109375
2023-12-02,209,199.39227,9.60772705078125
2023-12-02,141,140.27167,0.72833251953125
2023-12-02,162,137.86696,24.133041381835938
2023-12-02,60,74.8513,-14.851303100585938
2023-12-02,102,84.595695,17.40430450439453
2023-12-02,128,124.97342,3.026580810546875
2023-12-02,94,125.17205,-31.17205047607422
2023-12-02,100,92.17259,7.8274078369140625
2023-12-02,105,102.25177,2.74822998046875
2023-12-02,165,150.30994,14.6900634765625
2023-12-02,114,142.71666,-28.716659545898438
2023-12-02,136,126.29298,9.707023620605469
2023-12-02,110,99.70033,10.299667358398438
2023-12-02,173,169.14885,3.8511505126953125
2023-12-02,51,57.189476,-6.189476013183594
2023-12-02,90,93.78286,-3.7828598022460938
2023-12-02,221,211.9892,9.01080322265625
2023-12-02,146,117.164696,28.835304260253906
2023-12-02,30,51.86491,-21.864910125732422
2023-12-02,85,103.13448,-18.134483337402344
2023-12-02,34,50.84867,-16.848670959472656
2023-12-02,98,113.01956,-15.019561767578125
2023-12-02,92,101.70867,-9.708671569824219
2023-12-02,154,143.71123,10.288772583007812
2023-12-02,147,146.49689,0.50311279296875
2023-12-02,72,70.47306,1.5269393920898438
2023-12-02,124,123.634674,0.365325927734375
2023-12-02,130,109.695076,20.30492401123047
2023-12-02,60,68.72297,-8.722969055175781
2023-12-02,99,93.453766,5.546234130859375
2023-12-02,116,139.20564,-23.205642700195312
2023-12-02,49,49.27562,-0.2756195068359375
2023-12-02,110,103.718506,6.281494140625
2023-12-02,76,82.42064,-6.4206390380859375
2023-12-02,112,111.62986,0.37014007568359375
2023-12-02,65,78.20224,-13.202239990234375
2023-12-02,171,156.04393,14.956069946289062
2023-12-02,74,74.2368,-0.2368011474609375
2023-12-02,105,96.11677,8.883232116699219
2023-12-02,70,86.80897,-16.80896759033203
2023-12-02,90,87.4844,2.5156021118164062
2023-12-02,123,149.43536,-26.43536376953125
2023-12-02,140,159.96072,-19.960723876953125
2023-12-02,123,127.12967,-4.129669189453125
2023-12-02,95,108.35591,-13.355911254882812
2023-12-02,110,112.67935,-2.679351806640625
2023-12-02,130,139.15865,-9.158645629882812
2023-12-02,30,33.640312,-3.6403121948242188
2023-12-02,67,112.470184,-45.470184326171875
2023-12-02,151,143.86769,7.1323089599609375
2023-12-02,258,230.91814,27.081863403320312
2023-12-02,84,70.28333,13.716667175292969
2023-12-02,180,180.49359,-0.49359130859375
2023-12-02,118,124.99271,-6.992706298828125
2023-12-02,89,90.72212,-1.7221221923828125
2023-12-02,193,175.0209,17.979095458984375
2023-12-02,96,99.593216,-3.5932159423828125
2023-12-02,103,119.114784,-16.114784240722656
2023-12-03,119,121.344925,-2.3449249267578125
2023-12-03,78,95.70413,-17.704132080078125
2023-12-03,181,158.25626,22.743743896484375
2023-12-03,20,28.677864,-8.677864074707031
2023-12-03,121,130.91368,-9.913681030273438
2023-12-03,134,124.605705,9.394294738769531
2023-12-03,129,135.80035,-6.80035400390625
2023-12-03,111,103.48432,7.515678405761719
2023-12-03,162,149.83315,12.166854858398438
2023-12-03,111,99.08541,11.914588928222656
2023-12-03,75,73.437904,1.5620956420898438
2023-12-03,162,176.66786,-14.667861938476562
2023-12-03,115,120.279274,-5.279273986816406
2023-12-03,113,106.71203,6.287971496582031
2023-12-03,96,113.65198,-17.6519775390625
2023-12-03,205,177.1941,27.805892944335938
2023-12-03,126,103.344864,22.655136108398438
2023-12-03,157,155.14214,1.8578643798828125
2023-12-03,161,158.57487,2.4251251220703125
2023-12-03,70,80.82333,-10.823333740234375
2023-12-03,116,120.49709,-4.497093200683594
2023-12-03,90,92.51962,-2.519622802734375
2023-12-03,72,96.34152,-24.341522216796875
2023-12-03,114,121.39559,-7.395591735839844
2023-12-03,61,62.159824,-1.1598243713378906
2023-12-03,137,116.68775,20.31224822998047
2023-12-03,58,69.06425,-11.064247131347656
2023-12-03,119,119.53005,-0.5300521850585938
2023-12-03,67,65.67016,1.3298416137695312
2023-12-03,133,124.75911,8.240890502929688
2023-12-03,94,107.631966,-13.631965637207031
2023-12-03,102,116.812775,-14.812774658203125
2023-12-03,82,89.61769,-7.6176910400390625
2023-12-03,97,100.61453,-3.614532470703125
2023-12-03,172,164.5265,7.4734954833984375
2023-12-03,205,184.11922,20.880783081054688
2023-12-03,108,104.66505,3.3349533081054688
2023-12-03,84,78.78895,5.211051940917969
2023-12-03,104,108.57631,-4.5763092041015625
2023-12-03,43,56.933075,-13.933074951171875
2023-12-03,131,138.01433,-7.0143280029296875
2023-12-03,129,126.6556,2.3443984985351562
2023-12-03,100,102.81386,-2.8138580322265625
2023-12-03,171,148.36082,22.639175415039062
2023-12-03,125,95.632965,29.367034912109375
2023-12-03,110,128.15514,-18.155136108398438
2023-12-03,142,137.68806,4.3119354248046875
2023-12-03,106,110.8845,-4.884498596191406
2023-12-03,169,170.84929,-1.8492889404296875
2023-12-03,118,120.1294,-2.1294021606445312
2023-12-03,156,159.49554,-3.49554443359375
2023-12-03,100,117.164116,-17.16411590576172
2023-12-03,113,145.80658,-32.80657958984375
2023-12-03,185,194.38148,-9.381484985351562
2023-12-03,128,183.98506,-55.98506164550781
2023-12-03,152,136.70552,15.294479370117188
2023-12-03,91,86.046715,4.953285217285156
2023-12-03,122,119.7085,2.2914962768554688
2023-12-03,166,158.33755,7.662445068359375
2023-12-03,121,137.234,-16.233993530273438
2023-12-03,106,87.8767,18.12329864501953
2023-12-03,85,94.55481,-9.5548095703125
2023-12-03,86,95.088234,-9.088233947753906
2023-12-03,116,115.646805,0.3531951904296875
2023-12-03,76,64.8197,11.1802978515625
2023-12-03,96,93.456314,2.5436859130859375
2023-12-03,70,108.52123,-38.52123260498047
2023-12-03,39,40.84032,-1.8403205871582031
2023-12-03,118,115.14085,2.8591537475585938
2023-12-03,130,126.21439,3.7856063842773438
2023-12-03,106,87.4159,18.58409881591797
2023-12-03,121,138.17409,-17.174087524414062
2023-12-03,110,115.27496,-5.27496337890625
2023-12-03,69,80.097824,-11.097824096679688
2023-12-03,112,107.17761,4.8223876953125
2023-12-03,43,51.73403,-8.734031677246094
2023-12-03,104,103.16223,0.8377685546875
2023-12-03,63,66.04878,-3.0487823486328125
2023-12-03,39,43.521423,-4.52142333984375
2023-12-03,65,74.41331,-9.413307189941406
2023-12-03,80,92.93963,-12.939628601074219
2023-12-03,121,114.774284,6.225715637207031
2023-12-03,144,158.23044,-14.230438232421875
2023-12-03,137,135.4413,1.5587005615234375
2023-12-03,107,109.829544,-2.8295440673828125
2023-12-03,218,199.19109,18.808914184570312
2023-12-03,131,154.04898,-23.048980712890625
2023-12-03,134,133.18867,0.8113250732421875
2023-12-03,154,162.26054,-8.260543823242188
2023-12-03,131,118.20256,12.797439575195312
2023-12-03,59,63.812977,-4.812976837158203
2023-12-03,103,114.87371,-11.873710632324219
2023-12-03,104,131.98102,-27.98101806640625
2023-12-03,52,56.32665,-4.326648712158203
2023-12-03,69,88.45438,-19.454376220703125
2023-12-03,145,137.5313,7.4687042236328125
2023-12-03,118,106.778175,11.221824645996094
2023-12-03,122,124.4608,-2.4608001708984375
2023-12-03,41,64.77222,-23.772216796875
2023-12-03,80,104.15771,-24.15770721435547
2023-12-04,73,87.810585,-14.810585021972656
2023-12-04,191,179.65599,11.344009399414062
2023-12-04,134,116.76463,17.235366821289062
2023-12-04,82,87.11173,-5.111732482910156
2023-12-04,101,114.48854,-13.488540649414062
2023-12-04,99,105.9752,-6.975196838378906
2023-12-04,104,112.43698,-8.436981201171875
2023-12-04,37,48.99337,-11.993370056152344
2023-12-04,188,200.70058,-12.700576782226562
2023-12-04,116,105.34518,10.654823303222656
2023-12-04,124,116.39532,7.604682922363281
2023-12-04,146,151.9963,-5.996307373046875
2023-12-04,134,128.80675,5.1932525634765625
2023-12-04,5,24.754889,-19.7548885345459
2023-12-04,131,125.86365,5.1363525390625
2023-12-04,103,110.79456,-7.794563293457031
2023-12-04,20,26.886889,-6.88688850402832
2023-12-04,108,114.15912,-6.15911865234375
2023-12-04,60,75.49998,-15.499977111816406
2023-12-04,72,59.769337,12.230663299560547
2023-12-04,145,162.94106,-17.941055297851562
2023-12-04,194,165.11389,28.8861083984375
2023-12-04,135,117.682945,17.317054748535156
2023-12-04,102,99.69285,2.3071517944335938
2023-12-04,114,108.45424,5.5457611083984375
2023-12-04,80,88.19102,-8.191017150878906
2023-12-04,151,128.3203,22.679702758789062
2023-12-04,97,84.84832,12.151679992675781
2023-12-04,181,205.99562,-24.995620727539062
2023-12-04,201,191.93658,9.06341552734375
2023-12-04,164,151.71259,12.28741455078125
2023-12-04,114,131.18214,-17.182144165039062
2023-12-04,227,191.79541,35.20458984375
2023-12-04,118,129.27557,-11.27557373046875
2023-12-04,123,137.79317,-14.793167114257812
2023-12-04,144,132.26437,11.735626220703125
2023-12-04,110,90.29088,19.709121704101562
2023-12-04,61,61.4727,-0.4726982116699219
2023-12-04,117,119.83033,-2.8303298950195312
2023-12-04,62,69.02983,-7.0298309326171875
2023-12-04,126,124.61386,1.386138916015625
2023-12-04,162,155.50168,6.498321533203125
2023-12-04,103,98.38413,4.615867614746094
2023-12-04,78,95.019684,-17.019683837890625
2023-12-04,153,146.74356,6.256439208984375
2023-12-04,128,135.67049,-7.6704864501953125
2023-12-04,75,72.21657,2.7834320068359375
2023-12-04,197,188.81943,8.180572509765625
2023-12-04,162,193.42671,-31.426712036132812
2023-12-04,131,129.20013,1.79986572265625
2023-12-04,94,83.26838,10.731620788574219
2023-12-04,92,92.0927,-0.0926971435546875
2023-12-04,141,120.667816,20.332183837890625
2023-12-04,124,132.54366,-8.543655395507812
2023-12-04,160,166.85976,-6.8597564697265625
2023-12-04,129,166.1606,-37.16059875488281
2023-12-04,77,74.34991,2.6500930786132812
2023-12-04,54,41.38419,12.61581039428711
2023-12-04,163,176.54716,-13.547164916992188
2023-12-04,203,180.4027,22.597305297851562
2023-12-04,231,200.41818,30.581817626953125
2023-12-04,109,125.693,-16.69300079345703
2023-12-04,52,58.039436,-6.039436340332031
2023-12-04,120,99.70797,20.292030334472656
2023-12-04,30,36.423985,-6.423984527587891
2023-12-04,129,150.68031,-21.680313110351562
2023-12-04,101,107.226395,-6.2263946533203125
2023-12-04,101,95.513535,5.4864654541015625
2023-12-04,59,94.656525,-35.656524658203125
2023-12-04,36,51.408604,-15.40860366821289
2023-12-04,102,81.91211,20.087890625
2023-12-04,109,117.45378,-8.453781127929688
2023-12-04,112,97.68793,14.31207275390625
2023-12-04,102,98.00356,3.9964370727539062
2023-12-04,89,82.79604,6.203956604003906
2023-12-04,94,97.93101,-3.9310073852539062
2023-12-04,78,71.040436,6.959564208984375
2023-12-04,88,82.31852,5.681480407714844
2023-12-04,136,132.70284,3.2971649169921875
2023-12-04,4,36.126484,-32.12648391723633
2023-12-04,186,176.99498,9.005020141601562
2023-12-04,93,85.3422,7.657798767089844
2023-12-04,87,92.83053,-5.830528259277344
2023-12-04,93,90.49619,2.5038070678710938
2023-12-04,61,75.44045,-14.440452575683594
2023-12-04,80,89.93509,-9.935089111328125
2023-12-04,100,99.60432,0.39568328857421875
2023-12-04,115,116.28813,-1.2881317138671875
2023-12-04,147,184.34605,-37.34605407714844
2023-12-04,111,106.48999,4.510009765625
2023-12-04,120,125.231125,-5.2311248779296875
2023-12-04,101,100.46801,0.5319900512695312
2023-12-04,127,122.18151,4.818489074707031
2023-12-04,97,93.09851,3.9014892578125
2023-12-04,105,111.85046,-6.850456237792969
2023-12-04,83,106.41464,-23.414642333984375
2023-12-04,112,121.08294,-9.082939147949219
2023-12-04,68,61.921467,6.078533172607422
2023-12-04,77,94.98417,-17.984169006347656
2023-12-04,85,100.479774,-15.479774475097656
2023-12-05,24,32.676025,-8.676025390625
2023-12-05,127,128.19939,-1.1993865966796875
2023-12-05,133,126.41618,6.5838165283203125
2023-12-05,133,124.36984,8.630157470703125
2023-12-05,132,132.14317,-0.1431732177734375
2023-12-05,112,113.56518,-1.5651779174804688
2023-12-05,66,70.053665,-4.0536651611328125
2023-12-05,121,155.92123,-34.921234130859375
2023-12-05,181,185.19547,-4.195465087890625
2023-12-05,95,94.336655,0.6633453369140625
2023-12-05,61,81.76594,-20.76593780517578
2023-12-05,34,41.08411,-7.084110260009766
2023-12-05,45,75.83361,-30.83361053466797
2023-12-05,85,81.03868,3.9613189697265625
2023-12-05,52,61.795666,-9.795665740966797
2023-12-05,225,215.67131,9.328689575195312
2023-12-05,86,93.76935,-7.76934814453125
2023-12-05,145,138.71008,6.2899169921875
2023-12-05,71,68.5128,2.4871978759765625
2023-12-05,110,125.5423,-15.54229736328125
2023-12-05,113,115.52599,-2.5259933471679688
2023-12-05,102,112.135056,-10.135055541992188
2023-12-05,82,69.66507,12.334930419921875
2023-12-05,208,209.85855,-1.858551025390625
2023-12-05,163,169.35532,-6.355316162109375
2023-12-05,158,139.10405,18.895950317382812
2023-12-05,44,55.96829,-11.96828842163086
2023-12-05,235,216.63637,18.363632202148438
2023-12-05,89,97.6375,-8.637496948242188
2023-12-05,67,53.289722,13.710277557373047
2023-12-05,135,149.73895,-14.73895263671875
2023-12-05,75,76.46185,-1.46185302734375
2023-12-05,91,121.8268,-30.826797485351562
2023-12-05,97,98.22262,-1.2226181030273438
2023-12-05,118,111.7224,6.2776031494140625
2023-12-05,189,177.70168,11.298324584960938
2023-12-05,39,54.833347,-15.83334732055664
2023-12-05,107,100.13819,6.861808776855469
2023-12-05,170,144.30898,25.691024780273438
2023-12-05,54,70.851715,-16.851715087890625
2023-12-05,88,97.307724,-9.307723999023438
2023-12-05,120,126.1385,-6.138496398925781
2023-12-05,90,95.39973,-5.399726867675781
2023-12-05,159,146.87845,12.121551513671875
2023-12-05,163,128.38443,34.615570068359375
2023-12-05,59,56.30713,2.69287109375
2023-12-05,102,115.68799,-13.68798828125
2023-12-05,83,63.68676,19.31324005126953
2023-12-05,118,119.44237,-1.4423675537109375
2023-12-05,97,90.818344,6.1816558837890625
2023-12-05,59,90.4232,-31.423202514648438
2023-12-05,57,52.25506,4.744941711425781
2023-12-05,138,146.1064,-8.106399536132812
2023-12-05,121,118.42262,2.5773773193359375
2023-12-05,96,90.49111,5.508888244628906
2023-12-05,100,149.45265,-49.45265197753906
2023-12-05,41,43.91729,-2.9172897338867188
2023-12-05,92,92.35112,-0.3511199951171875
2023-12-05,121,111.16775,9.832252502441406
2023-12-05,128,150.01427,-22.014266967773438
2023-12-05,117,110.607864,6.3921356201171875
2023-12-05,163,179.15645,-16.156448364257812
2023-12-05,91,100.57281,-9.572807312011719
2023-12-05,4,42.536213,-38.53621292114258
2023-12-05,185,175.89212,9.107879638671875
2023-12-05,81,88.39786,-7.397857666015625
2023-12-05,39,47.257935,-8.2579345703125
2023-12-05,130,128.91568,1.084320068359375
2023-12-05,175,159.66357,15.33642578125
2023-12-05,55,52.60958,2.3904190063476562
2023-12-05,145,154.67982,-9.679824829101562
2023-12-05,130,146.50336,-16.50335693359375
2023-12-05,196,221.95634,-25.956344604492188
2023-12-05,59,59.048374,-0.048374176025390625
2023-12-05,98,102.806175,-4.806175231933594
2023-12-05,106,113.007744,-7.007743835449219
2023-12-05,148,131.09975,16.900253295898438
2023-12-05,62,58.31111,3.6888885498046875
2023-12-05,170,134.13591,35.86408996582031
2023-12-05,125,146.08275,-21.082748413085938
2023-12-05,119,138.96538,-19.965377807617188
2023-12-05,88,93.07057,-5.0705718994140625
2023-12-05,127,121.00342,5.99658203125
2023-12-05,117,100.615395,16.384605407714844
2023-12-05,118,127.683395,-9.683395385742188
2023-12-05,173,149.65483,23.345169067382812
2023-12-05,58,54.46763,3.5323715209960938
2023-12-05,212,190.38562,21.6143798828125
2023-12-05,69,102.17299,-33.17298889160156
2023-12-05,78,86.74255,-8.7425537109375
2023-12-05,114,110.28152,3.7184829711914062
2023-12-05,57,62.791767,-5.791767120361328
2023-12-05,161,206.62244,-45.6224365234375
2023-12-05,99,100.21611,-1.2161102294921875
2023-12-05,75,90.77606,-15.77606201171875
2023-12-05,87,104.21378,-17.213783264160156
2023-12-05,92,110.866974,-18.866973876953125
2023-12-05,176,160.44934,15.5506591796875
2023-12-05,86,84.91167,1.0883331298828125
2023-12-05,151,167.5159,-16.515899658203125
2023-12-06,142,120.14295,21.85704803466797
2023-12-06,114,106.85392,7.146080017089844
2023-12-06,183,183.37479,-0.374786376953125
2023-12-06,152,151.16763,0.832366943359375
2023-12-06,111,139.31949,-28.319488525390625
2023-12-06,190,191.13889,-1.138885498046875
2023-12-06,138,159.24663,-21.246627807617188
2023-12-06,61,72.61187,-11.611869812011719
2023-12-06,37,57.45485,-20.454849243164062
2023-12-06,126,132.83109,-6.831085205078125
2023-12-06,136,129.24226,6.7577362060546875
2023-12-06,118,109.80808,8.191917419433594
2023-12-06,136,155.07977,-19.07977294921875
2023-12-06,78,82.020325,-4.02032470703125
2023-12-06,73,69.10029,3.8997116088867188
2023-12-06,100,111.95163,-11.951629638671875
2023-12-06,161,149.17831,11.821685791015625
2023-12-06,100,117.83025,-17.83025360107422
2023-12-06,93,93.664444,-0.6644439697265625
2023-12-06,68,81.19997,-13.199966430664062
2023-12-06,143,133.7258,9.274200439453125
2023-12-06,85,77.79674,7.2032623291015625
2023-12-06,193,181.99806,11.001937866210938
2023-12-06,125,94.61537,30.384628295898438
2023-12-06,145,129.0657,15.934295654296875
2023-12-06,86,101.37047,-15.370468139648438
2023-12-06,135,155.7638,-20.7637939453125
2023-12-06,181,163.69298,17.307022094726562
2023-12-06,91,103.015816,-12.015815734863281
2023-12-06,110,115.19383,-5.1938323974609375
2023-12-06,47,36.266056,10.733943939208984
2023-12-06,85,76.52791,8.472091674804688
2023-12-06,111,146.6316,-35.63160705566406
2023-12-06,109,109.44858,-0.448577880859375
2023-12-06,132,109.13996,22.86003875732422
2023-12-06,81,99.95256,-18.952560424804688
2023-12-06,120,112.06824,7.9317626953125
2023-12-06,163,162.49321,0.5067901611328125
2023-12-06,155,157.74309,-2.7430877685546875
2023-12-06,52,67.94529,-15.945289611816406
2023-12-06,64,68.04126,-4.041259765625
2023-12-06,128,127.12702,0.8729782104492188
2023-12-06,148,141.23344,6.7665557861328125
2023-12-06,222,211.81424,10.185760498046875
2023-12-06,68,92.517044,-24.517044067382812
2023-12-06,191,176.88307,14.116928100585938
2023-12-06,98,95.11878,2.8812179565429688
2023-12-06,108,141.38544,-33.38543701171875
2023-12-06,265,230.88004,34.119964599609375
2023-12-06,182,145.75581,36.24418640136719
2023-12-06,215,202.30206,12.69793701171875
2023-12-06,72,75.515816,-3.5158157348632812
2023-12-06,80,115.144554,-35.144554138183594
2023-12-06,94,86.998795,7.0012054443359375
2023-12-06,144,144.48659,-0.4865875244140625
2023-12-06,109,132.23572,-23.2357177734375
2023-12-06,142,123.18049,18.81951141357422
2023-12-06,97,95.393196,1.6068038940429688
2023-12-06,174,173.07486,0.925140380859375
2023-12-06,182,171.93532,10.064682006835938
2023-12-06,65,71.11915,-6.119148254394531
2023-12-06,97,91.29194,5.708061218261719
2023-12-06,168,158.41841,9.581588745117188
2023-12-06,217,198.72908,18.270919799804688
2023-12-06,154,151.96521,2.0347900390625
2023-12-06,169,155.27037,13.729629516601562
2023-12-06,201,207.64584,-6.645843505859375
2023-12-06,58,67.8113,-9.811302185058594
2023-12-06,271,217.28894,53.7110595703125
2023-12-06,143,138.93192,4.068084716796875
2023-12-06,183,174.89388,8.106124877929688
2023-12-06,137,138.63632,-1.636322021484375
2023-12-06,120,117.5503,2.4496994018554688
2023-12-06,24,29.037172,-5.037172317504883
2023-12-06,95,82.749825,12.250175476074219
2023-12-06,57,65.611824,-8.611824035644531
2023-12-06,117,115.30897,1.6910324096679688
2023-12-06,100,110.72453,-10.724533081054688
2023-12-06,94,79.33809,14.661911010742188
2023-12-06,79,92.20392,-13.20391845703125
2023-12-06,126,111.717804,14.282196044921875
2023-12-06,128,122.985054,5.014945983886719
2023-12-06,118,127.94069,-9.940689086914062
2023-12-06,208,223.49892,-15.498916625976562
2023-12-06,186,172.07094,13.929061889648438
2023-12-06,199,175.93106,23.068939208984375
2023-12-06,205,192.20087,12.79913330078125
2023-12-06,172,133.19731,38.80268859863281
2023-12-06,199,202.57542,-3.5754241943359375
2023-12-06,61,78.84861,-17.848609924316406
2023-12-06,151,143.96191,7.0380859375
2023-12-06,83,81.11243,1.8875732421875
2023-12-06,122,139.94823,-17.948226928710938
2023-12-06,126,125.28552,0.7144775390625
2023-12-06,132,132.99747,-0.997467041015625
2023-12-06,76,111.28926,-35.28926086425781
2023-12-06,117,138.00677,-21.00677490234375
2023-12-06,118,129.53793,-11.537933349609375
2023-12-06,128,122.580894,5.419105529785156
2023-12-06,48,88.54207,-40.54206848144531
2023-12-07,131,119.7744,11.225601196289062
2023-12-07,154,136.2052,17.7947998046875
2023-12-07,123,126.66391,-3.663909912109375
2023-12-07,87,98.395905,-11.395904541015625
2023-12-07,130,131.7591,-1.75909423828125
2023-12-07,85,100.245995,-15.245994567871094
2023-12-07,127,156.03273,-29.032730102539062
2023-12-07,108,97.740295,10.25970458984375
2023-12-07,188,168.81174,19.188262939453125
2023-12-07,47,39.292343,7.7076568603515625
2023-12-07,120,133.37077,-13.370773315429688
2023-12-07,176,161.21649,14.78350830078125
2023-12-07,83,107.60993,-24.60993194580078
2023-12-07,59,58.70644,0.2935600280761719
2023-12-07,54,75.47866,-21.478660583496094
2023-12-07,235,205.0896,29.910400390625
2023-12-07,73,77.996445,-4.9964447021484375
2023-12-07,143,133.86255,9.137451171875
2023-12-07,107,97.33421,9.665786743164062
2023-12-07,83,79.06062,3.9393768310546875
2023-12-07,161,147.21045,13.78955078125
2023-12-07,69,64.343254,4.656745910644531
2023-12-07,99,106.74529,-7.745292663574219
2023-12-07,137,165.88052,-28.880523681640625
2023-12-07,63,70.56991,-7.569908142089844
2023-12-07,161,189.13263,-28.13262939453125
2023-12-07,112,123.33693,-11.336929321289062
2023-12-07,153,136.1042,16.895797729492188
2023-12-07,186,170.9256,15.07440185546875
2023-12-07,133,137.77495,-4.7749481201171875
2023-12-07,159,193.48169,-34.481689453125
2023-12-07,110,107.01434,2.98565673828125
2023-12-07,96,130.25517,-34.25517272949219
2023-12-07,46,52.694992,-6.6949920654296875
2023-12-07,101,128.51254,-27.512542724609375
2023-12-07,187,180.83789,6.162109375
2023-12-07,108,103.384674,4.615325927734375
2023-12-07,102,91.6048,10.39520263671875
2023-12-07,110,129.07916,-19.07916259765625
2023-12-07,36,55.2148,-19.214801788330078
2023-12-07,51,64.82519,-13.825187683105469
2023-12-07,105,113.551834,-8.551834106445312
2023-12-07,178,177.56233,0.4376678466796875
2023-12-07,102,115.31516,-13.315162658691406
2023-12-07,83,72.509674,10.490325927734375
2023-12-07,111,124.65494,-13.654937744140625
2023-12-07,152,176.39537,-24.395370483398438
2023-12-07,124,116.84053,7.1594696044921875
2023-12-07,179,156.91447,22.085525512695312
2023-12-07,109,84.17306,24.826942443847656
2023-12-07,169,170.53802,-1.53802490234375
2023-12-07,93,78.48724,14.51275634765625
2023-12-07,132,140.29004,-8.2900390625
2023-12-07,42,46.290787,-4.2907867431640625
2023-12-07,70,92.63557,-22.63556671142578
2023-12-07,103,104.60438,-1.6043777465820312
2023-12-07,34,48.785267,-14.785266876220703
2023-12-07,48,57.50598,-9.5059814453125
2023-12-07,143,126.21985,16.7801513671875
2023-12-07,175,146.2118,28.788192749023438
2023-12-07,131,120.005844,10.994155883789062
2023-12-07,78,85.9501,-7.950103759765625
2023-12-07,79,87.41503,-8.415031433105469
2023-12-07,208,192.65137,15.3486328125
2023-12-07,100,101.34323,-1.343231201171875
2023-12-07,177,177.41776,-0.417755126953125
2023-12-07,160,166.60732,-6.6073150634765625
2023-12-07,51,56.584465,-5.584465026855469
2023-12-07,187,189.4611,-2.4611053466796875
2023-12-07,180,146.55293,33.44706726074219
2023-12-07,190,182.88568,7.11431884765625
2023-12-07,116,117.71416,-1.7141571044921875
2023-12-07,165,161.67932,3.3206787109375
2023-12-07,54,59.52263,-5.5226287841796875
2023-12-07,34,52.146725,-18.146724700927734
2023-12-07,102,99.297905,2.7020950317382812
2023-12-07,76,79.94616,-3.9461593627929688
2023-12-07,85,77.97816,7.021842956542969
2023-12-07,77,86.3418,-9.341796875
2023-12-07,85,90.97194,-5.9719390869140625
2023-12-07,174,160.92859,13.0714111328125
2023-12-07,34,45.429573,-11.429573059082031
2023-12-07,113,126.63373,-13.63372802734375
2023-12-07,100,93.62671,6.373291015625
2023-12-07,120,86.81795,33.18205261230469
2023-12-07,230,204.08694,25.913055419921875
2023-12-07,142,157.26329,-15.263290405273438
2023-12-07,189,134.4215,54.57850646972656
2023-12-07,171,161.06761,9.932388305664062
2023-12-07,125,112.848495,12.151504516601562
2023-12-07,94,114.63278,-20.632781982421875
2023-12-07,92,82.13125,9.868751525878906
2023-12-07,96,114.577835,-18.577835083007812
2023-12-07,92,91.06375,0.936248779296875
2023-12-07,78,90.43289,-12.432891845703125
2023-12-07,96,96.93092,-0.9309234619140625
2023-12-07,84,107.46019,-23.460189819335938
2023-12-07,131,119.54514,11.454856872558594
2023-12-07,51,55.15123,-4.1512298583984375
2023-12-07,69,89.80315,-20.803146362304688
2023-12-08,147,124.43254,22.567459106445312
2023-12-08,129,129.46815,-0.4681549072265625
2023-12-08,92,82.07106,9.928939819335938
2023-12-08,99,90.664764,8.335235595703125
2023-12-08,125,127.95539,-2.9553909301757812
2023-12-08,195,186.26567,8.734329223632812
2023-12-08,141,148.41974,-7.41973876953125
2023-12-08,103,98.85647,4.143531799316406
2023-12-08,330,231.98102,98.01898193359375
2023-12-08,105,104.00392,0.9960784912109375
2023-12-08,51,60.941162,-9.941162109375
2023-12-08,153,136.66133,16.338668823242188
2023-12-08,103,110.79736,-7.79736328125
2023-12-08,140,126.236984,13.763015747070312
2023-12-08,73,76.66946,-3.6694564819335938
2023-12-08,88,110.96772,-22.96772003173828
2023-12-08,123,132.67302,-9.673019409179688
2023-12-08,86,97.35578,-11.355781555175781
2023-12-08,71,68.703316,2.2966842651367188
2023-12-08,68,59.70558,8.294418334960938
2023-12-08,116,108.04394,7.956062316894531
2023-12-08,80,74.13076,5.869239807128906
2023-12-08,117,107.821396,9.178604125976562
2023-12-08,74,73.94734,0.0526580810546875
2023-12-08,86,77.54928,8.450721740722656
2023-12-08,176,167.88933,8.110671997070312
2023-12-08,105,100.680016,4.319984436035156
2023-12-08,95,100.45472,-5.454719543457031
2023-12-08,166,121.013916,44.986083984375
2023-12-08,122,122.68964,-0.68963623046875
2023-12-08,139,126.92237,12.077629089355469
2023-12-08,71,66.79523,4.20477294921875
2023-12-08,61,69.75572,-8.755722045898438
2023-12-08,106,106.84087,-0.8408737182617188
2023-12-08,96,90.3422,5.657798767089844
2023-12-08,131,137.16284,-6.162841796875
2023-12-08,69,61.024563,7.975437164306641
2023-12-08,70,56.844337,13.155662536621094
2023-12-08,142,118.60979,23.390213012695312
2023-12-08,92,85.86753,6.132469177246094
2023-12-08,127,128.65802,-1.65802001953125
2023-12-08,20,18.756502,1.2434978485107422
2023-12-08,66,66.90488,-0.904876708984375
2023-12-08,73,92.64473,-19.644729614257812
2023-12-08,132,131.9963,0.003692626953125
2023-12-08,116,133.88832,-17.888320922851562
2023-12-08,143,137.95271,5.0472869873046875
2023-12-08,54,47.813206,6.186794281005859
2023-12-08,183,143.28331,39.71669006347656
2023-12-08,176,148.52933,27.470672607421875
2023-12-08,120,147.1644,-27.164398193359375
2023-12-08,78,78.98392,-0.983917236328125
2023-12-08,140,119.97982,20.020179748535156
2023-12-08,79,93.202415,-14.202415466308594
2023-12-08,49,73.589066,-24.589065551757812
2023-12-08,156,178.067,-22.067001342773438
2023-12-08,110,96.15382,13.846183776855469
2023-12-08,70,63.808662,6.191337585449219
2023-12-08,106,96.887,9.112998962402344
2023-12-08,146,147.94029,-1.9402923583984375
2023-12-08,189,179.24051,9.759490966796875
2023-12-08,93,88.96112,4.03887939453125
2023-12-08,68,71.89268,-3.8926773071289062
2023-12-08,133,98.07181,34.928192138671875
2023-12-08,33,36.1781,-3.1781005859375
2023-12-08,125,159.61215,-34.612152099609375
2023-12-08,128,122.69885,5.3011474609375
2023-12-08,42,55.888783,-13.888782501220703
2023-12-08,161,143.19687,17.803131103515625
2023-12-08,77,82.90796,-5.907958984375
2023-12-08,92,93.03343,-1.0334320068359375
2023-12-08,97,91.91776,5.082237243652344
2023-12-08,85,77.61592,7.3840789794921875
2023-12-08,66,67.90386,-1.9038619995117188
2023-12-08,51,55.266594,-4.266593933105469
2023-12-08,138,132.55722,5.442779541015625
2023-12-08,88,85.143,2.8570022583007812
2023-12-08,91,91.730064,-0.7300643920898438
2023-12-08,90,94.75376,-4.753761291503906
2023-12-08,122,120.12444,1.8755569458007812
2023-12-08,163,158.52809,4.4719085693359375
2023-12-08,119,91.50183,27.4981689453125
2023-12-08,104,103.75591,0.24408721923828125
2023-12-08,123,110.02415,12.975852966308594
2023-12-08,178,153.28244,24.717559814453125
2023-12-08,121,126.18016,-5.1801605224609375
2023-12-08,151,152.75836,-1.75836181640625
2023-12-08,54,41.11224,12.887760162353516
2023-12-08,175,153.87532,21.124679565429688
2023-12-08,124,115.51031,8.489692687988281
2023-12-08,117,123.082115,-6.082115173339844
2023-12-08,58,62.217545,-4.2175445556640625
2023-12-08,122,128.29617,-6.296173095703125
2023-12-08,96,100.91792,-4.9179229736328125
2023-12-08,77,74.14451,2.8554916381835938
2023-12-08,133,148.4721,-15.47210693359375
2023-12-08,51,50.332462,0.6675376892089844
2023-12-08,176,145.95811,30.041885375976562
2023-12-08,60,56.183292,3.8167076110839844
2023-12-08,116,103.34786,12.652137756347656
2023-12-09,99,100.03792,-1.0379180908203125
2023-12-09,95,93.594536,1.4054641723632812
2023-12-09,162,153.86694,8.133056640625
2023-12-09,78,73.70794,4.292060852050781
2023-12-09,79,75.02853,3.9714736938476562
2023-12-09,116,120.09749,-4.0974884033203125
2023-12-09,113,95.02376,17.976242065429688
2023-12-09,120,106.98734,13.012657165527344
2023-12-09,125,81.872536,43.127464294433594
2023-12-09,61,85.24938,-24.24938201904297
2023-12-09,82,81.34194,0.6580581665039062
2023-12-09,159,140.93446,18.065536499023438
2023-12-09,45,50.683475,-5.683475494384766
2023-12-09,123,90.90811,32.091888427734375
2023-12-09,65,59.141983,5.8580169677734375
2023-12-09,132,147.16635,-15.166351318359375
2023-12-09,77,97.660774,-20.66077423095703
2023-12-09,152,150.30858,1.6914215087890625
2023-12-09,59,57.216366,1.7836341857910156
2023-12-09,61,69.439255,-8.439254760742188
2023-12-09,113,119.37541,-6.3754119873046875
2023-12-09,106,108.91041,-2.9104080200195312
2023-12-09,146,120.96935,25.03064727783203
2023-12-09,168,160.2503,7.74969482421875
2023-12-09,75,85.28199,-10.281990051269531
2023-12-09,146,152.93405,-6.934051513671875
2023-12-09,53,50.224987,2.775012969970703
2023-12-09,76,92.63653,-16.63652801513672
2023-12-09,159,134.95073,24.049270629882812
2023-12-09,193,181.2985,11.701507568359375
2023-12-09,163,177.23767,-14.2376708984375
2023-12-09,109,94.00236,14.997642517089844
2023-12-09,94,110.3595,-16.3594970703125
2023-12-09,117,126.689156,-9.689155578613281
2023-12-09,106,108.97479,-2.97479248046875
2023-12-09,143,154.3296,-11.329605102539062
2023-12-09,66,73.91998,-7.91998291015625
2023-12-09,120,123.873024,-3.8730239868164062
2023-12-09,161,142.7102,18.289794921875
2023-12-09,88,105.15016,-17.150161743164062
2023-12-09,95,104.707085,-9.707084655761719
2023-12-09,102,98.01087,3.9891281127929688
2023-12-09,124,117.58582,6.414176940917969
2023-12-09,141,117.41134,23.588661193847656
2023-12-09,89,82.759895,6.240104675292969
2023-12-09,155,179.61813,-24.618133544921875
2023-12-09,110,87.11354,22.886459350585938
2023-12-09,102,92.929565,9.0704345703125
2023-12-09,140,127.26752,12.73248291015625
2023-12-09,108,143.77283,-35.7728271484375
2023-12-09,69,63.217983,5.782016754150391
2023-12-09,85,70.69232,14.30767822265625
2023-12-09,93,95.39169,-2.391693115234375
2023-12-09,137,137.13287,-0.13287353515625
2023-12-09,50,48.854923,1.1450767517089844
2023-12-09,53,61.389946,-8.389945983886719
2023-12-09,35,54.869556,-19.869556427001953
2023-12-09,56,60.033684,-4.033683776855469
2023-12-09,67,70.397,-3.397003173828125
2023-12-09,106,153.96274,-47.962738037109375
2023-12-09,101,118.226364,-17.226364135742188
2023-12-09,82,76.377045,5.622955322265625
2023-12-09,93,103.66041,-10.660408020019531
2023-12-09,160,141.50531,18.49468994140625
2023-12-09,104,93.729836,10.270164489746094
2023-12-09,96,109.49951,-13.49951171875
2023-12-09,198,184.6826,13.317398071289062
2023-12-09,63,63.738995,-0.7389945983886719
2023-12-09,123,116.624374,6.3756256103515625
2023-12-09,250,232.23619,17.763809204101562
2023-12-09,124,132.95343,-8.95343017578125
2023-12-09,81,88.268265,-7.2682647705078125
2023-12-09,127,123.07917,3.9208297729492188
2023-12-09,137,138.5503,-1.55029296875
2023-12-09,87,88.09405,-1.0940475463867188
2023-12-09,84,86.40784,-2.4078369140625
2023-12-09,145,158.21602,-13.216018676757812
2023-12-09,88,91.912346,-3.9123458862304688
2023-12-09,117,108.99397,8.006027221679688
2023-12-09,106,101.6585,4.341499328613281
2023-12-09,6,40.86449,-34.8644905090332
2023-12-09,88,87.70562,0.29438018798828125
2023-12-09,92,90.82012,1.1798782348632812
2023-12-09,60,64.87692,-4.876922607421875
2023-12-09,55,43.830578,11.169422149658203
2023-12-09,95,110.08195,-15.081947326660156
2023-12-09,74,72.16957,1.8304290771484375
2023-12-09,96,102.56283,-6.562828063964844
2023-12-09,158,144.06985,13.930145263671875
2023-12-09,118,125.746796,-7.746795654296875
2023-12-09,88,99.59723,-11.59722900390625
2023-12-09,82,86.173454,-4.173454284667969
2023-12-09,123,104.810715,18.189285278320312
2023-12-09,117,99.08624,17.91375732421875
2023-12-09,67,73.205284,-6.205284118652344
2023-12-09,59,80.034424,-21.034423828125
2023-12-09,36,79.990486,-43.99048614501953
2023-12-09,108,86.93327,21.066726684570312
2023-12-09,44,48.23988,-4.239879608154297
2023-12-09,48,96.09996,-48.09996032714844
2023-12-10,127,124.72384,2.2761611938476562
2023-12-10,143,134.43765,8.562347412109375
2023-12-10,201,197.32484,3.6751556396484375
2023-12-10,93,88.5716,4.428398132324219
2023-12-10,100,81.688644,18.311355590820312
2023-12-10,110,115.76286,-5.7628631591796875
2023-12-10,82,89.032234,-7.032234191894531
2023-12-10,74,76.61179,-2.6117935180664062
2023-12-10,220,181.25235,38.747650146484375
2023-12-10,107,112.76728,-5.767280578613281
2023-12-10,79,82.45727,-3.4572677612304688
2023-12-10,169,163.38971,5.61029052734375
2023-12-10,101,100.600006,0.399993896484375
2023-12-10,196,176.40042,19.599578857421875
2023-12-10,69,73.02196,-4.0219573974609375
2023-12-10,68,66.62398,1.3760223388671875
2023-12-10,133,110.86083,22.13916778564453
2023-12-10,177,152.90517,24.094833374023438
2023-12-10,108,96.85522,11.144783020019531
2023-12-10,52,66.063614,-14.063613891601562
2023-12-10,198,162.01228,35.98771667480469
2023-12-10,96,100.80811,-4.808113098144531
2023-12-10,154,161.78415,-7.784149169921875
2023-12-10,154,107.35015,46.64984893798828
2023-12-10,97,101.24131,-4.241310119628906
2023-12-10,115,128.42096,-13.42095947265625
2023-12-10,132,118.648346,13.351654052734375
2023-12-10,106,109.41604,-3.4160385131835938
2023-12-10,92,85.23212,6.76788330078125
2023-12-10,188,210.60986,-22.60986328125
2023-12-10,124,131.8756,-7.8755950927734375
2023-12-10,128,141.74124,-13.741241455078125
2023-12-10,68,82.438126,-14.438125610351562
2023-12-10,135,144.87712,-9.877120971679688
2023-12-10,70,67.44076,2.5592422485351562
2023-12-10,105,110.63582,-5.6358184814453125
2023-12-10,113,103.574234,9.425765991210938
2023-12-10,130,109.20636,20.79364013671875
2023-12-10,120,127.85243,-7.8524322509765625
2023-12-10,48,60.258736,-12.258735656738281
2023-12-10,105,100.887436,4.1125640869140625
2023-12-10,125,111.31296,13.687042236328125
2023-12-10,134,159.0977,-25.097702026367188
2023-12-10,71,65.3494,5.650596618652344
2023-12-10,99,96.26148,2.7385177612304688
2023-12-10,110,108.303535,1.6964645385742188
2023-12-10,174,159.77762,14.222381591796875
2023-12-10,114,103.00614,10.993858337402344
2023-12-10,165,143.02986,21.970138549804688
2023-12-10,146,175.25937,-29.259368896484375
2023-12-10,67,106.553925,-39.553924560546875
2023-12-10,73,80.74992,-7.7499237060546875
2023-12-10,149,129.39731,19.602691650390625
2023-12-10,142,156.2693,-14.269302368164062
2023-12-10,93,90.36808,2.6319198608398438
2023-12-10,97,102.04338,-5.0433807373046875
2023-12-10,74,63.533226,10.466773986816406
2023-12-10,104,101.80202,2.1979827880859375
2023-12-10,107,95.664154,11.335845947265625
2023-12-10,60,74.36077,-14.360771179199219
2023-12-10,75,76.08001,-1.0800094604492188
2023-12-10,128,109.02737,18.972633361816406
2023-12-10,44,59.70176,-15.701759338378906
2023-12-10,125,108.80226,16.197738647460938
2023-12-10,104,90.872635,13.127365112304688
2023-12-10,145,139.55887,5.441131591796875
2023-12-10,139,134.793,4.207000732421875
2023-12-10,57,61.711803,-4.711803436279297
2023-12-10,137,136.37447,0.6255340576171875
2023-12-10,139,138.1004,0.89959716796875
2023-12-10,75,86.85019,-11.850189208984375
2023-12-10,88,92.098495,-4.0984954833984375
2023-12-10,79,74.20887,4.791130065917969
2023-12-10,66,63.235294,2.7647056579589844
2023-12-10,53,49.93427,3.0657310485839844
2023-12-10,71,68.0949,2.9050979614257812
2023-12-10,77,65.32681,11.673187255859375
2023-12-10,91,90.52657,0.47342681884765625
2023-12-10,121,108.09677,12.903228759765625
2023-12-10,22,46.955902,-24.955902099609375
2023-12-10,206,183.00966,22.990341186523438
2023-12-10,101,92.31124,8.688758850097656
2023-12-10,95,98.783104,-3.7831039428710938
2023-12-10,68,63.67839,4.3216094970703125
2023-12-10,51,60.10305,-9.103050231933594
2023-12-10,88,128.81424,-40.814239501953125
2023-12-10,124,127.16131,-3.1613082885742188
2023-12-10,110,118.6357,-8.635696411132812
2023-12-10,124,131.0731,-7.0731048583984375
2023-12-10,134,149.6377,-15.6376953125
2023-12-10,44,74.014465,-30.01446533203125
2023-12-10,82,88.73794,-6.737937927246094
2023-12-10,119,107.66433,11.335670471191406
2023-12-10,101,101.93141,-0.9314117431640625
2023-12-10,57,53.7622,3.2378005981445312
2023-12-10,88,86.81224,1.1877593994140625
2023-12-10,57,73.98556,-16.985557556152344
2023-12-10,106,93.04799,12.952011108398438
2023-12-10,111,98.75247,12.247528076171875
2023-12-10,77,106.5946,-29.59459686279297
2023-12-11,67,89.20101,-22.201011657714844
2023-12-11,43,60.45075,-17.450748443603516
2023-12-11,203,171.90608,31.093917846679688
2023-12-11,101,91.77565,9.224349975585938
2023-12-11,99,104.90745,-5.907447814941406
2023-12-11,88,87.613464,0.38653564453125
2023-12-11,79,114.40545,-35.40544891357422
2023-12-11,105,102.22039,2.7796096801757812
2023-12-11,84,94.75082,-10.750816345214844
2023-12-11,103,110.56227,-7.5622711181640625
2023-12-11,92,90.02753,1.97247314453125
2023-12-11,116,120.67853,-4.67852783203125
2023-12-11,100,94.14183,5.8581695556640625
2023-12-11,91,80.294266,10.705734252929688
2023-12-11,86,81.29772,4.702278137207031
2023-12-11,89,81.968346,7.031654357910156
2023-12-11,136,134.94592,1.0540771484375
2023-12-11,55,61.757145,-6.757144927978516
2023-12-11,45,52.56909,-7.569091796875
2023-12-11,105,94.98258,10.017417907714844
2023-12-11,69,105.14636,-36.1463623046875
2023-12-11,115,105.554115,9.445884704589844
2023-12-11,95,102.0647,-7.064697265625
2023-12-11,136,105.72156,30.2784423828125
2023-12-11,63,61.792023,1.207977294921875
2023-12-11,125,123.06926,1.9307403564453125
2023-12-11,131,148.42418,-17.424179077148438
2023-12-11,71,79.86299,-8.862991333007812
2023-12-11,152,137.83354,14.166458129882812
2023-12-11,135,144.11569,-9.115692138671875
2023-12-11,82,81.51879,0.48120880126953125
2023-12-11,142,151.35907,-9.35906982421875
2023-12-11,144,125.771774,18.228225708007812
2023-12-11,80,105.08279,-25.082786560058594
2023-12-11,62,61.93208,0.06792068481445312
2023-12-11,67,78.48019,-11.480186462402344
2023-12-11,132,106.058784,25.94121551513672
2023-12-11,103,107.70764,-4.7076416015625
2023-12-11,84,77.36163,6.63836669921875
2023-12-11,140,118.102196,21.897804260253906
2023-12-11,103,95.46801,7.531990051269531
2023-12-11,96,96.83387,-0.8338699340820312
2023-12-11,126,125.957146,0.04285430908203125
2023-12-11,157,147.42087,9.579132080078125
2023-12-11,74,75.716545,-1.7165451049804688
2023-12-11,119,108.0607,10.939300537109375
2023-12-11,167,173.11711,-6.1171112060546875
2023-12-11,72,80.32492,-8.324920654296875
2023-12-11,167,141.41351,25.58648681640625
2023-12-11,77,124.15363,-47.15363311767578
2023-12-11,146,149.89682,-3.896820068359375
2023-12-11,54,71.424614,-17.42461395263672
2023-12-11,94,86.38251,7.61749267578125
2023-12-11,198,201.97447,-3.9744720458984375
2023-12-11,78,71.90409,6.095909118652344
2023-12-11,112,99.46735,12.53265380859375
2023-12-11,61,57.001743,3.9982566833496094
2023-12-11,78,78.51994,-0.5199432373046875
2023-12-11,122,114.53471,7.4652862548828125
2023-12-11,106,112.6621,-6.662101745605469
2023-12-11,80,91.76159,-11.761589050292969
2023-12-11,84,71.84775,12.152252197265625
2023-12-11,79,82.244896,-3.2448959350585938
2023-12-11,69,61.25531,7.74468994140625
2023-12-11,150,110.891,39.10900115966797
2023-12-11,63,73.03651,-10.036506652832031
2023-12-11,89,103.88894,-14.888938903808594
2023-12-11,48,52.29898,-4.298980712890625
2023-12-11,192,168.31258,23.687423706054688
2023-12-11,59,70.63405,-11.634048461914062
2023-12-11,113,108.1069,4.893096923828125
2023-12-11,89,110.5741,-21.5740966796875
2023-12-11,128,117.26578,10.734222412109375
2023-12-11,82,92.257454,-10.257453918457031
2023-12-11,30,40.07007,-10.070068359375
2023-12-11,70,67.97322,2.0267791748046875
2023-12-11,36,42.666103,-6.666103363037109
2023-12-11,98,103.10608,-5.1060791015625
2023-12-11,87,88.197784,-1.197784423828125
2023-12-11,107,105.44151,1.5584869384765625
2023-12-11,121,120.017624,0.9823760986328125
2023-12-11,77,77.67061,-0.6706085205078125
2023-12-11,85,124.15926,-39.159263610839844
2023-12-11,140,137.75533,2.2446746826171875
2023-12-11,58,55.189243,2.8107566833496094
2023-12-11,85,80.191376,4.808624267578125
2023-12-11,46,106.615166,-60.61516571044922
2023-12-11,35,53.9022,-18.902198791503906
2023-12-11,68,70.96828,-2.9682769775390625
2023-12-11,52,100.4857,-48.48570251464844
2023-12-11,112,120.910515,-8.910514831542969
2023-12-11,140,130.24377,9.7562255859375
2023-12-11,134,122.117226,11.882774353027344
2023-12-11,119,126.46881,-7.46881103515625
2023-12-11,50,52.646168,-2.646167755126953
2023-12-11,78,64.1429,13.857101440429688
2023-12-11,69,76.219376,-7.2193756103515625
2023-12-11,74,88.61328,-14.61328125
2023-12-11,94,86.54223,7.457771301269531
2023-12-11,67,71.67416,-4.674156188964844
2023-12-12,161,158.88898,2.11102294921875
2023-12-12,130,136.524,-6.5240020751953125
2023-12-12,181,158.22946,22.770538330078125
2023-12-12,151,170.12059,-19.120590209960938
2023-12-12,198,184.38939,13.610610961914062
2023-12-12,151,156.86353,-5.863525390625
2023-12-12,55,110.63825,-55.63825225830078
2023-12-12,165,140.92886,24.071136474609375
2023-12-12,285,279.3246,5.6754150390625
2023-12-12,94,100.086266,-6.086265563964844
2023-12-12,85,88.74292,-3.742919921875
2023-12-12,89,142.17361,-53.173614501953125
2023-12-12,65,63.877193,1.1228065490722656
2023-12-12,73,102.52566,-29.525657653808594
2023-12-12,95,98.54147,-3.541473388671875
2023-12-12,132,111.56488,20.43511962890625
2023-12-12,194,172.03214,21.967864990234375
2023-12-12,161,162.26941,-1.2694091796875
2023-12-12,100,109.8537,-9.85369873046875
2023-12-12,65,71.188576,-6.188575744628906
2023-12-12,101,110.791115,-9.791114807128906
2023-12-12,65,68.423096,-3.423095703125
2023-12-12,104,116.79572,-12.795722961425781
2023-12-12,131,178.36484,-47.364837646484375
2023-12-12,86,96.074875,-10.074874877929688
2023-12-12,100,107.49874,-7.498741149902344
2023-12-12,59,86.68338,-27.683380126953125
2023-12-12,64,75.25902,-11.259017944335938
2023-12-12,244,187.57909,56.42091369628906
2023-12-12,140,138.81656,1.183441162109375
2023-12-12,108,130.24562,-22.245620727539062
2023-12-12,96,88.597435,7.402565002441406
2023-12-12,61,73.588425,-12.588424682617188
2023-12-12,93,89.65353,3.3464736938476562
2023-12-12,116,95.4243,20.575698852539062
2023-12-12,98,96.41914,1.5808563232421875
2023-12-12,103,111.64262,-8.642616271972656
2023-12-12,76,64.47902,11.520980834960938
2023-12-12,174,159.48546,14.514541625976562
2023-12-12,71,76.614525,-5.614524841308594
2023-12-12,147,149.15404,-2.1540374755859375
2023-12-12,242,196.09213,45.907867431640625
2023-12-12,100,111.86199,-11.861991882324219
2023-12-12,91,111.43768,-20.43768310546875
2023-12-12,119,116.64163,2.358367919921875
2023-12-12,136,126.871605,9.128395080566406
2023-12-12,121,116.6749,4.325103759765625
2023-12-12,151,132.58542,18.414581298828125
2023-12-12,150,143.44821,6.551788330078125
2023-12-12,129,165.84761,-36.84761047363281
2023-12-12,97,102.79219,-5.7921905517578125
2023-12-12,79,75.84371,3.1562881469726562
2023-12-12,137,115.35509,21.644912719726562
2023-12-12,167,176.54729,-9.547286987304688
2023-12-12,87,83.15993,3.8400726318359375
2023-12-12,165,152.85522,12.144775390625
2023-12-12,117,110.04672,6.953277587890625
2023-12-12,77,74.51195,2.4880523681640625
2023-12-12,77,92.50165,-15.50164794921875
2023-12-12,109,132.19012,-23.19012451171875
2023-12-12,146,136.11827,9.881729125976562
2023-12-12,99,113.205696,-14.205696105957031
2023-12-12,97,91.62313,5.376869201660156
2023-12-12,134,153.74673,-19.746734619140625
2023-12-12,136,107.404854,28.59514617919922
2023-12-12,100,112.09219,-12.092193603515625
2023-12-12,120,143.6971,-23.697097778320312
2023-12-12,117,105.00212,11.997879028320312
2023-12-12,142,149.649,-7.6490020751953125
2023-12-12,96,118.790085,-22.790084838867188
2023-12-12,93,100.92709,-7.927093505859375
2023-12-12,138,143.28767,-5.2876739501953125
2023-12-12,157,125.816,31.183998107910156
2023-12-12,65,81.05359,-16.0535888671875
2023-12-12,35,43.070316,-8.070316314697266
2023-12-12,86,73.54959,12.450408935546875
2023-12-12,49,78.65536,-29.655357360839844
2023-12-12,26,36.467167,-10.467166900634766
2023-12-12,132,118.11592,13.884078979492188
2023-12-12,64,68.804504,-4.80450439453125
2023-12-12,125,128.97002,-3.9700164794921875
2023-12-12,158,145.86528,12.134719848632812
2023-12-12,123,111.565216,11.434783935546875
2023-12-12,71,83.72376,-12.723762512207031
2023-12-12,187,173.72131,13.2786865234375
2023-12-12,193,182.43777,10.562225341796875
2023-12-12,156,179.80621,-23.80621337890625
2023-12-12,237,199.58524,37.414764404296875
2023-12-12,160,184.56662,-24.566619873046875
2023-12-12,175,172.08553,2.9144744873046875
2023-12-12,81,96.58848,-15.588478088378906
2023-12-12,92,96.450035,-4.450035095214844
2023-12-12,89,98.31997,-9.319969177246094
2023-12-12,102,128.09258,-26.092575073242188
2023-12-12,99,100.27525,-1.2752532958984375
2023-12-12,122,109.620605,12.37939453125
2023-12-12,203,183.5886,19.411407470703125
2023-12-12,82,79.73523,2.2647705078125
2023-12-12,86,76.47591,9.524093627929688
2023-12-12,62,95.05979,-33.059791564941406
2023-12-13,40,57.40711,-17.407108306884766
2023-12-13,177,160.13281,16.8671875
2023-12-13,130,160.41333,-30.413330078125
2023-12-13,90,89.94785,0.05214691162109375
2023-12-13,69,93.058044,-24.05804443359375
2023-12-13,113,134.14355,-21.1435546875
2023-12-13,168,142.67935,25.320648193359375
2023-12-13,102,112.14801,-10.14801025390625
2023-12-13,281,281.16968,-0.169677734375
2023-12-13,92,90.23028,1.7697219848632812
2023-12-13,75,77.83761,-2.8376083374023438
2023-12-13,107,121.710724,-14.710723876953125
2023-12-13,77,72.04646,4.9535369873046875
2023-12-13,139,151.64012,-12.640121459960938
2023-12-13,31,36.776226,-5.776226043701172
2023-12-13,145,133.21484,11.78515625
2023-12-13,96,88.10427,7.895729064941406
2023-12-13,142,146.56578,-4.5657806396484375
2023-12-13,172,166.00494,5.99505615234375
2023-12-13,124,115.50876,8.491241455078125
2023-12-13,158,165.03044,-7.0304412841796875
2023-12-13,99,121.79725,-22.79724884033203
2023-12-13,62,87.09766,-25.09765625
2023-12-13,114,151.05408,-37.0540771484375
2023-12-13,103,120.39512,-17.395118713378906
2023-12-13,140,154.33867,-14.338668823242188
2023-12-13,113,122.65647,-9.656471252441406
2023-12-13,159,175.46802,-16.468017578125
2023-12-13,182,142.68437,39.31562805175781
2023-12-13,167,168.96696,-1.9669647216796875
2023-12-13,141,125.12005,15.879951477050781
2023-12-13,98,84.31642,13.683578491210938
2023-12-13,183,189.75842,-6.7584228515625
2023-12-13,86,98.77788,-12.777877807617188
2023-12-13,97,111.39825,-14.398246765136719
2023-12-13,84,74.06178,9.938217163085938
2023-12-13,132,115.22239,16.777610778808594
2023-12-13,148,136.05852,11.941482543945312
2023-12-13,205,220.0846,-15.0845947265625
2023-12-13,73,71.92895,1.0710525512695312
2023-12-13,57,73.93239,-16.932388305664062
2023-12-13,210,209.04399,0.9560089111328125
2023-12-13,153,171.99641,-18.996414184570312
2023-12-13,170,148.4517,21.548294067382812
2023-12-13,63,99.064644,-36.06464385986328
2023-12-13,123,134.82358,-11.823577880859375
2023-12-13,115,105.230995,9.769004821777344
2023-12-13,85,96.49505,-11.495048522949219
2023-12-13,239,264.44067,-25.440673828125
2023-12-13,144,125.81118,18.188819885253906
2023-12-13,103,98.228096,4.771903991699219
2023-12-13,89,85.99507,3.0049285888671875
2023-12-13,117,123.705475,-6.705474853515625
2023-12-13,104,115.21457,-11.214569091796875
2023-12-13,90,97.1201,-7.1201019287109375
2023-12-13,74,59.431805,14.568195343017578
2023-12-13,87,89.31297,-2.3129730224609375
2023-12-13,80,75.24656,4.753440856933594
2023-12-13,153,227.3047,-74.30470275878906
2023-12-13,199,154.90019,44.09980773925781
2023-12-13,125,129.34097,-4.340972900390625
2023-12-13,188,165.28122,22.718780517578125
2023-12-13,110,105.55976,4.440238952636719
2023-12-13,64,76.09402,-12.094017028808594
2023-12-13,116,129.15775,-13.157745361328125
2023-12-13,89,117.51098,-28.51097869873047
2023-12-13,61,76.14656,-15.146560668945312
2023-12-13,98,94.74321,3.2567901611328125
2023-12-13,178,193.95932,-15.959320068359375
2023-12-13,118,127.65499,-9.654991149902344
2023-12-13,122,119.39148,2.6085205078125
2023-12-13,105,94.45776,10.542236328125
2023-12-13,194,160.01314,33.98686218261719
2023-12-13,87,94.94702,-7.947021484375
2023-12-13,68,71.41685,-3.4168472290039062
2023-12-13,85,80.91405,4.0859527587890625
2023-12-13,111,125.11571,-14.115707397460938
2023-12-13,72,84.039444,-12.039443969726562
2023-12-13,78,108.6773,-30.67729949951172
2023-12-13,61,71.05777,-10.057769775390625
2023-12-13,160,161.73384,-1.7338409423828125
2023-12-13,65,79.92941,-14.929412841796875
2023-12-13,118,118.69853,-0.6985321044921875
2023-12-13,149,149.33351,-0.3335113525390625
2023-12-13,112,129.5936,-17.593597412109375
2023-12-13,175,168.15791,6.8420867919921875
2023-12-13,158,139.48198,18.518020629882812
2023-12-13,103,97.997635,5.0023651123046875
2023-12-13,251,250.57217,0.427825927734375
2023-12-13,68,54.137524,13.862476348876953
2023-12-13,129,124.837364,4.162635803222656
2023-12-13,95,95.18492,-0.1849212646484375
2023-12-13,128,140.27654,-12.276535034179688
2023-12-13,94,100.06592,-6.06591796875
2023-12-13,48,77.53882,-29.538818359375
2023-12-13,118,110.46909,7.530906677246094
2023-12-13,155,129.20624,25.79376220703125
2023-12-13,145,122.332794,22.667205810546875
2023-12-13,126,135.10353,-9.103530883789062
2023-12-13,96,95.20257,0.7974319458007812
2023-12-14,75,85.363075,-10.363075256347656
2023-12-14,111,113.96064,-2.9606399536132812
2023-12-14,133,138.11954,-5.119537353515625
2023-12-14,85,80.29508,4.704917907714844
2023-12-14,181,188.7286,-7.728607177734375
2023-12-14,162,152.87495,9.125045776367188
2023-12-14,68,74.024185,-6.0241851806640625
2023-12-14,86,93.48298,-7.482978820800781
2023-12-14,102,129.40137,-27.4013671875
2023-12-14,79,78.475784,0.5242156982421875
2023-12-14,44,53.04829,-9.048290252685547
2023-12-14,94,79.60143,14.398567199707031
2023-12-14,100,106.91455,-6.91455078125
2023-12-14,186,178.60931,7.39068603515625
2023-12-14,99,145.5475,-46.54750061035156
2023-12-14,171,146.21745,24.782546997070312
2023-12-14,107,87.30683,19.69316864013672
2023-12-14,140,143.90778,-3.90777587890625
2023-12-14,63,64.5599,-1.5598983764648438
2023-12-14,72,66.883415,5.116584777832031
2023-12-14,164,155.088,8.912002563476562
2023-12-14,168,151.3092,16.6907958984375
2023-12-14,102,101.735954,0.26404571533203125
2023-12-14,110,103.89807,6.1019287109375
2023-12-14,184,169.33777,14.6622314453125
2023-12-14,203,178.14548,24.854522705078125
2023-12-14,38,53.53899,-15.538990020751953
2023-12-14,215,186.33609,28.663909912109375
2023-12-14,193,189.03793,3.962066650390625
2023-12-14,149,145.83298,3.167022705078125
2023-12-14,123,128.0699,-5.0699005126953125
2023-12-14,130,112.80532,17.194679260253906
2023-12-14,73,66.50056,6.499443054199219
2023-12-14,129,130.37134,-1.371337890625
2023-12-14,118,130.74203,-12.742034912109375
2023-12-14,86,90.411644,-4.411643981933594
2023-12-14,65,67.94382,-2.943817138671875
2023-12-14,175,129.08626,45.91374206542969
2023-12-14,43,67.60891,-24.608909606933594
2023-12-14,76,74.28885,1.711151123046875
2023-12-14,74,89.13859,-15.138587951660156
2023-12-14,79,79.271454,-0.271453857421875
2023-12-14,146,142.02269,3.9773101806640625
2023-12-14,127,103.73364,23.266357421875
2023-12-14,115,110.99911,4.000892639160156
2023-12-14,65,70.50026,-5.5002593994140625
2023-12-14,109,96.54608,12.45391845703125
2023-12-14,166,163.26498,2.735015869140625
2023-12-14,130,103.620575,26.379425048828125
2023-12-14,79,94.24792,-15.247917175292969
2023-12-14,138,138.2886,-0.288604736328125
2023-12-14,82,83.72102,-1.7210235595703125
2023-12-14,102,137.26749,-35.267486572265625
2023-12-14,124,127.68028,-3.6802825927734375
2023-12-14,73,100.00086,-27.00086212158203
2023-12-14,86,84.38861,1.61138916015625
2023-12-14,88,86.41498,1.58502197265625
2023-12-14,58,65.30613,-7.306129455566406
2023-12-14,112,114.26759,-2.2675933837890625
2023-12-14,118,79.07866,38.92134094238281
2023-12-14,99,91.284035,7.715965270996094
2023-12-14,143,116.62014,26.379859924316406
2023-12-14,106,100.78557,5.2144317626953125
2023-12-14,116,119.90951,-3.9095077514648438
2023-12-14,96,94.77048,1.229522705078125
2023-12-14,95,106.202415,-11.202415466308594
2023-12-14,138,124.25611,13.743888854980469
2023-12-14,111,110.45665,0.5433502197265625
2023-12-14,93,108.211365,-15.21136474609375
2023-12-14,106,101.72668,4.273323059082031
2023-12-14,62,55.813362,6.186637878417969
2023-12-14,97,99.32474,-2.324737548828125
2023-12-14,186,160.75447,25.245529174804688
2023-12-14,92,94.85061,-2.8506088256835938
2023-12-14,96,101.686325,-5.6863250732421875
2023-12-14,47,47.87583,-0.8758316040039062
2023-12-14,173,146.33817,26.661834716796875
2023-12-14,82,97.43625,-15.436248779296875
2023-12-14,131,123.75112,7.248878479003906
2023-12-14,47,61.503277,-14.503276824951172
2023-12-14,72,69.52792,2.472076416015625
2023-12-14,165,140.30455,24.695449829101562
2023-12-14,36,43.81788,-7.817878723144531
2023-12-14,198,171.90927,26.090728759765625
2023-12-14,129,122.94304,6.0569610595703125
2023-12-14,131,130.05043,0.9495697021484375
2023-12-14,46,60.070087,-14.070087432861328
2023-12-14,182,180.31769,1.68231201171875
2023-12-14,124,107.20637,16.79363250732422
2023-12-14,201,165.24086,35.75914001464844
2023-12-14,92,94.841156,-2.841156005859375
2023-12-14,56,57.75684,-1.7568397521972656
2023-12-14,175,193.41666,-18.416656494140625
2023-12-14,142,148.57256,-6.5725555419921875
2023-12-14,121,157.21884,-36.218841552734375
2023-12-14,159,130.45639,28.543609619140625
2023-12-14,144,119.46824,24.531761169433594
2023-12-14,175,185.01437,-10.014373779296875
2023-12-14,63,79.201546,-16.20154571533203
2023-12-14,85,82.480095,2.5199050903320312
2023-12-15,69,69.75685,-0.7568511962890625
2023-12-15,188,153.72807,34.27192687988281
2023-12-15,71,70.83477,0.16522979736328125
2023-12-15,104,94.467064,9.532936096191406
2023-12-15,136,150.71692,-14.7169189453125
2023-12-15,157,147.37,9.6300048828125
2023-12-15,100,100.830475,-0.830474853515625
2023-12-15,152,147.43082,4.569183349609375
2023-12-15,214,180.2601,33.739898681640625
2023-12-15,111,104.91708,6.082916259765625
2023-12-15,42,47.09185,-5.091850280761719
2023-12-15,124,125.48167,-1.4816665649414062
2023-12-15,122,101.420616,20.579383850097656
2023-12-15,100,84.596,15.403999328613281
2023-12-15,49,60.27069,-11.27069091796875
2023-12-15,49,33.265076,15.73492431640625
2023-12-15,111,100.01672,10.9832763671875
2023-12-15,128,131.24985,-3.249847412109375
2023-12-15,84,67.13393,16.866073608398438
2023-12-15,64,59.597443,4.402557373046875
2023-12-15,182,180.4758,1.524200439453125
2023-12-15,147,118.855385,28.144615173339844
2023-12-15,91,76.092186,14.907814025878906
2023-12-15,116,99.981895,16.018104553222656
2023-12-15,147,153.3822,-6.3822021484375
2023-12-15,255,214.62036,40.379638671875
2023-12-15,105,104.570206,0.4297943115234375
2023-12-15,211,201.14894,9.851058959960938
2023-12-15,130,110.66651,19.33348846435547
2023-12-15,94,94.775925,-0.7759246826171875
2023-12-15,135,131.56557,3.4344329833984375
2023-12-15,110,96.32659,13.673408508300781
2023-12-15,173,166.00705,6.992950439453125
2023-12-15,97,103.160675,-6.160675048828125
2023-12-15,83,101.52449,-18.524490356445312
2023-12-15,182,159.80322,22.19677734375
2023-12-15,129,122.89824,6.1017608642578125
2023-12-15,213,154.96254,58.03746032714844
2023-12-15,129,118.066055,10.933944702148438
2023-12-15,76,72.32176,3.6782379150390625
2023-12-15,137,120.6266,16.373397827148438
2023-12-15,118,114.03641,3.963592529296875
2023-12-15,50,32.796402,17.203598022460938
2023-12-15,143,119.075195,23.9248046875
2023-12-15,110,126.44135,-16.44135284423828
2023-12-15,97,104.5857,-7.585700988769531
2023-12-15,164,157.40623,6.5937652587890625
2023-12-15,192,193.48727,-1.487274169921875
2023-12-15,97,85.385254,11.61474609375
2023-12-15,51,66.21562,-15.215621948242188
2023-12-15,104,92.61938,11.380622863769531
2023-12-15,113,111.3213,1.6787033081054688
2023-12-15,105,111.56369,-6.563690185546875
2023-12-15,97,110.72169,-13.721687316894531
2023-12-15,49,87.14676,-38.146759033203125
2023-12-15,123,114.45768,8.542320251464844
2023-12-15,91,82.9231,8.076896667480469
2023-12-15,45,45.03422,-0.034221649169921875
2023-12-15,54,51.18608,2.8139190673828125
2023-12-15,172,136.43665,35.5633544921875
2023-12-15,203,173.1881,29.811904907226562
2023-12-15,155,128.55527,26.444732666015625
2023-12-15,145,118.70383,26.296173095703125
2023-12-15,88,73.88127,14.118728637695312
2023-12-15,179,171.57881,7.4211883544921875
2023-12-15,50,65.52095,-15.520950317382812
2023-12-15,15,39.112896,-24.112895965576172
2023-12-15,50,64.06651,-14.066513061523438
2023-12-15,74,81.079155,-7.079154968261719
2023-12-15,129,100.34634,28.653663635253906
2023-12-15,108,102.216064,5.783935546875
2023-12-15,108,108.97153,-0.971527099609375
2023-12-15,117,99.05776,17.942237854003906
2023-12-15,41,44.794636,-3.794635772705078
2023-12-15,50,57.313824,-7.313823699951172
2023-12-15,62,59.37951,2.6204910278320312
2023-12-15,209,170.27,38.72999572753906
2023-12-15,51,54.372776,-3.3727760314941406
2023-12-15,120,103.14815,16.851852416992188
2023-12-15,56,55.110138,0.889862060546875
2023-12-15,175,153.08255,21.917449951171875
2023-12-15,119,114.49303,4.5069732666015625
2023-12-15,119,106.66297,12.337028503417969
2023-12-15,105,89.339645,15.660354614257812
2023-12-15,93,114.14387,-21.14386749267578
2023-12-15,48,60.117218,-12.117218017578125
2023-12-15,73,73.17183,-0.1718292236328125
2023-12-15,37,74.72348,-37.723480224609375
2023-12-15,111,118.08777,-7.0877685546875
2023-12-15,75,76.0927,-1.0926971435546875
2023-12-15,132,111.131195,20.868804931640625
2023-12-15,77,68.15672,8.843276977539062
2023-12-15,104,103.45224,0.547760009765625
2023-12-15,52,57.97689,-5.976890563964844
2023-12-15,93,86.53408,6.465919494628906
2023-12-15,25,20.83887,4.161130905151367
2023-12-15,55,58.255806,-3.2558059692382812
2023-12-15,171,151.31993,19.680068969726562
2023-12-15,112,102.02631,9.973686218261719
2023-12-15,116,88.21717,27.78282928466797
2023-12-16,70,87.57243,-17.572433471679688
2023-12-16,66,57.587337,8.412662506103516
2023-12-16,187,179.40907,7.5909271240234375
2023-12-16,109,106.98932,2.01068115234375
2023-12-16,103,155.44136,-52.44136047363281
2023-12-16,85,93.42725,-8.427253723144531
2023-12-16,193,207.34618,-14.346176147460938
2023-12-16,99,112.10213,-13.102127075195312
2023-12-16,177,150.8748,26.125198364257812
2023-12-16,42,39.018253,2.9817466735839844
2023-12-16,66,73.36703,-7.367027282714844
2023-12-16,112,120.66833,-8.668327331542969
2023-12-16,65,71.737175,-6.737174987792969
2023-12-16,140,150.22612,-10.226119995117188
2023-12-16,135,129.18088,5.819122314453125
2023-12-16,86,81.780754,4.219245910644531
2023-12-16,130,168.59575,-38.59574890136719
2023-12-16,34,61.993526,-27.993526458740234
2023-12-16,41,45.223686,-4.223686218261719
2023-12-16,123,115.00914,7.9908599853515625
2023-12-16,83,83.632645,-0.6326446533203125
2023-12-16,108,98.922295,9.077705383300781
2023-12-16,145,138.9152,6.0847930908203125
2023-12-16,141,146.49953,-5.4995269775390625
2023-12-16,82,106.766525,-24.766525268554688
2023-12-16,36,24.029377,11.970623016357422
2023-12-16,105,136.15096,-31.150955200195312
2023-12-16,104,108.46133,-4.461326599121094
2023-12-16,88,94.86715,-6.867149353027344
2023-12-16,53,46.385563,6.614437103271484
2023-12-16,159,160.37776,-1.3777618408203125
2023-12-16,104,96.93692,7.063079833984375
2023-12-16,123,112.31702,10.6829833984375
2023-12-16,113,113.86363,-0.8636322021484375
2023-12-16,149,139.16336,9.836639404296875
2023-12-16,82,70.14936,11.850639343261719
2023-12-16,54,70.346565,-16.34656524658203
2023-12-16,102,83.524704,18.475296020507812
2023-12-16,79,72.01612,6.983879089355469
2023-12-16,34,28.221031,5.778968811035156
2023-12-16,108,107.49705,0.5029525756835938
2023-12-16,138,126.24026,11.759742736816406
2023-12-16,161,161.54826,-0.5482635498046875
2023-12-16,107,115.47275,-8.472747802734375
2023-12-16,52,78.38365,-26.383651733398438
2023-12-16,87,96.705635,-9.705635070800781
2023-12-16,20,37.46034,-17.460338592529297
2023-12-16,64,72.665115,-8.665115356445312
2023-12-16,69,87.19377,-18.193771362304688
2023-12-16,52,57.11713,-5.117130279541016
2023-12-16,66,71.00703,-5.007026672363281
2023-12-16,77,75.86236,1.1376419067382812
2023-12-16,152,142.96202,9.037979125976562
2023-12-16,153,145.66164,7.3383636474609375
2023-12-16,189,171.15666,17.843338012695312
2023-12-16,105,92.6855,12.314498901367188
2023-12-16,68,81.2046,-13.204597473144531
2023-12-16,18,32.552364,-14.552364349365234
2023-12-16,94,83.38033,10.619667053222656
2023-12-16,144,115.543205,28.45679473876953
2023-12-16,137,137.35944,-0.35943603515625
2023-12-16,194,162.8451,31.1549072265625
2023-12-16,115,102.9288,12.071197509765625
2023-12-16,175,165.36586,9.634140014648438
2023-12-16,76,114.48225,-38.48224639892578
2023-12-16,129,134.79886,-5.798858642578125
2023-12-16,220,211.51308,8.486923217773438
2023-12-16,51,67.368385,-16.368385314941406
2023-12-16,77,77.31361,-0.31360626220703125
2023-12-16,159,138.83801,20.1619873046875
2023-12-16,101,100.96114,0.03885650634765625
2023-12-16,64,95.51576,-31.515762329101562
2023-12-16,4,0.5214468,3.4785531759262085
2023-12-16,177,163.0171,13.982894897460938
2023-12-16,119,118.04738,0.9526214599609375
2023-12-16,96,101.28249,-5.282493591308594
2023-12-16,68,95.5476,-27.54759979248047
2023-12-16,104,104.01794,-0.01793670654296875
2023-12-16,138,126.286766,11.713233947753906
2023-12-16,86,75.709114,10.290885925292969
2023-12-16,87,100.43255,-13.432548522949219
2023-12-16,177,138.94229,38.057708740234375
2023-12-16,135,133.0443,1.9557037353515625
2023-12-16,122,128.97258,-6.9725799560546875
2023-12-16,148,152.3318,-4.3318023681640625
2023-12-16,122,130.63525,-8.63525390625
2023-12-16,111,151.86137,-40.86137390136719
2023-12-16,159,145.45735,13.542648315429688
2023-12-16,83,90.54765,-7.5476531982421875
2023-12-16,56,78.730156,-22.73015594482422
2023-12-16,130,117.565834,12.434165954589844
2023-12-16,53,66.09391,-13.093910217285156
2023-12-16,35,51.78092,-16.78091812133789
2023-12-16,36,40.38904,-4.389041900634766
2023-12-16,137,117.24028,19.759719848632812
2023-12-16,154,124.99058,29.009422302246094
2023-12-16,114,164.51532,-50.51531982421875
2023-12-16,121,127.9922,-6.9922027587890625
2023-12-16,95,88.18396,6.8160400390625
2023-12-16,149,117.75179,31.248207092285156
2023-12-17,36,51.537704,-15.537704467773438
2023-12-17,107,97.23593,9.764068603515625
2023-12-17,114,110.80745,3.1925506591796875
2023-12-17,85,99.75447,-14.754470825195312
2023-12-17,158,196.14098,-38.14097595214844
2023-12-17,102,118.28722,-16.287216186523438
2023-12-17,174,165.43477,8.565231323242188
2023-12-17,106,111.270424,-5.270423889160156
2023-12-17,92,115.62832,-23.628318786621094
2023-12-17,105,112.39852,-7.398521423339844
2023-12-17,93,98.55765,-5.557647705078125
2023-12-17,170,162.84201,7.157989501953125
2023-12-17,146,141.43402,4.56597900390625
2023-12-17,104,107.03951,-3.0395126342773438
2023-12-17,71,104.67434,-33.674339294433594
2023-12-17,135,134.34224,0.6577606201171875
2023-12-17,114,129.52682,-15.526824951171875
2023-12-17,94,103.225075,-9.225074768066406
2023-12-17,64,71.87155,-7.871551513671875
2023-12-17,75,61.645622,13.354377746582031
2023-12-17,53,60.60494,-7.604938507080078
2023-12-17,122,100.57339,21.426612854003906
2023-12-17,66,81.16832,-15.168319702148438
2023-12-17,146,129.4791,16.520904541015625
2023-12-17,84,95.39623,-11.396232604980469
2023-12-17,148,140.28517,7.7148284912109375
2023-12-17,100,113.06318,-13.063179016113281
2023-12-17,105,103.53198,1.468017578125
2023-12-17,127,107.600525,19.39947509765625
2023-12-17,150,131.26395,18.736053466796875
2023-12-17,79,75.45293,3.5470733642578125
2023-12-17,122,128.20337,-6.203369140625
2023-12-17,92,95.160126,-3.160125732421875
2023-12-17,86,89.65528,-3.6552810668945312
2023-12-17,127,123.09048,3.9095230102539062
2023-12-17,102,108.576675,-6.5766754150390625
2023-12-17,101,93.091,7.90899658203125
2023-12-17,74,66.82541,7.174591064453125
2023-12-17,119,121.164154,-2.164154052734375
2023-12-17,51,55.546368,-4.546367645263672
2023-12-17,53,63.583393,-10.583393096923828
2023-12-17,154,140.4877,13.512298583984375
2023-12-17,118,117.1789,0.8210983276367188
2023-12-17,122,131.5961,-9.596099853515625
2023-12-17,123,130.5788,-7.57879638671875
2023-12-17,138,143.65523,-5.6552276611328125
2023-12-17,106,139.5623,-33.56230163574219
2023-12-17,104,92.87396,11.12603759765625
2023-12-17,172,169.42694,2.57305908203125
2023-12-17,106,130.8819,-24.88189697265625
2023-12-17,144,164.51253,-20.512527465820312
2023-12-17,122,113.919685,8.080314636230469
2023-12-17,152,140.10358,11.89642333984375
2023-12-17,108,113.47088,-5.470878601074219
2023-12-17,184,173.06696,10.93304443359375
2023-12-17,99,96.65408,2.345916748046875
2023-12-17,74,75.91157,-1.9115676879882812
2023-12-17,67,74.003105,-7.003105163574219
2023-12-17,127,143.79407,-16.7940673828125
2023-12-17,142,114.26517,27.734832763671875
2023-12-17,53,69.9485,-16.948501586914062
2023-12-17,143,104.55148,38.448516845703125
2023-12-17,76,83.72832,-7.7283172607421875
2023-12-17,133,140.05862,-7.058624267578125
2023-12-17,206,199.43465,6.5653533935546875
2023-12-17,61,45.496853,15.50314712524414
2023-12-17,110,125.43744,-15.43743896484375
2023-12-17,121,122.56158,-1.5615768432617188
2023-12-17,121,122.28872,-1.2887191772460938
2023-12-17,162,146.229,15.77099609375
2023-12-17,175,154.46474,20.535263061523438
2023-12-17,144,158.98715,-14.987152099609375
2023-12-17,176,152.80475,23.19525146484375
2023-12-17,43,58.453766,-15.453765869140625
2023-12-17,66,85.1855,-19.185501098632812
2023-12-17,73,74.06443,-1.0644302368164062
2023-12-17,100,121.94402,-21.94402313232422
2023-12-17,118,113.906815,4.0931854248046875
2023-12-17,153,147.6497,5.3502960205078125
2023-12-17,44,56.086456,-12.086456298828125
2023-12-17,59,62.37545,-3.3754501342773438
2023-12-17,140,124.985306,15.014694213867188
2023-12-17,142,137.41702,4.582977294921875
2023-12-17,34,45.85684,-11.85683822631836
2023-12-17,116,151.93036,-35.93035888671875
2023-12-17,151,150.19269,0.80731201171875
2023-12-17,126,144.74356,-18.743560791015625
2023-12-17,122,113.26108,8.738922119140625
2023-12-17,179,173.47437,5.525634765625
2023-12-17,131,122.287186,8.712814331054688
2023-12-17,41,70.62593,-29.625930786132812
2023-12-17,121,121.88575,-0.8857498168945312
2023-12-17,208,196.46739,11.532608032226562
2023-12-17,71,84.83581,-13.835807800292969
2023-12-17,87,120.13066,-33.13066101074219
2023-12-17,111,102.07915,8.920852661132812
2023-12-17,100,126.14935,-26.14935302734375
2023-12-17,47,56.92067,-9.920669555664062
2023-12-17,135,135.47847,-0.4784698486328125
2023-12-17,93,93.8634,-0.8634033203125
2023-12-18,109,93.48722,15.512779235839844
2023-12-18,170,147.79346,22.20654296875
2023-12-18,176,187.35071,-11.3507080078125
2023-12-18,155,140.41649,14.583511352539062
2023-12-18,138,125.85053,12.149467468261719
2023-12-18,130,137.3138,-7.3137969970703125
2023-12-18,115,95.63219,19.367813110351562
2023-12-18,47,67.119606,-20.119606018066406
2023-12-18,136,176.84665,-40.846649169921875
2023-12-18,68,85.18747,-17.187469482421875
2023-12-18,85,81.32346,3.6765365600585938
2023-12-18,170,153.64273,16.357269287109375
2023-12-18,83,83.00323,-0.00322723388671875
2023-12-18,115,127.43584,-12.435836791992188
2023-12-18,114,118.18441,-4.184410095214844
2023-12-18,129,120.45488,8.545120239257812
2023-12-18,65,57.615593,7.384407043457031
2023-12-18,76,88.70884,-12.708839416503906
2023-12-18,95,103.686676,-8.686676025390625
2023-12-18,67,70.91627,-3.9162673950195312
2023-12-18,138,144.54286,-6.5428619384765625
2023-12-18,139,131.06366,7.93634033203125
2023-12-18,154,135.61885,18.381149291992188
2023-12-18,92,89.07721,2.92279052734375
2023-12-18,137,164.22101,-27.22100830078125
2023-12-18,214,227.89551,-13.8955078125
2023-12-18,173,140.2171,32.78289794921875
2023-12-18,119,137.50499,-18.504989624023438
2023-12-18,194,211.57191,-17.571914672851562
2023-12-18,143,170.06778,-27.067779541015625
2023-12-18,205,191.10304,13.896957397460938
2023-12-18,106,104.68157,1.3184280395507812
2023-12-18,207,182.24881,24.751190185546875
2023-12-18,102,110.56483,-8.564826965332031
2023-12-18,162,159.61505,2.38494873046875
2023-12-18,101,102.239136,-1.2391357421875
2023-12-18,93,71.94926,21.050743103027344
2023-12-18,78,111.08347,-33.083473205566406
2023-12-18,153,169.79202,-16.792022705078125
2023-12-18,129,118.41485,10.585151672363281
2023-12-18,68,62.65137,5.348628997802734
2023-12-18,184,176.10344,7.8965606689453125
2023-12-18,144,144.8854,-0.885406494140625
2023-12-18,114,125.37373,-11.373733520507812
2023-12-18,68,80.42907,-12.429069519042969
2023-12-18,94,108.64316,-14.643157958984375
2023-12-18,141,117.47154,23.528457641601562
2023-12-18,106,122.70549,-16.705490112304688
2023-12-18,152,194.59807,-42.59806823730469
2023-12-18,100,139.05562,-39.05561828613281
2023-12-18,121,128.09117,-7.0911712646484375
2023-12-18,55,67.29321,-12.293212890625
2023-12-18,106,137.9118,-31.91180419921875
2023-12-18,99,90.305145,8.694854736328125
2023-12-18,124,139.46909,-15.469085693359375
2023-12-18,221,216.72093,4.2790679931640625
2023-12-18,82,83.29899,-1.2989883422851562
2023-12-18,114,120.03649,-6.036491394042969
2023-12-18,19,49.171642,-30.171642303466797
2023-12-18,295,243.45563,51.54437255859375
2023-12-18,110,92.557434,17.44256591796875
2023-12-18,44,33.240696,10.75930404663086
2023-12-18,72,75.72322,-3.7232208251953125
2023-12-18,130,110.648415,19.351585388183594
2023-12-18,111,115.1192,-4.11920166015625
2023-12-18,105,139.44856,-34.44856262207031
2023-12-18,154,137.40387,16.59613037109375
2023-12-18,93,87.95201,5.0479888916015625
2023-12-18,112,153.98,-41.97999572753906
2023-12-18,167,165.07329,1.9267120361328125
2023-12-18,82,69.35332,12.646682739257812
2023-12-18,96,106.56666,-10.566658020019531
2023-12-18,131,129.67296,1.3270416259765625
2023-12-18,49,49.320946,-0.32094573974609375
2023-12-18,85,80.7416,4.258399963378906
2023-12-18,76,69.302246,6.69775390625
2023-12-18,75,72.41409,2.585906982421875
2023-12-18,86,78.14501,7.854988098144531
2023-12-18,114,134.51953,-20.51953125
2023-12-18,97,89.561676,7.438323974609375
2023-12-18,94,102.93794,-8.937942504882812
2023-12-18,130,117.15814,12.84185791015625
2023-12-18,151,139.05913,11.940872192382812
2023-12-18,109,86.27622,22.723777770996094
2023-12-18,98,111.42848,-13.428482055664062
2023-12-18,123,160.84917,-37.84916687011719
2023-12-18,172,150.208,21.792007446289062
2023-12-18,180,169.76758,10.232421875
2023-12-18,262,247.59128,14.408721923828125
2023-12-18,104,135.03827,-31.03826904296875
2023-12-18,101,98.336296,2.6637039184570312
2023-12-18,86,87.00368,-1.0036773681640625
2023-12-18,134,123.332184,10.667816162109375
2023-12-18,56,56.708523,-0.7085227966308594
2023-12-18,100,133.58467,-33.58467102050781
2023-12-18,115,101.25283,13.747169494628906
2023-12-18,78,89.992645,-11.992645263671875
2023-12-18,77,91.94702,-14.947021484375
2023-12-18,85,106.06815,-21.068153381347656
2023-12-18,157,138.90932,18.090682983398438
2023-12-19,118,109.69187,8.308128356933594
2023-12-19,133,124.592445,8.407554626464844
2023-12-19,129,157.93153,-28.931533813476562
2023-12-19,110,95.317345,14.682655334472656
2023-12-19,159,141.96683,17.033172607421875
2023-12-19,84,113.873,-29.873001098632812
2023-12-19,250,230.03093,19.969070434570312
2023-12-19,89,79.414795,9.585205078125
2023-12-19,214,207.43506,6.56494140625
2023-12-19,85,107.118645,-22.11864471435547
2023-12-19,92,89.43369,2.5663070678710938
2023-12-19,239,215.37457,23.62542724609375
2023-12-19,143,133.27846,9.721542358398438
2023-12-19,148,145.8777,2.1222991943359375
2023-12-19,150,125.68252,24.317481994628906
2023-12-19,110,149.6245,-39.62449645996094
2023-12-19,122,98.81485,23.185150146484375
2023-12-19,134,149.8727,-15.872695922851562
2023-12-19,108,104.578476,3.4215240478515625
2023-12-19,96,92.905,3.095001220703125
2023-12-19,67,70.62458,-3.6245803833007812
2023-12-19,115,108.548515,6.451484680175781
2023-12-19,116,150.76349,-34.76348876953125
2023-12-19,54,75.77008,-21.77008056640625
2023-12-19,101,102.42169,-1.42169189453125
2023-12-19,121,145.5107,-24.510696411132812
2023-12-19,75,77.29044,-2.2904434204101562
2023-12-19,73,86.065796,-13.0657958984375
2023-12-19,83,118.27663,-35.27662658691406
2023-12-19,162,149.07773,12.922271728515625
2023-12-19,130,118.10118,11.898818969726562
2023-12-19,119,121.02684,-2.0268402099609375
2023-12-19,125,98.77723,26.22277069091797
2023-12-19,133,126.097435,6.902565002441406
2023-12-19,78,88.4516,-10.45159912109375
2023-12-19,118,122.10282,-4.102821350097656
2023-12-19,56,42.9267,13.073299407958984
2023-12-19,102,99.11476,2.8852386474609375
2023-12-19,81,96.06229,-15.062286376953125
2023-12-19,47,63.22303,-16.22303009033203
2023-12-19,112,108.34943,3.65057373046875
2023-12-19,107,106.74612,0.25388336181640625
2023-12-19,119,127.75156,-8.751556396484375
2023-12-19,148,113.06829,34.93170928955078
2023-12-19,110,106.789635,3.2103652954101562
2023-12-19,55,69.96988,-14.969879150390625
2023-12-19,53,50.052826,2.947174072265625
2023-12-19,135,118.97579,16.024208068847656
2023-12-19,106,125.41601,-19.41600799560547
2023-12-19,38,77.432014,-39.43201446533203
2023-12-19,124,124.53645,-0.5364532470703125
2023-12-19,79,83.53715,-4.537147521972656
2023-12-19,116,115.8025,0.19750213623046875
2023-12-19,168,152.64027,15.359725952148438
2023-12-19,92,84.484085,7.5159149169921875
2023-12-19,65,69.606964,-4.606964111328125
2023-12-19,59,61.437874,-2.4378738403320312
2023-12-19,120,104.84015,15.15985107421875
2023-12-19,93,132.55165,-39.55165100097656
2023-12-19,119,128.11432,-9.11431884765625
2023-12-19,144,147.48395,-3.48394775390625
2023-12-19,195,155.21596,39.78404235839844
2023-12-19,142,159.69373,-17.6937255859375
2023-12-19,102,105.31939,-3.3193893432617188
2023-12-19,167,149.25337,17.746627807617188
2023-12-19,128,124.175095,3.8249053955078125
2023-12-19,124,127.05072,-3.05072021484375
2023-12-19,112,106.620766,5.379234313964844
2023-12-19,113,120.14465,-7.1446533203125
2023-12-19,82,105.31651,-23.316513061523438
2023-12-19,133,139.39993,-6.399932861328125
2023-12-19,137,135.42513,1.5748748779296875
2023-12-19,77,76.18009,0.8199081420898438
2023-12-19,53,60.477577,-7.477577209472656
2023-12-19,100,99.2456,0.7544021606445312
2023-12-19,58,74.58458,-16.584579467773438
2023-12-19,134,134.40779,-0.4077911376953125
2023-12-19,26,29.042332,-3.0423316955566406
2023-12-19,90,97.37832,-7.378318786621094
2023-12-19,65,66.77605,-1.7760467529296875
2023-12-19,58,55.81197,2.188030242919922
2023-12-19,92,111.03271,-19.03270721435547
2023-12-19,72,103.80958,-31.80957794189453
2023-12-19,134,117.70196,16.29804229736328
2023-12-19,109,125.19443,-16.194427490234375
2023-12-19,97,113.20604,-16.206039428710938
2023-12-19,144,118.74873,25.251266479492188
2023-12-19,139,123.81319,15.186813354492188
2023-12-19,151,160.26189,-9.261886596679688
2023-12-19,179,173.62576,5.374237060546875
2023-12-19,166,169.02121,-3.021209716796875
2023-12-19,94,97.66429,-3.6642913818359375
2023-12-19,199,172.7038,26.29620361328125
2023-12-19,68,64.35835,3.6416473388671875
2023-12-19,178,156.23943,21.760574340820312
2023-12-19,185,167.98036,17.019638061523438
2023-12-19,138,148.49289,-10.492889404296875
2023-12-19,82,78.68392,3.3160781860351562
2023-12-19,86,97.89107,-11.891067504882812
2023-12-19,91,89.215,1.785003662109375
2023-12-20,104,95.7885,8.211502075195312
2023-12-20,206,187.47188,18.528121948242188
2023-12-20,179,161.9874,17.012603759765625
2023-12-20,64,68.523766,-4.523765563964844
2023-12-20,80,95.89368,-15.8936767578125
2023-12-20,78,80.75268,-2.7526779174804688
2023-12-20,65,48.567688,16.43231201171875
2023-12-20,141,134.00534,6.994659423828125
2023-12-20,174,150.57901,23.420989990234375
2023-12-20,110,112.899994,-2.899993896484375
2023-12-20,71,75.00227,-4.0022735595703125
2023-12-20,98,97.21415,0.7858505249023438
2023-12-20,128,122.206276,5.793724060058594
2023-12-20,133,121.55735,11.442649841308594
2023-12-20,35,44.437477,-9.437477111816406
2023-12-20,68,65.18314,2.8168563842773438
2023-12-20,137,139.56273,-2.5627288818359375
2023-12-20,92,99.1043,-7.104301452636719
2023-12-20,62,59.151962,2.8480377197265625
2023-12-20,79,77.60721,1.392791748046875
2023-12-20,140,117.62688,22.373123168945312
2023-12-20,130,124.69,5.30999755859375
2023-12-20,118,119.015976,-1.0159759521484375
2023-12-20,93,82.99537,10.004631042480469
2023-12-20,122,115.03762,6.962379455566406
2023-12-20,107,95.272385,11.727615356445312
2023-12-20,57,101.421776,-44.421775817871094
2023-12-20,68,88.046455,-20.04645538330078
2023-12-20,124,125.68982,-1.6898193359375
2023-12-20,178,169.97318,8.026824951171875
2023-12-20,119,131.83127,-12.831268310546875
2023-12-20,108,108.47241,-0.472412109375
2023-12-20,150,150.4118,-0.41180419921875
2023-12-20,99,94.36844,4.631561279296875
2023-12-20,64,52.32466,11.675338745117188
2023-12-20,95,91.39859,3.601409912109375
2023-12-20,129,122.54739,6.452606201171875
2023-12-20,152,129.91194,22.088058471679688
2023-12-20,43,65.760826,-22.760826110839844
2023-12-20,87,81.97591,5.0240936279296875
2023-12-20,117,108.17689,8.823112487792969
2023-12-20,167,143.54439,23.455612182617188
2023-12-20,108,111.54681,-3.5468063354492188
2023-12-20,87,99.24132,-12.241317749023438
2023-12-20,55,89.902855,-34.902854919433594
2023-12-20,132,115.18775,16.81224822998047
2023-12-20,71,107.12687,-36.126869201660156
2023-12-20,224,199.79123,24.208770751953125
2023-12-20,113,112.7482,0.251800537109375
2023-12-20,224,188.5554,35.44459533691406
2023-12-20,141,144.77075,-3.770751953125
2023-12-20,49,59.919785,-10.919784545898438
2023-12-20,15,34.337627,-19.337627410888672
2023-12-20,171,148.63559,22.364410400390625
2023-12-20,138,126.29721,11.702789306640625
2023-12-20,54,56.88323,-2.883228302001953
2023-12-20,130,132.50536,-2.5053558349609375
2023-12-20,117,118.48516,-1.4851608276367188
2023-12-20,65,58.030506,6.969493865966797
2023-12-20,95,104.69709,-9.697090148925781
2023-12-20,99,94.480675,4.519325256347656
2023-12-20,238,175.95096,62.049041748046875
2023-12-20,92,96.68608,-4.6860809326171875
2023-12-20,89,88.22455,0.77545166015625
2023-12-20,105,131.41733,-26.417327880859375
2023-12-20,141,123.24841,17.7515869140625
2023-12-20,70,105.3923,-35.392303466796875
2023-12-20,105,106.350975,-1.3509750366210938
2023-12-20,88,81.94413,6.055870056152344
2023-12-20,120,109.662575,10.337425231933594
2023-12-20,77,82.44962,-5.449623107910156
2023-12-20,80,98.61959,-18.619590759277344
2023-12-20,148,146.075,1.9250030517578125
2023-12-20,71,63.72055,7.279449462890625
2023-12-20,89,89.29202,-0.292022705078125
2023-12-20,33,45.76931,-12.769309997558594
2023-12-20,92,80.6259,11.374099731445312
2023-12-20,69,78.67002,-9.670021057128906
2023-12-20,105,98.630806,6.369194030761719
2023-12-20,88,85.22761,2.7723922729492188
2023-12-20,95,81.06823,13.931770324707031
2023-12-20,155,125.071106,29.92889404296875
2023-12-20,45,80.463875,-35.46387481689453
2023-12-20,166,124.88553,41.114471435546875
2023-12-20,124,126.756905,-2.7569046020507812
2023-12-20,70,82.66553,-12.66552734375
2023-12-20,151,149.48206,1.5179443359375
2023-12-20,119,114.14547,4.854530334472656
2023-12-20,96,79.81843,16.18157196044922
2023-12-20,113,99.419754,13.580245971679688
2023-12-20,81,92.5068,-11.506797790527344
2023-12-20,69,69.52198,-0.5219802856445312
2023-12-20,134,104.70951,29.290489196777344
2023-12-20,84,81.2526,2.7473983764648438
2023-12-20,44,31.964266,12.035734176635742
2023-12-20,97,93.06783,3.9321670532226562
2023-12-20,122,104.43175,17.568252563476562
2023-12-20,150,132.6431,17.356903076171875
2023-12-20,41,45.674656,-4.674655914306641
2023-12-20,117,106.80271,10.197288513183594
2023-12-21,136,121.28425,14.715751647949219
2023-12-21,184,193.86377,-9.86376953125
2023-12-21,192,174.57921,17.420791625976562
2023-12-21,152,135.35306,16.646942138671875
2023-12-21,100,106.717064,-6.717063903808594
2023-12-21,127,116.80491,10.195091247558594
2023-12-21,163,144.38914,18.610855102539062
2023-12-21,59,75.44607,-16.446067810058594
2023-12-21,134,137.51808,-3.5180816650390625
2023-12-21,104,97.3592,6.640800476074219
2023-12-21,74,72.28058,1.71942138671875
2023-12-21,49,60.27783,-11.277828216552734
2023-12-21,108,121.91902,-13.919021606445312
2023-12-21,175,151.40805,23.591949462890625
2023-12-21,106,101.59648,4.4035186767578125
2023-12-21,83,75.53937,7.46063232421875
2023-12-21,84,91.34666,-7.346656799316406
2023-12-21,112,126.94483,-14.944831848144531
2023-12-21,108,97.47407,10.525932312011719
2023-12-21,65,59.137714,5.862285614013672
2023-12-21,145,126.047874,18.952125549316406
2023-12-21,108,126.98578,-18.98577880859375
2023-12-21,147,131.64856,15.3514404296875
2023-12-21,150,114.30441,35.695587158203125
2023-12-21,110,112.730225,-2.730224609375
2023-12-21,106,101.92198,4.0780181884765625
2023-12-21,63,75.64793,-12.647926330566406
2023-12-21,126,155.31027,-29.310272216796875
2023-12-21,174,153.26242,20.737579345703125
2023-12-21,143,152.28271,-9.28271484375
2023-12-21,63,59.589725,3.4102745056152344
2023-12-21,118,116.64052,1.3594818115234375
2023-12-21,71,78.16879,-7.168792724609375
2023-12-21,103,92.45467,10.545326232910156
2023-12-21,93,87.522865,5.477134704589844
2023-12-21,159,144.8649,14.135101318359375
2023-12-21,92,97.39791,-5.397911071777344
2023-12-21,141,135.99185,5.008148193359375
2023-12-21,129,153.23021,-24.230209350585938
2023-12-21,82,80.89291,1.1070938110351562
2023-12-21,151,124.58251,26.41748809814453
2023-12-21,221,227.98856,-6.988555908203125
2023-12-21,144,138.69893,5.3010711669921875
2023-12-21,150,148.97173,1.0282745361328125
2023-12-21,68,86.134514,-18.13451385498047
2023-12-21,173,162.33766,10.662338256835938
2023-12-21,166,144.2751,21.724899291992188
2023-12-21,150,164.7479,-14.747894287109375
2023-12-21,116,97.96565,18.034347534179688
2023-12-21,181,150.17369,30.826309204101562
2023-12-21,131,126.622215,4.377784729003906
2023-12-21,37,34.36438,2.6356201171875
2023-12-21,153,171.25116,-18.25115966796875
2023-12-21,211,195.7916,15.208404541015625
2023-12-21,142,126.59449,15.405509948730469
2023-12-21,132,136.1818,-4.181793212890625
2023-12-21,103,91.791145,11.208854675292969
2023-12-21,101,97.826355,3.17364501953125
2023-12-21,190,177.02954,12.970458984375
2023-12-21,148,150.00783,-2.0078277587890625
2023-12-21,131,136.95802,-5.9580230712890625
2023-12-21,226,204.49033,21.509674072265625
2023-12-21,108,108.9751,-0.97509765625
2023-12-21,92,108.297516,-16.297515869140625
2023-12-21,129,126.01576,2.9842376708984375
2023-12-21,71,70.42284,0.5771636962890625
2023-12-21,101,112.03501,-11.035011291503906
2023-12-21,85,86.96922,-1.9692230224609375
2023-12-21,162,152.27623,9.723770141601562
2023-12-21,209,200.28543,8.714569091796875
2023-12-21,91,98.209114,-7.209114074707031
2023-12-21,113,102.62144,10.378562927246094
2023-12-21,148,165.25513,-17.255126953125
2023-12-21,107,111.52117,-4.521171569824219
2023-12-21,68,69.16974,-1.16973876953125
2023-12-21,127,102.98351,24.01648712158203
2023-12-21,67,76.60313,-9.603126525878906
2023-12-21,120,120.972725,-0.9727249145507812
2023-12-21,123,131.10782,-8.107818603515625
2023-12-21,132,114.72931,17.27069091796875
2023-12-21,196,158.99742,37.00257873535156
2023-12-21,143,157.8868,-14.886795043945312
2023-12-21,99,106.86524,-7.865242004394531
2023-12-21,148,125.355385,22.644615173339844
2023-12-21,135,118.74847,16.25153350830078
2023-12-21,222,205.1242,16.87579345703125
2023-12-21,101,110.59086,-9.590858459472656
2023-12-21,82,95.41853,-13.418533325195312
2023-12-21,148,163.97906,-15.97906494140625
2023-12-21,180,173.99062,6.0093841552734375
2023-12-21,114,95.15851,18.84149169921875
2023-12-21,65,71.883156,-6.883155822753906
2023-12-21,129,123.53678,5.463218688964844
2023-12-21,117,113.79177,3.2082290649414062
2023-12-21,144,118.8928,25.107200622558594
2023-12-21,115,110.67888,4.3211212158203125
2023-12-21,75,87.216965,-12.216964721679688
2023-12-21,87,94.26436,-7.2643585205078125
2023-12-21,103,106.96645,-3.9664535522460938
2023-12-21,77,73.35714,3.6428604125976562
2023-12-22,64,72.69233,-8.692329406738281
2023-12-22,148,150.5146,-2.5146026611328125
2023-12-22,162,164.97981,-2.9798126220703125
2023-12-22,99,105.20819,-6.20819091796875
2023-12-22,183,172.15614,10.843856811523438
2023-12-22,96,113.69192,-17.691917419433594
2023-12-22,135,121.472565,13.527435302734375
2023-12-22,111,116.5269,-5.5269012451171875
2023-12-22,143,150.8533,-7.853302001953125
2023-12-22,84,83.76337,0.23663330078125
2023-12-22,116,129.94514,-13.945144653320312
2023-12-22,141,150.61684,-9.616836547851562
2023-12-22,123,117.738235,5.2617645263671875
2023-12-22,75,82.47993,-7.479927062988281
2023-12-22,132,120.05128,11.948722839355469
2023-12-22,157,170.76443,-13.764434814453125
2023-12-22,140,146.95042,-6.9504241943359375
2023-12-22,157,146.1978,10.802200317382812
2023-12-22,17,42.347385,-25.34738540649414
2023-12-22,110,112.2966,-2.296600341796875
2023-12-22,127,120.48116,6.518836975097656
2023-12-22,200,201.4357,-1.435699462890625
2023-12-22,91,87.74435,3.2556533813476562
2023-12-22,178,170.46103,7.538970947265625
2023-12-22,157,142.2742,14.725799560546875
2023-12-22,40,78.6845,-38.68450164794922
2023-12-22,42,65.86811,-23.86811065673828
2023-12-22,178,173.33847,4.661529541015625
2023-12-22,81,103.79142,-22.791419982910156
2023-12-22,98,101.03266,-3.0326614379882812
2023-12-22,25,35.648373,-10.648372650146484
2023-12-22,108,100.58157,7.418426513671875
2023-12-22,40,63.185623,-23.185623168945312
2023-12-22,74,90.82898,-16.8289794921875
2023-12-22,117,101.362656,15.637344360351562
2023-12-22,119,116.81778,2.182220458984375
2023-12-22,209,170.44092,38.55908203125
2023-12-22,140,131.43495,8.565048217773438
2023-12-22,117,117.94432,-0.9443206787109375
2023-12-22,134,135.36343,-1.363433837890625
2023-12-22,55,66.57801,-11.578010559082031
2023-12-22,119,132.04529,-13.0452880859375
2023-12-22,71,78.807526,-7.807525634765625
2023-12-22,198,155.78926,42.21073913574219
2023-12-22,98,100.867424,-2.8674240112304688
2023-12-22,90,102.83293,-12.832931518554688
2023-12-22,114,79.807175,34.19282531738281
2023-12-22,135,120.46819,14.531806945800781
2023-12-22,70,96.829506,-26.829505920410156
2023-12-22,104,74.73779,29.26220703125
2023-12-22,73,88.42974,-15.429740905761719
2023-12-22,102,98.25602,3.7439804077148438
2023-12-22,125,116.87247,8.127532958984375
2023-12-22,141,131.8493,9.15069580078125
2023-12-22,91,89.079346,1.920654296875
2023-12-22,158,150.25096,7.7490386962890625
2023-12-22,109,102.65991,6.340087890625
2023-12-22,82,74.00319,7.9968109130859375
2023-12-22,123,117.94581,5.054191589355469
2023-12-22,161,143.31052,17.689483642578125
2023-12-22,135,119.98848,15.011520385742188
2023-12-22,107,135.08037,-28.080368041992188
2023-12-22,44,38.1774,5.822601318359375
2023-12-22,157,150.01836,6.9816436767578125
2023-12-22,122,113.52632,8.473678588867188
2023-12-22,73,94.52471,-21.52471160888672
2023-12-22,120,125.60455,-5.60455322265625
2023-12-22,72,66.96481,5.035186767578125
2023-12-22,90,88.90208,1.0979232788085938
2023-12-22,47,51.56889,-4.568889617919922
2023-12-22,175,158.09271,16.90728759765625
2023-12-22,173,178.69693,-5.696929931640625
2023-12-22,118,110.741165,7.2588348388671875
2023-12-22,44,45.671238,-1.6712379455566406
2023-12-22,37,42.920853,-5.9208526611328125
2023-12-22,113,94.46522,18.53478240966797
2023-12-22,145,135.72148,9.278518676757812
2023-12-22,70,71.10305,-1.1030502319335938
2023-12-22,81,103.21226,-22.212257385253906
2023-12-22,146,121.04634,24.953659057617188
2023-12-22,155,130.00659,24.993408203125
2023-12-22,106,131.1738,-25.173797607421875
2023-12-22,124,123.71594,0.2840576171875
2023-12-22,250,206.59375,43.40625
2023-12-22,177,169.83849,7.1615142822265625
2023-12-22,133,162.9647,-29.964706420898438
2023-12-22,169,160.8816,8.118392944335938
2023-12-22,179,194.48329,-15.483291625976562
2023-12-22,118,152.67763,-34.67762756347656
2023-12-22,152,140.0132,11.986801147460938
2023-12-22,33,39.332405,-6.332405090332031
2023-12-22,91,95.976295,-4.976295471191406
2023-12-22,157,173.4175,-16.417495727539062
2023-12-22,83,96.23928,-13.239280700683594
2023-12-22,179,145.89572,33.104278564453125
2023-12-22,151,165.16266,-14.16265869140625
2023-12-22,114,133.74791,-19.747909545898438
2023-12-22,197,180.31572,16.684280395507812
2023-12-22,52,58.244762,-6.244762420654297
2023-12-22,115,117.51314,-2.5131378173828125
2023-12-23,89,80.54247,8.457527160644531
2023-12-23,131,151.17574,-20.175735473632812
2023-12-23,134,127.54598,6.454017639160156
2023-12-23,55,72.6193,-17.619300842285156
2023-12-23,43,51.371506,-8.371505737304688
2023-12-23,52,68.830246,-16.830245971679688
2023-12-23,92,90.629074,1.3709259033203125
2023-12-23,174,160.84105,13.158950805664062
2023-12-23,98,105.27216,-7.272163391113281
2023-12-23,60,53.82093,6.179069519042969
2023-12-23,58,65.85247,-7.852470397949219
2023-12-23,83,88.77438,-5.774383544921875
2023-12-23,54,86.479195,-32.47919464111328
2023-12-23,133,121.55788,11.442123413085938
2023-12-23,122,104.095894,17.90410614013672
2023-12-23,173,171.33566,1.664337158203125
2023-12-23,82,91.768394,-9.768394470214844
2023-12-23,181,166.18687,14.813125610351562
2023-12-23,98,99.30322,-1.30322265625
2023-12-23,94,96.56677,-2.5667724609375
2023-12-23,77,91.86613,-14.866127014160156
2023-12-23,155,154.52304,0.476959228515625
2023-12-23,144,138.31123,5.6887664794921875
2023-12-23,135,145.27284,-10.272842407226562
2023-12-23,99,96.58991,2.4100875854492188
2023-12-23,94,101.426445,-7.426445007324219
2023-12-23,133,124.487656,8.512344360351562
2023-12-23,127,160.20853,-33.208526611328125
2023-12-23,160,143.78384,16.216156005859375
2023-12-23,95,102.678986,-7.678985595703125
2023-12-23,98,113.23013,-15.230133056640625
2023-12-23,89,92.15628,-3.156280517578125
2023-12-23,138,160.01477,-22.0147705078125
2023-12-23,96,101.17493,-5.1749267578125
2023-12-23,61,63.64235,-2.6423492431640625
2023-12-23,128,145.2891,-17.289093017578125
2023-12-23,118,114.25987,3.7401275634765625
2023-12-23,159,147.08727,11.912734985351562
2023-12-23,143,130.02568,12.974319458007812
2023-12-23,110,101.18824,8.811759948730469
2023-12-23,115,98.850044,16.14995574951172
2023-12-23,74,98.27906,-24.27906036376953
2023-12-23,100,96.692825,3.3071746826171875
2023-12-23,130,130.85522,-0.855224609375
2023-12-23,84,99.71856,-15.718559265136719
2023-12-23,57,59.970005,-2.9700050354003906
2023-12-23,109,111.03395,-2.0339508056640625
2023-12-23,159,172.62708,-13.6270751953125
2023-12-23,126,113.03151,12.968490600585938
2023-12-23,84,96.02649,-12.0264892578125
2023-12-23,111,116.401924,-5.401924133300781
2023-12-23,81,81.84732,-0.847320556640625
2023-12-23,141,130.80054,10.199462890625
2023-12-23,220,201.03882,18.961181640625
2023-12-23,75,80.677864,-5.677864074707031
2023-12-23,105,112.4102,-7.4102020263671875
2023-12-23,91,78.201,12.799003601074219
2023-12-23,102,101.469284,0.5307159423828125
2023-12-23,196,171.52913,24.470870971679688
2023-12-23,223,220.39355,2.6064453125
2023-12-23,108,102.68552,5.314483642578125
2023-12-23,116,131.49258,-15.492584228515625
2023-12-23,56,64.00165,-8.00164794921875
2023-12-23,86,77.23253,8.767471313476562
2023-12-23,88,106.23862,-18.238616943359375
2023-12-23,130,118.16278,11.83721923828125
2023-12-23,128,134.6937,-6.693695068359375
2023-12-23,71,85.61374,-14.613739013671875
2023-12-23,45,60.10487,-15.104869842529297
2023-12-23,103,98.98078,4.019218444824219
2023-12-23,108,95.09724,12.902763366699219
2023-12-23,123,130.21878,-7.218780517578125
2023-12-23,182,154.3716,27.628402709960938
2023-12-23,89,90.13882,-1.1388168334960938
2023-12-23,74,75.06775,-1.0677490234375
2023-12-23,88,86.93089,1.0691070556640625
2023-12-23,136,123.60074,12.399261474609375
2023-12-23,59,65.054726,-6.054725646972656
2023-12-23,160,138.86702,21.132980346679688
2023-12-23,35,45.076572,-10.07657241821289
2023-12-23,118,114.36662,3.6333770751953125
2023-12-23,133,140.38821,-7.388214111328125
2023-12-23,104,93.02519,10.974807739257812
2023-12-23,93,95.65577,-2.6557693481445312
2023-12-23,107,108.34455,-1.3445510864257812
2023-12-23,119,109.926895,9.073104858398438
2023-12-23,130,135.57932,-5.579315185546875
2023-12-23,158,159.28961,-1.28961181640625
2023-12-23,115,109.55252,5.447479248046875
2023-12-23,104,94.11647,9.883529663085938
2023-12-23,106,116.682434,-10.68243408203125
2023-12-23,96,89.88801,6.111991882324219
2023-12-23,133,125.28472,7.715278625488281
2023-12-23,40,42.90239,-2.9023895263671875
2023-12-23,144,107.453804,36.54619598388672
2023-12-23,131,139.24602,-8.246017456054688
2023-12-23,129,125.61309,3.3869094848632812
2023-12-23,130,106.879585,23.12041473388672
2023-12-23,80,85.245026,-5.245025634765625
2023-12-23,129,150.8629,-21.862899780273438
2023-12-24,147,141.08267,5.917327880859375
2023-12-24,127,166.34613,-39.34613037109375
2023-12-24,135,130.39946,4.6005401611328125
2023-12-24,213,205.79013,7.209869384765625
2023-12-24,113,136.17526,-23.175262451171875
2023-12-24,72,66.96517,5.034828186035156
2023-12-24,220,254.07344,-34.07344055175781
2023-12-24,190,136.55548,53.44451904296875
2023-12-24,113,101.460014,11.539985656738281
2023-12-24,81,71.41002,9.589981079101562
2023-12-24,75,74.689,0.31099700927734375
2023-12-24,140,138.08263,1.9173736572265625
2023-12-24,161,147.47305,13.526947021484375
2023-12-24,120,141.95894,-21.958938598632812
2023-12-24,91,85.169754,5.8302459716796875
2023-12-24,126,142.35071,-16.3507080078125
2023-12-24,154,128.70805,25.291946411132812
2023-12-24,132,153.36928,-21.369277954101562
2023-12-24,76,81.45083,-5.450828552246094
2023-12-24,61,68.20857,-7.2085723876953125
2023-12-24,108,121.35485,-13.354850769042969
2023-12-24,142,163.23051,-21.230514526367188
2023-12-24,69,76.61602,-7.616020202636719
2023-12-24,205,161.4615,43.53849792480469
2023-12-24,139,133.53363,5.46636962890625
2023-12-24,90,83.326584,6.6734161376953125
2023-12-24,126,129.47676,-3.4767608642578125
2023-12-24,146,152.90512,-6.905120849609375
2023-12-24,85,93.71343,-8.713432312011719
2023-12-24,99,98.28267,0.7173309326171875
2023-12-24,124,125.13088,-1.1308822631835938
2023-12-24,79,80.65301,-1.6530075073242188
2023-12-24,111,114.372765,-3.3727645874023438
2023-12-24,130,146.86456,-16.86456298828125
2023-12-24,80,86.06238,-6.0623779296875
2023-12-24,150,137.61186,12.388137817382812
2023-12-24,51,55.076054,-4.076053619384766
2023-12-24,45,75.016525,-30.016525268554688
2023-12-24,87,111.89767,-24.897666931152344
2023-12-24,82,82.7297,-0.7296981811523438
2023-12-24,163,146.7492,16.25079345703125
2023-12-24,138,146.88625,-8.886245727539062
2023-12-24,111,105.88556,5.11444091796875
2023-12-24,176,151.79445,24.205551147460938
2023-12-24,87,81.89302,5.1069793701171875
2023-12-24,127,117.13908,9.860923767089844
2023-12-24,199,198.51746,0.4825439453125
2023-12-24,133,155.73691,-22.736907958984375
2023-12-24,125,117.511284,7.488716125488281
2023-12-24,207,170.01495,36.98504638671875
2023-12-24,65,65.952736,-0.9527359008789062
2023-12-24,53,56.560837,-3.5608367919921875
2023-12-24,157,133.55164,23.4483642578125
2023-12-24,130,148.17249,-18.1724853515625
2023-12-24,167,150.45909,16.540908813476562
2023-12-24,82,83.3549,-1.3548965454101562
2023-12-24,87,78.224945,8.775054931640625
2023-12-24,54,68.6851,-14.685096740722656
2023-12-24,83,80.98289,2.0171127319335938
2023-12-24,147,150.60808,-3.6080780029296875
2023-12-24,193,159.73788,33.262115478515625
2023-12-24,126,135.3854,-9.385406494140625
2023-12-24,88,83.32308,4.676918029785156
2023-12-24,90,110.167244,-20.16724395751953
2023-12-24,84,67.62563,16.374366760253906
2023-12-24,122,105.209366,16.790634155273438
2023-12-24,221,201.08423,19.915771484375
2023-12-24,35,49.376316,-14.37631607055664
2023-12-24,89,86.57662,2.4233779907226562
2023-12-24,202,175.57846,26.421539306640625
2023-12-24,110,96.52459,13.475410461425781
2023-12-24,51,55.37586,-4.375858306884766
2023-12-24,130,106.483864,23.516136169433594
2023-12-24,149,138.43715,10.562850952148438
2023-12-24,77,80.82093,-3.8209304809570312
2023-12-24,41,51.707756,-10.707756042480469
2023-12-24,162,151.64691,10.35308837890625
2023-12-24,92,94.978806,-2.9788055419921875
2023-12-24,107,103.35203,3.6479721069335938
2023-12-24,49,49.66829,-0.6682891845703125
2023-12-24,206,212.05923,-6.059234619140625
2023-12-24,114,133.86195,-19.861953735351562
2023-12-24,73,75.06763,-2.067626953125
2023-12-24,252,196.96753,55.032470703125
2023-12-24,114,117.5086,-3.5085983276367188
2023-12-24,177,165.22313,11.776870727539062
2023-12-24,162,183.43765,-21.437652587890625
2023-12-24,127,138.90663,-11.906631469726562
2023-12-24,117,126.615326,-9.615325927734375
2023-12-24,199,188.45943,10.540573120117188
2023-12-24,63,59.1959,3.8041000366210938
2023-12-24,62,64.65399,-2.65399169921875
2023-12-24,115,101.15669,13.843307495117188
2023-12-24,136,143.34187,-7.3418731689453125
2023-12-24,86,90.10056,-4.100563049316406
2023-12-24,62,86.19349,-24.19348907470703
2023-12-24,105,114.33666,-9.336662292480469
2023-12-24,174,166.88112,7.1188812255859375
2023-12-24,88,93.56205,-5.562049865722656
2023-12-24,84,85.8058,-1.8058013916015625
2023-12-25,72,103.178535,-31.17853546142578
2023-12-25,64,86.08296,-22.082962036132812
2023-12-25,100,110.14491,-10.144912719726562
2023-12-25,119,133.8043,-14.804306030273438
2023-12-25,59,55.449436,3.5505638122558594
2023-12-25,107,98.196625,8.803375244140625
2023-12-25,102,114.358315,-12.358314514160156
2023-12-25,46,38.60709,7.392910003662109
2023-12-25,85,97.81639,-12.816390991210938
2023-12-25,82,94.99212,-12.992118835449219
2023-12-25,59,58.566456,0.4335441589355469
2023-12-25,112,106.966866,5.033134460449219
2023-12-25,115,101.411865,13.588134765625
2023-12-25,77,78.470375,-1.4703750610351562
2023-12-25,104,93.08966,10.91033935546875
2023-12-25,63,62.96016,0.0398406982421875
2023-12-25,86,100.8632,-14.863197326660156
2023-12-25,52,54.18795,-2.1879501342773438
2023-12-25,74,76.34665,-2.346649169921875
2023-12-25,89,78.7095,10.290496826171875
2023-12-25,203,187.87064,15.129364013671875
2023-12-25,78,103.87742,-25.877418518066406
2023-12-25,95,93.01056,1.98944091796875
2023-12-25,112,136.51505,-24.515045166015625
2023-12-25,91,71.59707,19.402931213378906
2023-12-25,142,127.56009,14.439910888671875
2023-12-25,92,108.30452,-16.304519653320312
2023-12-25,122,120.06506,1.9349365234375
2023-12-25,110,110.46026,-0.46025848388671875
2023-12-25,102,144.24738,-42.24737548828125
2023-12-25,42,35.873753,6.126247406005859
2023-12-25,32,49.88971,-17.88970947265625
2023-12-25,87,82.33038,4.66961669921875
2023-12-25,54,76.40556,-22.405563354492188
2023-12-25,133,122.26647,10.733528137207031
2023-12-25,132,105.6027,26.397300720214844
2023-12-25,97,126.52601,-29.52600860595703
2023-12-25,129,113.417656,15.582344055175781
2023-12-25,126,113.86261,12.13739013671875
2023-12-25,110,106.35623,3.643768310546875
2023-12-25,103,108.654076,-5.654075622558594
2023-12-25,26,62.750107,-36.75010681152344
2023-12-25,82,84.62624,-2.6262435913085938
2023-12-25,134,142.96083,-8.960830688476562
2023-12-25,93,86.067314,6.932685852050781
2023-12-25,75,65.39919,9.600807189941406
2023-12-25,130,116.64283,13.357170104980469
2023-12-25,103,92.49003,10.509971618652344
2023-12-25,60,69.21484,-9.21484375
2023-12-25,4,57.421223,-53.42122268676758
2023-12-25,131,114.70312,16.29688262939453
2023-12-25,76,71.47656,4.5234375
2023-12-25,129,114.32095,14.679046630859375
2023-12-25,70,83.86325,-13.863250732421875
2023-12-25,91,82.62868,8.371322631835938
2023-12-25,34,44.943886,-10.943885803222656
2023-12-25,65,67.322556,-2.3225555419921875
2023-12-25,55,64.336945,-9.336944580078125
2023-12-25,115,103.40806,11.591941833496094
2023-12-25,111,90.95545,20.04454803466797
2023-12-25,155,176.58673,-21.58673095703125
2023-12-25,128,141.69226,-13.6922607421875
2023-12-25,75,74.43788,0.5621185302734375
2023-12-25,209,207.36884,1.63116455078125
2023-12-25,162,151.45345,10.546554565429688
2023-12-25,94,82.798256,11.201744079589844
2023-12-25,58,56.719437,1.2805633544921875
2023-12-25,59,52.73637,6.263629913330078
2023-12-25,140,144.32062,-4.32061767578125
2023-12-25,148,151.43942,-3.439422607421875
2023-12-25,115,107.86871,7.13128662109375
2023-12-25,160,159.90239,0.0976104736328125
2023-12-25,83,95.62712,-12.627120971679688
2023-12-25,72,73.20121,-1.2012100219726562
2023-12-25,120,115.80438,4.19561767578125
2023-12-25,74,68.643196,5.356803894042969
2023-12-25,101,110.426735,-9.426734924316406
2023-12-25,113,105.69377,7.3062286376953125
2023-12-25,218,147.7083,70.29170227050781
2023-12-25,77,77.2687,-0.26869964599609375
2023-12-25,166,165.91705,0.08294677734375
2023-12-25,92,98.97394,-6.97393798828125
2023-12-25,56,61.746304,-5.746303558349609
2023-12-25,113,126.38129,-13.38128662109375
2023-12-25,71,67.10692,3.8930816650390625
2023-12-25,177,127.26866,49.73133850097656
2023-12-25,42,69.061844,-27.061843872070312
2023-12-25,71,59.03542,11.964580535888672
2023-12-25,66,75.05336,-9.053359985351562
2023-12-25,190,157.65639,32.34361267089844
2023-12-25,121,107.2852,13.714797973632812
2023-12-25,67,68.17737,-1.1773681640625
2023-12-25,103,95.79516,7.204841613769531
2023-12-25,77,75.23949,1.7605133056640625
2023-12-25,190,162.68999,27.310012817382812
2023-12-25,96,88.97936,7.020637512207031
2023-12-25,107,110.182556,-3.18255615234375
2023-12-25,101,88.42064,12.579360961914062
2023-12-25,66,64.09446,1.9055404663085938
2023-12-25,95,77.97635,17.023651123046875
2023-12-26,132,154.93573,-22.93572998046875
2023-12-26,154,126.7203,27.279701232910156
2023-12-26,91,85.51572,5.484283447265625
2023-12-26,107,109.921776,-2.9217758178710938
2023-12-26,129,113.0906,15.909400939941406
2023-12-26,38,51.676163,-13.676162719726562
2023-12-26,126,106.47512,19.524879455566406
2023-12-26,142,130.62164,11.37835693359375
2023-12-26,189,176.78232,12.217681884765625
2023-12-26,73,69.47711,3.52288818359375
2023-12-26,71,75.52704,-4.52703857421875
2023-12-26,109,110.75013,-1.7501296997070312
2023-12-26,75,68.111496,6.8885040283203125
2023-12-26,109,102.80899,6.191009521484375
2023-12-26,104,91.24382,12.756179809570312
2023-12-26,114,133.82938,-19.829376220703125
2023-12-26,114,88.47933,25.520668029785156
2023-12-26,120,109.35961,10.640388488769531
2023-12-26,58,56.816708,1.1832923889160156
2023-12-26,74,79.40485,-5.40484619140625
2023-12-26,119,107.43673,11.563270568847656
2023-12-26,75,87.11046,-12.110458374023438
2023-12-26,50,61.87917,-11.879169464111328
2023-12-26,99,120.389206,-21.389205932617188
2023-12-26,63,74.808846,-11.808845520019531
2023-12-26,97,89.026085,7.973915100097656
2023-12-26,76,74.56609,1.4339065551757812
2023-12-26,223,210.47156,12.5284423828125
2023-12-26,249,200.01654,48.98345947265625
2023-12-26,109,126.301445,-17.30144500732422
2023-12-26,192,183.82507,8.1749267578125
2023-12-26,76,108.016655,-32.01665496826172
2023-12-26,100,89.83501,10.164993286132812
2023-12-26,168,145.64479,22.355209350585938
2023-12-26,82,96.76808,-14.768081665039062
2023-12-26,154,151.33388,2.6661224365234375
2023-12-26,144,133.91176,10.088241577148438
2023-12-26,125,108.892235,16.107765197753906
2023-12-26,120,111.9491,8.0509033203125
2023-12-26,130,109.913414,20.086585998535156
2023-12-26,175,182.10973,-7.1097259521484375
2023-12-26,48,57.079502,-9.07950210571289
2023-12-26,123,127.96336,-4.9633636474609375
2023-12-26,160,173.66212,-13.662124633789062
2023-12-26,163,147.33643,15.66357421875
2023-12-26,102,113.074776,-11.074775695800781
2023-12-26,91,89.68024,1.31976318359375
2023-12-26,112,131.1488,-19.1488037109375
2023-12-26,203,174.65823,28.341766357421875
2023-12-26,172,165.92189,6.0781097412109375
2023-12-26,122,112.21834,9.781661987304688
2023-12-26,113,118.34566,-5.3456573486328125
2023-12-26,55,48.659275,6.340724945068359
2023-12-26,63,68.69249,-5.6924896240234375
2023-12-26,105,112.598274,-7.598274230957031
2023-12-26,246,225.92033,20.079666137695312
2023-12-26,67,68.4919,-1.4918975830078125
2023-12-26,103,109.52493,-6.524932861328125
2023-12-26,126,118.45445,7.5455474853515625
2023-12-26,119,120.118706,-1.1187057495117188
2023-12-26,191,194.38493,-3.3849334716796875
2023-12-26,85,89.98228,-4.982276916503906
2023-12-26,85,86.512665,-1.512664794921875
2023-12-26,111,120.1212,-9.121200561523438
2023-12-26,157,134.77606,22.22393798828125
2023-12-26,91,95.79536,-4.795356750488281
2023-12-26,153,151.03671,1.963287353515625
2023-12-26,106,106.33783,-0.33782958984375
2023-12-26,111,99.72238,11.277618408203125
2023-12-26,165,166.68365,-1.68365478515625
2023-12-26,153,132.606,20.393997192382812
2023-12-26,141,134.89507,6.1049346923828125
2023-12-26,96,106.35425,-10.354248046875
2023-12-26,41,51.273808,-10.273807525634766
2023-12-26,79,83.255905,-4.2559051513671875
2023-12-26,100,100.02625,-0.02625274658203125
2023-12-26,167,156.10643,10.893569946289062
2023-12-26,104,98.90308,5.096916198730469
2023-12-26,138,107.7072,30.292800903320312
2023-12-26,52,58.939053,-6.939052581787109
2023-12-26,140,152.3479,-12.347900390625
2023-12-26,92,94.77024,-2.7702407836914062
2023-12-26,95,76.15771,18.84229278564453
2023-12-26,116,117.20696,-1.2069625854492188
2023-12-26,118,113.46343,4.536567687988281
2023-12-26,157,126.37396,30.62603759765625
2023-12-26,49,62.071785,-13.071784973144531
2023-12-26,210,183.2765,26.723495483398438
2023-12-26,86,104.35713,-18.357131958007812
2023-12-26,111,111.30672,-0.3067169189453125
2023-12-26,134,123.165215,10.834785461425781
2023-12-26,85,90.92695,-5.926948547363281
2023-12-26,145,140.45807,4.54193115234375
2023-12-26,73,76.87361,-3.8736114501953125
2023-12-26,103,113.07163,-10.071632385253906
2023-12-26,159,134.56886,24.431137084960938
2023-12-26,70,75.47626,-5.47625732421875
2023-12-26,68,64.21082,3.7891769409179688
2023-12-26,66,62.122223,3.877777099609375
2023-12-26,93,78.85843,14.141571044921875
2023-12-27,51,71.80261,-20.8026123046875
2023-12-27,96,116.7604,-20.760398864746094
2023-12-27,128,121.89799,6.102012634277344
2023-12-27,36,43.51819,-7.5181884765625
2023-12-27,57,59.19828,-2.1982803344726562
2023-12-27,41,31.089458,9.910541534423828
2023-12-27,15,15.98142,-0.981419563293457
2023-12-27,56,70.41101,-14.4110107421875
2023-12-27,99,131.4364,-32.4364013671875
2023-12-27,45,47.55821,-2.558208465576172
2023-12-27,19,33.90099,-14.900989532470703
2023-12-27,50,57.39461,-7.394611358642578
2023-12-27,44,33.19271,10.807289123535156
2023-12-27,45,45.268387,-0.2683868408203125
2023-12-27,58,43.089165,14.910835266113281
2023-12-27,51,61.18938,-10.189380645751953
2023-12-27,18,16.873564,1.1264362335205078
2023-12-27,62,60.6453,1.3546981811523438
2023-12-27,47,33.537888,13.462112426757812
2023-12-27,45,37.185356,7.814643859863281
2023-12-27,72,113.33166,-41.33165740966797
2023-12-27,58,52.601,5.398998260498047
2023-12-27,74,63.23655,10.763450622558594
2023-12-27,79,90.31086,-11.310859680175781
2023-12-27,54,57.642765,-3.6427650451660156
2023-12-27,139,128.50957,10.490432739257812
2023-12-27,20,33.351788,-13.351787567138672
2023-12-27,97,91.49966,5.500343322753906
2023-12-27,105,88.71742,16.282577514648438
2023-12-27,167,153.80539,13.194610595703125
2023-12-27,108,81.27268,26.727317810058594
2023-12-27,47,49.74818,-2.748180389404297
2023-12-27,80,80.223076,-0.22307586669921875
2023-12-27,58,50.010044,7.989955902099609
2023-12-27,221,197.82526,23.17474365234375
2023-12-27,130,139.26436,-9.264358520507812
2023-12-27,39,32.42858,6.571418762207031
2023-12-27,136,114.35414,21.645858764648438
2023-12-27,243,213.99922,29.000778198242188
2023-12-27,34,28.604433,5.395566940307617
2023-12-27,11,26.199759,-15.199758529663086
2023-12-27,157,134.14456,22.855438232421875
2023-12-27,68,41.97546,26.024539947509766
2023-12-27,48,31.93534,16.064659118652344
2023-12-27,17,26.490124,-9.490123748779297
2023-12-27,5,12.6737385,-7.673738479614258
2023-12-27,74,66.104416,7.8955841064453125
2023-12-27,53,79.57263,-26.5726318359375
2023-12-27,39,58.509644,-19.5096435546875
2023-12-27,96,99.00055,-3.00054931640625
2023-12-27,37,68.080284,-31.080284118652344
2023-12-27,30,30.66996,-0.6699600219726562
2023-12-27,85,99.93738,-14.9373779296875
2023-12-27,66,68.50991,-2.5099105834960938
2023-12-27,122,132.11148,-10.111480712890625
2023-12-27,74,73.52606,0.47393798828125
2023-12-27,52,51.837173,0.1628265380859375
2023-12-27,49,39.01416,9.98583984375
2023-12-27,91,98.85466,-7.8546600341796875
2023-12-27,155,163.49066,-8.49066162109375
2023-12-27,85,89.97704,-4.977043151855469
2023-12-27,103,102.26469,0.7353134155273438
2023-12-27,55,52.639847,2.3601531982421875
2023-12-27,65,52.510605,12.489395141601562
2023-12-27,116,105.509895,10.490104675292969
2023-12-27,43,54.998287,-11.998287200927734
2023-12-27,105,96.30531,8.694686889648438
2023-12-27,42,34.166218,7.833782196044922
2023-12-27,131,132.43277,-1.432769775390625
2023-12-27,133,104.346275,28.653724670410156
2023-12-27,95,97.70535,-2.705352783203125
2023-12-27,65,55.639748,9.360252380371094
2023-12-27,86,86.07694,-0.07694244384765625
2023-12-27,17,22.675697,-5.675697326660156
2023-12-27,51,48.14142,2.85858154296875
2023-12-27,27,27.958443,-0.9584426879882812
2023-12-27,165,145.23688,19.76312255859375
2023-12-27,28,32.630688,-4.630687713623047
2023-12-27,156,148.33542,7.664581298828125
2023-12-27,28,23.093267,4.906732559204102
2023-12-27,114,105.71664,8.283363342285156
2023-12-27,38,42.320038,-4.320037841796875
2023-12-27,44,36.30762,7.692378997802734
2023-12-27,73,81.82477,-8.82476806640625
2023-12-27,60,61.865707,-1.8657073974609375
2023-12-27,77,76.31249,0.6875076293945312
2023-12-27,91,92.29221,-1.2922134399414062
2023-12-27,84,90.41649,-6.4164886474609375
2023-12-27,102,134.31041,-32.31040954589844
2023-12-27,112,92.352,19.64800262451172
2023-12-27,70,72.258896,-2.2588958740234375
2023-12-27,44,44.91495,-0.9149513244628906
2023-12-27,47,24.048166,22.951833724975586
2023-12-27,16,24.769127,-8.769126892089844
2023-12-27,84,79.18442,4.815582275390625
2023-12-27,18,40.80347,-22.803470611572266
2023-12-27,25,20.96826,4.031740188598633
2023-12-27,60,59.04666,0.953338623046875
2023-12-27,32,38.936913,-6.936912536621094
2023-12-27,40,28.411655,11.58834457397461
2023-12-28,73,82.19744,-9.197441101074219
2023-12-28,150,191.54042,-41.54042053222656
2023-12-28,183,166.47704,16.522964477539062
2023-12-28,63,57.95081,5.049190521240234
2023-12-28,93,85.06106,7.938941955566406
2023-12-28,35,35.052094,-0.052093505859375
2023-12-28,90,81.5432,8.456802368164062
2023-12-28,34,32.414825,1.585174560546875
2023-12-28,85,102.97383,-17.973831176757812
2023-12-28,29,50.79329,-21.793289184570312
2023-12-28,66,51.956566,14.043434143066406
2023-12-28,111,114.67594,-3.6759414672851562
2023-12-28,30,62.559948,-32.5599479675293
2023-12-28,73,85.70564,-12.705642700195312
2023-12-28,32,42.127617,-10.127616882324219
2023-12-28,99,87.64114,11.358856201171875
2023-12-28,63,93.69539,-30.695388793945312
2023-12-28,121,123.374084,-2.37408447265625
2023-12-28,28,33.667145,-5.667144775390625
2023-12-28,26,29.442078,-3.44207763671875
2023-12-28,116,142.39989,-26.399887084960938
2023-12-28,29,72.01386,-43.01386260986328
2023-12-28,69,98.30133,-29.30133056640625
2023-12-28,58,55.035126,2.964874267578125
2023-12-28,72,76.46337,-4.463371276855469
2023-12-28,81,89.66923,-8.669227600097656
2023-12-28,19,15.104904,3.8950958251953125
2023-12-28,105,90.37822,14.621780395507812
2023-12-28,66,60.665085,5.3349151611328125
2023-12-28,83,93.75746,-10.757461547851562
2023-12-28,82,83.134964,-1.1349639892578125
2023-12-28,51,51.013363,-0.013362884521484375
2023-12-28,64,70.286194,-6.28619384765625
2023-12-28,11,23.708693,-12.70869255065918
2023-12-28,106,79.27583,26.724166870117188
2023-12-28,116,107.91761,8.082389831542969
2023-12-28,26,46.2117,-20.211700439453125
2023-12-28,119,129.7544,-10.75439453125
2023-12-28,96,81.59692,14.403083801269531
2023-12-28,33,34.155205,-1.1552047729492188
2023-12-28,41,44.38593,-3.3859291076660156
2023-12-28,88,101.36092,-13.360923767089844
2023-12-28,76,94.60083,-18.600830078125
2023-12-28,86,86.88302,-0.8830184936523438
2023-12-28,21,19.537964,1.4620361328125
2023-12-28,30,24.909336,5.090663909912109
2023-12-28,86,78.41921,7.580787658691406
2023-12-28,77,85.55413,-8.554130554199219
2023-12-28,59,66.99492,-7.9949188232421875
2023-12-28,123,119.71688,3.2831192016601562
2023-12-28,64,68.37404,-4.3740386962890625
2023-12-28,43,39.51047,3.4895286560058594
2023-12-28,92,115.96808,-23.96807861328125
2023-12-28,79,74.90676,4.093238830566406
2023-12-28,78,112.32596,-34.325958251953125
2023-12-28,39,42.72282,-3.722820281982422
2023-12-28,36,56.154663,-20.1546630859375
2023-12-28,40,33.20985,6.790149688720703
2023-12-28,88,115.930916,-27.93091583251953
2023-12-28,172,125.38491,46.615089416503906
2023-12-28,90,87.93547,2.0645294189453125
2023-12-28,91,109.38098,-18.3809814453125
2023-12-28,28,36.327908,-8.32790756225586
2023-12-28,82,69.57355,12.42645263671875
2023-12-28,193,175.35838,17.641616821289062
2023-12-28,55,68.92325,-13.923248291015625
2023-12-28,55,59.119278,-4.1192779541015625
2023-12-28,52,38.875893,13.124107360839844
2023-12-28,103,107.4978,-4.497802734375
2023-12-28,60,63.308254,-3.3082542419433594
2023-12-28,59,62.74007,-3.740070343017578
2023-12-28,44,48.31658,-4.316581726074219
2023-12-28,48,56.542137,-8.542137145996094
2023-12-28,37,37.358562,-0.3585624694824219
2023-12-28,47,54.29835,-7.298351287841797
2023-12-28,27,29.024158,-2.024158477783203
2023-12-28,128,121.1096,6.890403747558594
2023-12-28,27,35.67903,-8.679031372070312
2023-12-28,145,114.3148,30.685203552246094
2023-12-28,23,25.622515,-2.6225147247314453
2023-12-28,84,76.55496,7.445037841796875
2023-12-28,75,68.50674,6.493263244628906
2023-12-28,27,52.00658,-25.006580352783203
2023-12-28,140,139.80678,0.1932220458984375
2023-12-28,46,64.61622,-18.61621856689453
2023-12-28,112,107.62705,4.372947692871094
2023-12-28,65,69.14503,-4.145027160644531
2023-12-28,66,54.095173,11.904827117919922
2023-12-28,92,101.96971,-9.969711303710938
2023-12-28,69,90.78793,-21.787933349609375
2023-12-28,50,40.33847,9.661529541015625
2023-12-28,41,38.619137,2.3808631896972656
2023-12-28,49,73.1305,-24.13050079345703
2023-12-28,29,35.080254,-6.080253601074219
2023-12-28,106,155.48593,-49.485931396484375
2023-12-28,8,11.572417,-3.5724172592163086
2023-12-28,12,38.296406,-26.296405792236328
2023-12-28,193,183.79575,9.204254150390625
2023-12-28,16,29.257898,-13.257898330688477
2023-12-28,28,13.459825,14.540175437927246
2023-12-29,90,68.21525,21.784751892089844
2023-12-29,253,224.00137,28.998626708984375
2023-12-29,153,134.49469,18.50531005859375
2023-12-29,39,52.780308,-13.78030776977539
2023-12-29,56,65.86345,-9.863449096679688
2023-12-29,13,24.687273,-11.687273025512695
2023-12-29,91,91.517494,-0.5174942016601562
2023-12-29,64,60.877037,3.1229629516601562
2023-12-29,137,134.8872,2.11279296875
2023-12-29,20,34.42636,-14.426361083984375
2023-12-29,59,51.612114,7.387886047363281
2023-12-29,86,73.47641,12.523590087890625
2023-12-29,28,20.251808,7.748191833496094
2023-12-29,127,126.17332,0.8266830444335938
2023-12-29,41,49.93275,-8.932750701904297
2023-12-29,86,60.77562,25.224380493164062
2023-12-29,34,16.763893,17.236106872558594
2023-12-29,73,84.401535,-11.401535034179688
2023-12-29,28,28.686508,-0.6865081787109375
2023-12-29,37,32.288517,4.711483001708984
2023-12-29,63,47.131138,15.86886215209961
2023-12-29,33,73.18906,-40.189056396484375
2023-12-29,89,88.630646,0.369354248046875
2023-12-29,73,126.94764,-53.94763946533203
2023-12-29,71,81.94508,-10.945083618164062
2023-12-29,76,73.12946,2.8705368041992188
2023-12-29,16,25.161558,-9.161558151245117
2023-12-29,115,103.893616,11.10638427734375
2023-12-29,128,123.8181,4.1819000244140625
2023-12-29,116,105.05181,10.948188781738281
2023-12-29,84,79.854294,4.1457061767578125
2023-12-29,46,44.713345,1.2866554260253906
2023-12-29,124,110.32615,13.673851013183594
2023-12-29,57,47.455418,9.54458236694336
2023-12-29,153,156.17252,-3.172515869140625
2023-12-29,114,109.124176,4.875823974609375
2023-12-29,22,16.88814,5.111860275268555
2023-12-29,126,140.79128,-14.791275024414062
2023-12-29,149,144.29779,4.70220947265625
2023-12-29,44,40.460903,3.5390968322753906
2023-12-29,30,22.602345,7.397655487060547
2023-12-29,69,89.044235,-20.044235229492188
2023-12-29,82,68.96735,13.03265380859375
2023-12-29,57,66.18824,-9.188240051269531
2023-12-29,29,37.431206,-8.431205749511719
2023-12-29,33,27.923306,5.076694488525391
2023-12-29,76,63.000076,12.999923706054688
2023-12-29,103,102.99378,0.00621795654296875
2023-12-29,92,91.50485,0.495147705078125
2023-12-29,66,60.68345,5.316551208496094
2023-12-29,96,84.87584,11.124160766601562
2023-12-29,29,21.60539,7.394609451293945
2023-12-29,45,43.888153,1.111846923828125
2023-12-29,69,62.477962,6.522037506103516
2023-12-29,94,102.226,-8.225997924804688
2023-12-29,63,65.76566,-2.7656631469726562
2023-12-29,43,35.224304,7.77569580078125
2023-12-29,30,45.30258,-15.302581787109375
2023-12-29,69,51.63777,17.362228393554688
2023-12-29,122,103.47529,18.52471160888672
2023-12-29,70,49.612385,20.387615203857422
2023-12-29,46,65.55533,-19.555328369140625
2023-12-29,20,24.291962,-4.291961669921875
2023-12-29,56,60.790276,-4.790275573730469
2023-12-29,82,102.41879,-20.418792724609375
2023-12-29,63,55.69768,7.302318572998047
2023-12-29,26,29.774391,-3.7743911743164062
2023-12-29,22,28.078503,-6.078502655029297
2023-12-29,107,115.37749,-8.377487182617188
2023-12-29,34,38.592937,-4.592937469482422
2023-12-29,189,148.31949,40.680511474609375
2023-12-29,37,41.49421,-4.494209289550781
2023-12-29,94,82.66642,11.333580017089844
2023-12-29,29,28.066704,0.9332962036132812
2023-12-29,26,26.605268,-0.6052684783935547
2023-12-29,40,22.573748,17.426252365112305
2023-12-29,108,101.41376,6.58624267578125
2023-12-29,32,31.854336,0.14566421508789062
2023-12-29,98,75.438126,22.561874389648438
2023-12-29,44,39.61192,4.388080596923828
2023-12-29,63,59.0429,3.9570999145507812
2023-12-29,38,56.36117,-18.36117172241211
2023-12-29,18,17.139301,0.8606986999511719
2023-12-29,37,67.953674,-30.95367431640625
2023-12-29,87,109.591705,-22.591705322265625
2023-12-29,55,46.590725,8.40927505493164
2023-12-29,86,72.574234,13.425765991210938
2023-12-29,113,118.98966,-5.989662170410156
2023-12-29,110,117.920425,-7.9204254150390625
2023-12-29,51,49.773525,1.2264747619628906
2023-12-29,4,24.99007,-20.990070343017578
2023-12-29,51,45.529472,5.470527648925781
2023-12-29,92,96.57313,-4.573127746582031
2023-12-29,34,38.869072,-4.869071960449219
2023-12-29,91,85.498116,5.501884460449219
2023-12-29,11,16.630646,-5.630645751953125
2023-12-29,25,30.580883,-5.580883026123047
2023-12-29,194,173.51903,20.480972290039062
2023-12-29,37,36.00859,0.9914093017578125
2023-12-29,10,15.401631,-5.4016313552856445
2023-12-30,54,48.153454,5.846546173095703
2023-12-30,97,80.8499,16.150100708007812
2023-12-30,80,91.84342,-11.843421936035156
2023-12-30,42,41.255524,0.744476318359375
2023-12-30,76,76.767715,-0.7677154541015625
2023-12-30,21,19.150393,1.8496074676513672
2023-12-30,69,58.774364,10.225635528564453
2023-12-30,26,39.136253,-13.136253356933594
2023-12-30,89,113.091576,-24.091575622558594
2023-12-30,23,25.837065,-2.837064743041992
2023-12-30,28,31.448217,-3.4482173919677734
2023-12-30,28,39.988815,-11.988815307617188
2023-12-30,13,18.814838,-5.814838409423828
2023-12-30,75,87.18416,-12.184158325195312
2023-12-30,38,21.796106,16.203893661499023
2023-12-30,56,68.36993,-12.369926452636719
2023-12-30,24,20.80819,3.1918106079101562
2023-12-30,56,56.672073,-0.6720733642578125
2023-12-30,49,41.36162,7.638378143310547
2023-12-30,15,24.190199,-9.19019889831543
2023-12-30,58,57.34787,0.652130126953125
2023-12-30,41,36.939762,4.060237884521484
2023-12-30,14,25.163496,-11.163496017456055
2023-12-30,90,91.39569,-1.39569091796875
2023-12-30,47,43.09332,3.9066810607910156
2023-12-30,157,158.75734,-1.7573394775390625
2023-12-30,9,5.1900096,3.809990406036377
2023-12-30,76,77.76576,-1.7657623291015625
2023-12-30,74,77.85647,-3.8564682006835938
2023-12-30,74,70.43271,3.567291259765625
2023-12-30,65,63.841644,1.158355712890625
2023-12-30,50,46.828224,3.1717758178710938
2023-12-30,50,43.70969,6.290309906005859
2023-12-30,29,36.04168,-7.041679382324219
2023-12-30,125,118.27618,6.723823547363281
2023-12-30,125,136.76701,-11.767013549804688
2023-12-30,22,16.106297,5.893703460693359
2023-12-30,136,123.11728,12.882720947265625
2023-12-30,97,100.4179,-3.4179000854492188
2023-12-30,50,37.24774,12.75225830078125
2023-12-30,47,39.70642,7.2935791015625
2023-12-30,101,99.51659,1.4834136962890625
2023-12-30,59,55.035667,3.9643325805664062
2023-12-30,72,60.30439,11.695610046386719
2023-12-30,28,31.110556,-3.110555648803711
2023-12-30,26,22.64877,3.3512306213378906
2023-12-30,59,55.663,3.3370018005371094
2023-12-30,128,127.37028,0.6297225952148438
2023-12-30,76,68.06987,7.9301300048828125
2023-12-30,86,86.32047,-0.32047271728515625
2023-12-30,18,20.127874,-2.1278743743896484
2023-12-30,44,41.74639,2.2536087036132812
2023-12-30,72,60.05108,11.948921203613281
2023-12-30,86,88.54224,-2.542236328125
2023-12-30,118,117.38719,0.6128082275390625
2023-12-30,40,42.540302,-2.540302276611328
2023-12-30,10,20.741476,-10.741476058959961
2023-12-30,42,36.4653,5.534698486328125
2023-12-30,53,48.8935,4.106498718261719
2023-12-30,204,161.25021,42.749786376953125
2023-12-30,80,64.38478,15.615219116210938
2023-12-30,69,59.560738,9.439262390136719
2023-12-30,34,32.230953,1.7690467834472656
2023-12-30,116,122.13085,-6.130851745605469
2023-12-30,134,117.418396,16.58160400390625
2023-12-30,89,83.73617,5.263832092285156
2023-12-30,105,93.39531,11.604690551757812
2023-12-30,38,37.438545,0.5614547729492188
2023-12-30,40,54.016506,-14.01650619506836
2023-12-30,145,130.21599,14.784011840820312
2023-12-30,102,95.87544,6.1245574951171875
2023-12-30,56,50.642414,5.357585906982422
2023-12-30,62,57.57559,4.424411773681641
2023-12-30,36,34.922104,1.0778961181640625
2023-12-30,27,29.26071,-2.260709762573242
2023-12-30,51,38.776466,12.223533630371094
2023-12-30,191,185.94284,5.057159423828125
2023-12-30,25,25.553417,-0.5534172058105469
2023-12-30,147,138.9245,8.07550048828125
2023-12-30,50,42.216976,7.783023834228516
2023-12-30,37,47.00952,-10.009521484375
2023-12-30,44,40.681705,3.3182945251464844
2023-12-30,21,26.921267,-5.921266555786133
2023-12-30,51,54.968086,-3.9680862426757812
2023-12-30,33,46.34688,-13.346881866455078
2023-12-30,49,45.109394,3.890605926513672
2023-12-30,62,78.63061,-16.63060760498047
2023-12-30,54,58.326435,-4.326435089111328
2023-12-30,49,71.95167,-22.95166778564453
2023-12-30,35,48.00404,-13.004039764404297
2023-12-30,40,30.930172,9.069828033447266
2023-12-30,15,20.906647,-5.906646728515625
2023-12-30,36,38.147457,-2.1474571228027344
2023-12-30,33,34.25301,-1.2530097961425781
2023-12-30,65,57.95759,7.042411804199219
2023-12-30,35,25.980003,9.019996643066406
2023-12-30,27,19.034441,7.965559005737305
2023-12-30,138,144.46802,-6.468017578125
2023-12-30,50,41.35258,8.647418975830078
2023-12-30,35,26.823795,8.176204681396484
2023-12-31,60,58.49824,1.5017585754394531
2023-12-31,141,155.32043,-14.3204345703125
2023-12-31,4,22.036861,-18.036861419677734
2023-12-31,48,56.923317,-8.923316955566406
2023-12-31,38,32.33475,5.665248870849609
2023-12-31,44,51.249382,-7.249382019042969
2023-12-31,81,72.959175,8.040824890136719
2023-12-31,52,33.54212,18.45787811279297
2023-12-31,146,160.9611,-14.961105346679688
2023-12-31,58,49.239254,8.760746002197266
2023-12-31,25,31.029966,-6.029966354370117
2023-12-31,43,50.853104,-7.8531036376953125
2023-12-31,42,25.058352,16.941648483276367
2023-12-31,78,82.97381,-4.973808288574219
2023-12-31,63,44.149555,18.850444793701172
2023-12-31,68,79.98275,-11.982749938964844
2023-12-31,34,34.998665,-0.9986648559570312
2023-12-31,55,55.406937,-0.4069366455078125
2023-12-31,47,38.921932,8.078067779541016
2023-12-31,27,26.933899,0.06610107421875
2023-12-31,137,136.35257,0.647430419921875
2023-12-31,39,28.54603,10.453969955444336
2023-12-31,34,58.626114,-24.626113891601562
2023-12-31,69,66.2082,2.7918014526367188
2023-12-31,44,54.839417,-10.83941650390625
2023-12-31,121,128.58635,-7.5863494873046875
2023-12-31,30,32.373413,-2.3734130859375
2023-12-31,47,37.633007,9.366992950439453
2023-12-31,35,50.6363,-15.636299133300781
2023-12-31,94,90.13314,3.8668594360351562
2023-12-31,75,72.33814,2.6618576049804688
2023-12-31,30,31.856663,-1.8566627502441406
2023-12-31,39,59.368732,-20.368732452392578
2023-12-31,80,68.2119,11.788101196289062
2023-12-31,165,143.923,21.076995849609375
2023-12-31,62,65.64977,-3.6497726440429688
2023-12-31,27,30.648287,-3.648286819458008
2023-12-31,48,58.72921,-10.729209899902344
2023-12-31,109,123.85067,-14.850669860839844
2023-12-31,26,27.525267,-1.5252666473388672
2023-12-31,11,3.4492378,7.550762176513672
2023-12-31,53,50.97522,2.0247802734375
2023-12-31,66,66.235825,-0.2358245849609375
2023-12-31,67,75.15185,-8.151847839355469
2023-12-31,17,21.07575,-4.075750350952148
2023-12-31,49,42.241413,6.758586883544922
2023-12-31,25,39.666344,-14.666343688964844
2023-12-31,178,184.84389,-6.8438873291015625
2023-12-31,68,59.8733,8.126701354980469
2023-12-31,95,83.777405,11.22259521484375
2023-12-31,31,44.08397,-13.083969116210938
2023-12-31,37,31.420849,5.579151153564453
2023-12-31,105,111.49498,-6.4949798583984375
2023-12-31,73,66.2771,6.722900390625
2023-12-31,75,96.11963,-21.11962890625
2023-12-31,99,84.4414,14.558601379394531
2023-12-31,51,42.351265,8.648735046386719
2023-12-31,15,26.525778,-11.525777816772461
2023-12-31,135,126.521095,8.478904724121094
2023-12-31,106,99.11803,6.8819732666015625
2023-12-31,82,83.528076,-1.528076171875
2023-12-31,50,60.49794,-10.497940063476562
2023-12-31,6,18.431019,-12.431018829345703
2023-12-31,59,52.62881,6.371189117431641
2023-12-31,71,76.13855,-5.1385498046875
2023-12-31,56,57.585793,-1.5857925415039062
2023-12-31,116,121.945755,-5.9457550048828125
2023-12-31,30,27.160172,2.8398284912109375
2023-12-31,143,145.9264,-2.9264068603515625
2023-12-31,31,40.1791,-9.179100036621094
2023-12-31,120,112.24653,7.753471374511719
2023-12-31,49,45.801746,3.198253631591797
2023-12-31,47,65.09849,-18.098487854003906
2023-12-31,27,27.671219,-0.6712188720703125
2023-12-31,25,27.781464,-2.781463623046875
2023-12-31,44,42.649204,1.3507957458496094
2023-12-31,143,132.20863,10.791366577148438
2023-12-31,40,36.36323,3.636768341064453
2023-12-31,137,120.52035,16.479652404785156
2023-12-31,47,35.028095,11.971904754638672
2023-12-31,82,60.841663,21.158336639404297
2023-12-31,66,51.270233,14.729766845703125
2023-12-31,49,34.983692,14.016307830810547
2023-12-31,101,89.31898,11.681022644042969
2023-12-31,59,62.08655,-3.0865516662597656
2023-12-31,43,51.713173,-8.713172912597656
2023-12-31,69,76.514595,-7.514595031738281
2023-12-31,101,95.40756,5.592437744140625
2023-12-31,65,75.578514,-10.578514099121094
2023-12-31,44,49.79251,-5.792510986328125
2023-12-31,42,39.42417,2.5758285522460938
2023-12-31,32,28.750282,3.2497177124023438
2023-12-31,89,101.89324,-12.893241882324219
2023-12-31,59,46.047752,12.952247619628906
2023-12-31,64,63.605515,0.3944854736328125
2023-12-31,25,22.15249,2.8475093841552734
2023-12-31,14,15.081044,-1.0810441970825195
2023-12-31,197,178.22908,18.770919799804688
2023-12-31,37,33.20612,3.7938804626464844
2023-12-31,18,22.820292,-4.820291519165039
2024-01-01,62,57.089123,4.910877227783203
2024-01-01,105,110.65325,-5.653251647949219
2024-01-01,104,115.30245,-11.302452087402344
2024-01-01,19,25.160212,-6.160211563110352
2024-01-01,54,62.103428,-8.10342788696289
2024-01-01,16,16.486563,-0.48656272888183594
2024-01-01,98,73.768265,24.231735229492188
2024-01-01,27,26.579184,0.42081642150878906
2024-01-01,76,73.2512,2.7488021850585938
2024-01-01,64,48.31385,15.686149597167969
2024-01-01,31,26.59976,4.400239944458008
2024-01-01,15,23.739061,-8.73906135559082
2024-01-01,21,20.66607,0.33392906188964844
2024-01-01,53,43.713768,9.286231994628906
2024-01-01,12,16.856373,-4.856372833251953
2024-01-01,79,78.660995,0.3390045166015625
2024-01-01,13,9.903217,3.096782684326172
2024-01-01,101,83.384514,17.61548614501953
2024-01-01,6,20.321228,-14.32122802734375
2024-01-01,25,24.56954,0.43045997619628906
2024-01-01,51,51.411278,-0.41127777099609375
2024-01-01,48,30.238733,17.761266708374023
2024-01-01,91,71.042015,19.957984924316406
2024-01-01,75,62.264442,12.735557556152344
2024-01-01,55,61.977493,-6.9774932861328125
2024-01-01,83,70.46746,12.532539367675781
2024-01-01,36,34.991207,1.0087928771972656
2024-01-01,52,47.96737,4.032630920410156
2024-01-01,89,96.059975,-7.059974670410156
2024-01-01,90,98.3247,-8.324699401855469
2024-01-01,129,118.75923,10.240768432617188
2024-01-01,31,35.623325,-4.623325347900391
2024-01-01,99,77.023056,21.976943969726562
2024-01-01,61,66.60962,-5.609619140625
2024-01-01,121,130.74043,-9.740432739257812
2024-01-01,134,128.4514,5.5485992431640625
2024-01-01,13,3.4414124,9.558587551116943
2024-01-01,138,135.24792,2.7520751953125
2024-01-01,151,157.0488,-6.048797607421875
2024-01-01,55,48.247192,6.7528076171875
2024-01-01,31,29.548006,1.4519939422607422
2024-01-01,115,120.739075,-5.73907470703125
2024-01-01,62,58.675617,3.324382781982422
2024-01-01,59,39.603836,19.396163940429688
2024-01-01,26,16.432297,9.567703247070312
2024-01-01,57,31.275774,25.724225997924805
2024-01-01,78,75.0681,2.9319000244140625
2024-01-01,38,52.46467,-14.464668273925781
2024-01-01,86,86.751434,-0.751434326171875
2024-01-01,94,87.10394,6.89605712890625
2024-01-01,53,51.759125,1.240875244140625
2024-01-01,23,23.265495,-0.26549530029296875
2024-01-01,67,62.485264,4.514736175537109
2024-01-01,115,115.363434,-0.363433837890625
2024-01-01,58,63.2383,-5.238300323486328
2024-01-01,49,48.989853,0.0101470947265625
2024-01-01,16,24.548744,-8.548744201660156
2024-01-01,26,31.020948,-5.02094841003418
2024-01-01,99,92.81174,6.188262939453125
2024-01-01,56,64.20168,-8.201683044433594
2024-01-01,31,41.11619,-10.116191864013672
2024-01-01,115,100.21419,14.785812377929688
2024-01-01,24,34.038036,-10.038036346435547
2024-01-01,101,78.88916,22.11083984375
2024-01-01,141,137.24606,3.753936767578125
2024-01-01,129,113.63445,15.365547180175781
2024-01-01,42,59.34489,-17.344890594482422
2024-01-01,49,38.870678,10.129322052001953
2024-01-01,121,135.23244,-14.232437133789062
2024-01-01,153,157.9438,-4.9438018798828125
2024-01-01,110,97.86225,12.137748718261719
2024-01-01,74,65.67091,8.329086303710938
2024-01-01,116,98.8411,17.158897399902344
2024-01-01,64,55.10008,8.899921417236328
2024-01-01,53,43.377544,9.622455596923828
2024-01-01,30,28.793411,1.2065887451171875
2024-01-01,119,110.011925,8.988075256347656
2024-01-01,71,47.560974,23.43902587890625
2024-01-01,161,160.3788,0.6212005615234375
2024-01-01,66,51.396793,14.603206634521484
2024-01-01,106,81.59186,24.40814208984375
2024-01-01,57,56.071785,0.9282150268554688
2024-01-01,19,11.052958,7.947042465209961
2024-01-01,67,49.447598,17.55240249633789
2024-01-01,110,87.57176,22.428237915039062
2024-01-01,74,56.811073,17.188926696777344
2024-01-01,116,114.141464,1.8585357666015625
2024-01-01,28,34.813656,-6.813655853271484
2024-01-01,90,73.70349,16.2965087890625
2024-01-01,100,73.845955,26.15404510498047
2024-01-01,40,41.758385,-1.7583847045898438
2024-01-01,19,25.539238,-6.539237976074219
2024-01-01,38,49.458046,-11.458045959472656
2024-01-01,62,49.55019,12.449810028076172
2024-01-01,164,146.91048,17.089523315429688
2024-01-01,22,10.878341,11.121659278869629
2024-01-01,33,30.629625,2.3703746795654297
2024-01-01,172,148.7364,23.263595581054688
2024-01-01,40,41.531128,-1.5311279296875
2024-01-01,16,17.443096,-1.4430961608886719
2024-01-02,31,37.077396,-6.077396392822266
2024-01-02,172,171.15317,0.846832275390625
2024-01-02,126,113.26715,12.73284912109375
2024-01-02,46,43.478127,2.5218734741210938
2024-01-02,126,97.97394,28.02606201171875
2024-01-02,79,50.363045,28.63695526123047
2024-01-02,83,104.46765,-21.4676513671875
2024-01-02,41,42.73462,-1.734619140625
2024-01-02,213,199.52068,13.479324340820312
2024-01-02,34,34.916862,-0.9168624877929688
2024-01-02,39,35.111214,3.8887863159179688
2024-01-02,50,43.40739,6.592609405517578
2024-01-02,16,8.852957,7.147043228149414
2024-01-02,104,94.10515,9.894851684570312
2024-01-02,18,29.570433,-11.570432662963867
2024-01-02,65,51.355988,13.644012451171875
2024-01-02,31,19.959805,11.04019546508789
2024-01-02,97,88.248695,8.751304626464844
2024-01-02,30,21.543108,8.456892013549805
2024-01-02,38,32.02446,5.9755401611328125
2024-01-02,75,60.5455,14.454498291015625
2024-01-02,52,42.036865,9.963134765625
2024-01-02,127,98.527756,28.472244262695312
2024-01-02,94,76.687584,17.312416076660156
2024-01-02,54,49.739788,4.260211944580078
2024-01-02,201,201.14447,-0.14447021484375
2024-01-02,32,31.346214,0.6537857055664062
2024-01-02,58,42.44885,15.551151275634766
2024-01-02,116,96.740036,19.259963989257812
2024-01-02,93,99.626076,-6.626075744628906
2024-01-02,77,90.06084,-13.060836791992188
2024-01-02,76,52.2438,23.75619888305664
2024-01-02,63,73.70825,-10.708251953125
2024-01-02,43,51.188366,-8.188365936279297
2024-01-02,185,194.23958,-9.239578247070312
2024-01-02,127,118.57165,8.428352355957031
2024-01-02,17,6.14581,10.8541898727417
2024-01-02,205,181.14253,23.857467651367188
2024-01-02,127,130.81349,-3.8134918212890625
2024-01-02,44,29.966703,14.033296585083008
2024-01-02,42,22.833265,19.16673469543457
2024-01-02,68,78.0285,-10.02850341796875
2024-01-02,34,37.41826,-3.4182586669921875
2024-01-02,112,86.21993,25.780067443847656
2024-01-02,19,12.869666,6.13033390045166
2024-01-02,41,32.90429,8.095710754394531
2024-01-02,80,92.714455,-12.714454650878906
2024-01-02,120,138.58447,-18.58447265625
2024-01-02,59,44.946644,14.053356170654297
2024-01-02,52,86.94528,-34.945281982421875
2024-01-02,57,61.309628,-4.309627532958984
2024-01-02,28,20.933748,7.066251754760742
2024-01-02,82,85.67462,-3.67462158203125
2024-01-02,128,129.05055,-1.0505523681640625
2024-01-02,18,59.561985,-41.56198501586914
2024-01-02,65,59.890553,5.109447479248047
2024-01-02,27,27.3948,-0.39480018615722656
2024-01-02,21,30.453384,-9.453384399414062
2024-01-02,29,26.87825,2.1217498779296875
2024-01-02,122,116.577805,5.4221954345703125
2024-01-02,101,73.53818,27.461822509765625
2024-01-02,94,98.24952,-4.249519348144531
2024-01-02,58,44.96225,13.037750244140625
2024-01-02,33,35.40595,-2.4059486389160156
2024-01-02,204,176.46376,27.536239624023438
2024-01-02,63,53.616596,9.383403778076172
2024-01-02,46,70.56222,-24.562217712402344
2024-01-02,18,22.526253,-4.526252746582031
2024-01-02,166,160.02827,5.9717254638671875
2024-01-02,89,80.964676,8.035324096679688
2024-01-02,108,120.07632,-12.076316833496094
2024-01-02,67,59.958,7.041999816894531
2024-01-02,105,99.08976,5.910240173339844
2024-01-02,15,24.925308,-9.925308227539062
2024-01-02,21,21.851383,-0.8513832092285156
2024-01-02,51,41.167732,9.832267761230469
2024-01-02,123,132.66872,-9.668716430664062
2024-01-02,34,36.410973,-2.4109725952148438
2024-01-02,59,59.900627,-0.9006271362304688
2024-01-02,49,41.012703,7.987297058105469
2024-01-02,59,60.835968,-1.835968017578125
2024-01-02,86,66.87756,19.1224365234375
2024-01-02,23,19.283236,3.716764450073242
2024-01-02,81,75.18279,5.817207336425781
2024-01-02,75,65.49449,9.505508422851562
2024-01-02,37,29.537764,7.462236404418945
2024-01-02,60,61.03466,-1.0346603393554688
2024-01-02,75,76.88147,-1.8814697265625
2024-01-02,77,67.86891,9.131088256835938
2024-01-02,30,54.452736,-24.452735900878906
2024-01-02,71,56.736053,14.263946533203125
2024-01-02,22,20.489346,1.5106544494628906
2024-01-02,84,71.07393,12.926071166992188
2024-01-02,34,28.474148,5.525852203369141
2024-01-02,105,83.42519,21.574806213378906
2024-01-02,14,23.64456,-9.644559860229492
2024-01-02,16,19.719757,-3.719757080078125
2024-01-02,128,130.89282,-2.892822265625
2024-01-02,32,28.567131,3.4328689575195312
2024-01-02,53,31.941216,21.05878448486328
2024-01-03,52,52.918777,-0.9187774658203125
2024-01-03,156,149.04277,6.9572296142578125
2024-01-03,175,160.52107,14.478927612304688
2024-01-03,38,38.792057,-0.7920570373535156
2024-01-03,79,83.33989,-4.3398895263671875
2024-01-03,22,30.339962,-8.339962005615234
2024-01-03,61,56.685318,4.3146820068359375
2024-01-03,69,50.24712,18.752880096435547
2024-01-03,93,92.542725,0.457275390625
2024-01-03,31,34.402325,-3.402324676513672
2024-01-03,23,20.918976,2.081024169921875
2024-01-03,113,90.27259,22.72740936279297
2024-01-03,47,36.81987,10.180130004882812
2024-01-03,78,69.78032,8.219680786132812
2024-01-03,33,16.629786,16.370214462280273
2024-01-03,85,87.79489,-2.794891357421875
2024-01-03,34,25.577114,8.42288589477539
2024-01-03,78,62.77745,15.222549438476562
2024-01-03,29,31.438612,-2.4386119842529297
2024-01-03,28,27.535946,0.4640541076660156
2024-01-03,113,94.32009,18.679908752441406
2024-01-03,7,9.136471,-2.1364707946777344
2024-01-03,119,101.31774,17.68225860595703
2024-01-03,86,67.21064,18.78936004638672
2024-01-03,97,86.87699,10.123008728027344
2024-01-03,128,109.43863,18.561370849609375
2024-01-03,61,50.22747,10.772529602050781
2024-01-03,81,84.7421,-3.7421035766601562
2024-01-03,80,91.86258,-11.862579345703125
2024-01-03,62,69.99754,-7.9975433349609375
2024-01-03,135,133.43156,1.5684356689453125
2024-01-03,59,37.678654,21.321346282958984
2024-01-03,72,75.94111,-3.9411087036132812
2024-01-03,47,44.82356,2.176441192626953
2024-01-03,139,110.23965,28.760353088378906
2024-01-03,92,97.96208,-5.9620819091796875
2024-01-03,12,17.553614,-5.553613662719727
2024-01-03,150,103.492325,46.50767517089844
2024-01-03,105,113.18831,-8.188308715820312
2024-01-03,40,43.452206,-3.4522056579589844
2024-01-03,22,18.702394,3.297605514526367
2024-01-03,141,109.83482,31.165176391601562
2024-01-03,82,57.74145,24.258548736572266
2024-01-03,85,63.02372,21.976280212402344
2024-01-03,57,52.299274,4.700725555419922
2024-01-03,27,28.928171,-1.928171157836914
2024-01-03,48,48.50983,-0.5098304748535156
2024-01-03,115,108.782776,6.21722412109375
2024-01-03,73,93.355644,-20.35564422607422
2024-01-03,58,55.17365,2.8263511657714844
2024-01-03,40,51.153637,-11.153636932373047
2024-01-03,35,26.594685,8.405315399169922
2024-01-03,36,67.81628,-31.81627655029297
2024-01-03,64,63.847885,0.1521148681640625
2024-01-03,78,78.19637,-0.19637298583984375
2024-01-03,38,31.072588,6.927412033081055
2024-01-03,27,27.91751,-0.9175090789794922
2024-01-03,50,35.14781,14.852188110351562
2024-01-03,93,82.32494,10.675056457519531
2024-01-03,58,88.10788,-30.107879638671875
2024-01-03,90,76.37683,13.6231689453125
2024-01-03,104,86.2173,17.782699584960938
2024-01-03,16,18.60403,-2.6040306091308594
2024-01-03,69,60.106213,8.893787384033203
2024-01-03,160,146.90236,13.097640991210938
2024-01-03,71,100.752335,-29.752334594726562
2024-01-03,75,87.78207,-12.782066345214844
2024-01-03,51,36.065956,14.934043884277344
2024-01-03,115,119.20035,-4.200347900390625
2024-01-03,77,64.53668,12.46331787109375
2024-01-03,151,131.7909,19.2091064453125
2024-01-03,80,51.805912,28.194087982177734
2024-01-03,87,81.03493,5.9650726318359375
2024-01-03,57,39.935474,17.064525604248047
2024-01-03,26,31.152916,-5.152915954589844
2024-01-03,26,24.339643,1.6603565216064453
2024-01-03,117,120.20412,-3.2041168212890625
2024-01-03,36,41.54751,-5.547508239746094
2024-01-03,155,119.56601,35.433990478515625
2024-01-03,33,42.2215,-9.221500396728516
2024-01-03,71,73.380264,-2.3802642822265625
2024-01-03,43,46.72968,-3.7296791076660156
2024-01-03,39,28.064758,10.93524169921875
2024-01-03,100,82.764015,17.235984802246094
2024-01-03,71,67.41082,3.5891799926757812
2024-01-03,149,174.67603,-25.676025390625
2024-01-03,88,81.949776,6.050224304199219
2024-01-03,172,140.20947,31.79052734375
2024-01-03,26,64.82195,-38.82195281982422
2024-01-03,66,55.709003,10.290996551513672
2024-01-03,43,41.948948,1.0510520935058594
2024-01-03,18,20.720064,-2.720064163208008
2024-01-03,100,91.79312,8.206878662109375
2024-01-03,33,32.00313,0.9968681335449219
2024-01-03,69,77.43931,-8.439308166503906
2024-01-03,37,27.267452,9.732547760009766
2024-01-03,28,30.308216,-2.308216094970703
2024-01-03,83,82.437386,0.5626144409179688
2024-01-03,17,24.90566,-7.905660629272461
2024-01-03,25,24.77968,0.2203197479248047
2024-01-04,47,62.08142,-15.0814208984375
2024-01-04,115,127.29423,-12.294227600097656
2024-01-04,78,68.168564,9.831436157226562
2024-01-04,13,20.73613,-7.7361297607421875
2024-01-04,56,75.85899,-19.858993530273438
2024-01-04,26,25.159443,0.8405570983886719
2024-01-04,105,121.30044,-16.300437927246094
2024-01-04,91,71.61302,19.386978149414062
2024-01-04,146,149.98868,-3.988677978515625
2024-01-04,37,41.776367,-4.7763671875
2024-01-04,46,43.69028,2.3097190856933594
2024-01-04,40,52.59096,-12.590961456298828
2024-01-04,23,20.990591,2.009408950805664
2024-01-04,39,41.14496,-2.14495849609375
2024-01-04,10,19.541342,-9.541341781616211
2024-01-04,58,53.473213,4.526786804199219
2024-01-04,5,12.740109,-7.740109443664551
2024-01-04,41,57.59478,-16.59477996826172
2024-01-04,38,31.97186,6.028139114379883
2024-01-04,18,21.743013,-3.743013381958008
2024-01-04,67,78.12652,-11.126518249511719
2024-01-04,29,40.10154,-11.101539611816406
2024-01-04,93,77.47737,15.522628784179688
2024-01-04,52,46.266254,5.733745574951172
2024-01-04,39,58.850964,-19.850963592529297
2024-01-04,205,228.8397,-23.839706420898438
2024-01-04,62,50.51683,11.483169555664062
2024-01-04,64,101.513504,-37.51350402832031
2024-01-04,44,55.55637,-11.55636978149414
2024-01-04,89,85.17637,3.8236312866210938
2024-01-04,44,45.776203,-1.7762031555175781
2024-01-04,26,27.28168,-1.2816791534423828
2024-01-04,109,94.58969,14.410308837890625
2024-01-04,51,43.35448,7.645519256591797
2024-01-04,154,149.13686,4.8631439208984375
2024-01-04,107,116.52251,-9.522506713867188
2024-01-04,15,17.565699,-2.5656986236572266
2024-01-04,47,43.569305,3.430694580078125
2024-01-04,164,147.89632,16.103683471679688
2024-01-04,37,36.696228,0.30377197265625
2024-01-04,36,31.22821,4.77178955078125
2024-01-04,69,90.156906,-21.156906127929688
2024-01-04,28,28.570766,-0.5707664489746094
2024-01-04,31,39.722958,-8.722957611083984
2024-01-04,50,44.68415,5.315849304199219
2024-01-04,42,47.356636,-5.356636047363281
2024-01-04,28,41.361473,-13.361473083496094
2024-01-04,121,149.58665,-28.586654663085938
2024-01-04,49,52.549793,-3.549793243408203
2024-01-04,45,51.933372,-6.933372497558594
2024-01-04,67,88.82052,-21.820518493652344
2024-01-04,22,25.59529,-3.5952892303466797
2024-01-04,85,68.66465,16.335350036621094
2024-01-04,101,85.07971,15.9202880859375
2024-01-04,69,79.90268,-10.902679443359375
2024-01-04,92,69.36507,22.634933471679688
2024-01-04,13,19.731663,-6.731662750244141
2024-01-04,42,39.437885,2.562114715576172
2024-01-04,45,35.120613,9.879386901855469
2024-01-04,116,125.01943,-9.019432067871094
2024-01-04,124,121.935555,2.0644454956054688
2024-01-04,56,66.924065,-10.924064636230469
2024-01-04,30,30.474785,-0.47478485107421875
2024-01-04,76,67.67914,8.32086181640625
2024-01-04,81,106.27246,-25.2724609375
2024-01-04,113,107.12342,5.876579284667969
2024-01-04,88,98.39826,-10.398262023925781
2024-01-04,34,32.7738,1.2262001037597656
2024-01-04,116,125.354614,-9.3546142578125
2024-01-04,118,90.32408,27.675918579101562
2024-01-04,114,130.58247,-16.582473754882812
2024-01-04,45,45.332985,-0.33298492431640625
2024-01-04,45,52.90162,-7.901618957519531
2024-01-04,42,35.200314,6.799686431884766
2024-01-04,23,31.389698,-8.389698028564453
2024-01-04,35,34.24953,0.7504692077636719
2024-01-04,150,147.2618,2.7382049560546875
2024-01-04,32,31.88948,0.1105194091796875
2024-01-04,87,88.33589,-1.3358917236328125
2024-01-04,19,23.889355,-4.889354705810547
2024-01-04,90,94.087616,-4.087615966796875
2024-01-04,59,51.459465,7.540534973144531
2024-01-04,28,25.461006,2.5389938354492188
2024-01-04,30,25.158644,4.84135627746582
2024-01-04,99,85.06201,13.93798828125
2024-01-04,122,122.700165,-0.700164794921875
2024-01-04,111,111.610054,-0.6100540161132812
2024-01-04,88,101.909164,-13.909164428710938
2024-01-04,72,66.46862,5.531379699707031
2024-01-04,113,82.42138,30.57862091064453
2024-01-04,57,55.019493,1.9805068969726562
2024-01-04,38,28.758692,9.241308212280273
2024-01-04,64,49.74355,14.256450653076172
2024-01-04,33,34.55066,-1.5506591796875
2024-01-04,75,82.81788,-7.817878723144531
2024-01-04,40,26.59701,13.402990341186523
2024-01-04,17,19.502216,-2.502216339111328
2024-01-04,168,153.84364,14.156356811523438
2024-01-04,7,13.655965,-6.6559648513793945
2024-01-04,10,18.598274,-8.598274230957031
2024-01-05,71,72.528854,-1.5288543701171875
2024-01-05,62,78.17635,-16.176353454589844
2024-01-05,161,129.25934,31.74066162109375
2024-01-05,55,46.445084,8.554916381835938
2024-01-05,96,81.35557,14.644432067871094
2024-01-05,15,30.721025,-15.721025466918945
2024-01-05,79,99.60168,-20.60167694091797
2024-01-05,69,65.22565,3.77435302734375
2024-01-05,50,48.496723,1.5032768249511719
2024-01-05,57,53.930798,3.069202423095703
2024-01-05,63,50.76374,12.236259460449219
2024-01-05,63,56.59394,6.406059265136719
2024-01-05,16,19.932297,-3.9322967529296875
2024-01-05,111,93.74869,17.251312255859375
2024-01-05,73,37.964897,35.03510284423828
2024-01-05,57,64.15162,-7.151618957519531
2024-01-05,9,23.822458,-14.822458267211914
2024-01-05,105,118.65589,-13.655891418457031
2024-01-05,41,38.611206,2.3887939453125
2024-01-05,65,56.486153,8.513847351074219
2024-01-05,38,58.633545,-20.633544921875
2024-01-05,30,29.843246,0.1567535400390625
2024-01-05,89,72.5353,16.464698791503906
2024-01-05,72,53.36893,18.63106918334961
2024-01-05,75,75.08015,-0.08014678955078125
2024-01-05,136,142.69418,-6.694183349609375
2024-01-05,9,19.74643,-10.746429443359375
2024-01-05,114,134.39354,-20.393539428710938
2024-01-05,66,69.6938,-3.6938018798828125
2024-01-05,130,123.72519,6.274810791015625
2024-01-05,106,113.72933,-7.729331970214844
2024-01-05,51,48.463127,2.5368728637695312
2024-01-05,84,76.269135,7.730865478515625
2024-01-05,38,46.41015,-8.410148620605469
2024-01-05,133,111.524,21.475997924804688
2024-01-05,117,123.76192,-6.7619171142578125
2024-01-05,17,21.364927,-4.364927291870117
2024-01-05,99,116.17039,-17.170387268066406
2024-01-05,130,142.80205,-12.802047729492188
2024-01-05,33,27.215477,5.784523010253906
2024-01-05,34,50.86732,-16.867321014404297
2024-01-05,60,66.83115,-6.831146240234375
2024-01-05,56,53.99386,2.0061416625976562
2024-01-05,96,78.08179,17.918212890625
2024-01-05,30,15.408793,14.591206550598145
2024-01-05,26,28.998652,-2.9986515045166016
2024-01-05,64,77.24378,-13.243782043457031
2024-01-05,212,218.14098,-6.1409759521484375
2024-01-05,69,58.79501,10.20499038696289
2024-01-05,193,168.39,24.610000610351562
2024-01-05,48,49.3612,-1.3611984252929688
2024-01-05,46,35.476765,10.523235321044922
2024-01-05,95,106.13449,-11.134490966796875
2024-01-05,135,124.96903,10.030967712402344
2024-01-05,61,60.65235,0.34764862060546875
2024-01-05,75,72.24604,2.7539596557617188
2024-01-05,15,20.50872,-5.508720397949219
2024-01-05,71,65.208,5.791999816894531
2024-01-05,94,76.9549,17.04509735107422
2024-01-05,248,199.24786,48.75213623046875
2024-01-05,39,59.67828,-20.678279876708984
2024-01-05,54,56.72326,-2.7232589721679688
2024-01-05,73,56.363274,16.63672637939453
2024-01-05,74,62.46012,11.539878845214844
2024-01-05,128,134.21826,-6.21826171875
2024-01-05,33,53.164307,-20.164306640625
2024-01-05,50,73.95636,-23.95635986328125
2024-01-05,37,34.332203,2.667797088623047
2024-01-05,188,177.91077,10.0892333984375
2024-01-05,123,138.3962,-15.396194458007812
2024-01-05,206,187.3878,18.612197875976562
2024-01-05,65,58.29085,6.709148406982422
2024-01-05,114,93.161674,20.83832550048828
2024-01-05,43,45.274277,-2.2742767333984375
2024-01-05,23,27.2247,-4.224700927734375
2024-01-05,29,33.453377,-4.453376770019531
2024-01-05,193,175.10399,17.896011352539062
2024-01-05,36,50.581013,-14.581012725830078
2024-01-05,121,111.53346,9.466537475585938
2024-01-05,38,36.650845,1.3491554260253906
2024-01-05,110,120.26136,-10.261360168457031
2024-01-05,82,61.582237,20.417762756347656
2024-01-05,27,21.534828,5.465171813964844
2024-01-05,116,77.576744,38.423255920410156
2024-01-05,69,71.5283,-2.5282974243164062
2024-01-05,80,90.891426,-10.891426086425781
2024-01-05,70,78.04018,-8.040176391601562
2024-01-05,81,89.611725,-8.611724853515625
2024-01-05,62,59.201138,2.7988624572753906
2024-01-05,47,57.018085,-10.018085479736328
2024-01-05,74,81.785,-7.785003662109375
2024-01-05,49,41.078106,7.921894073486328
2024-01-05,92,86.93785,5.0621490478515625
2024-01-05,52,49.655537,2.344463348388672
2024-01-05,103,71.86066,31.13934326171875
2024-01-05,14,11.827988,2.1720123291015625
2024-01-05,18,25.646618,-7.646617889404297
2024-01-05,217,237.12177,-20.12176513671875
2024-01-05,25,25.15309,-0.1530895233154297
2024-01-05,39,36.063877,2.9361228942871094
2024-01-06,52,48.619835,3.3801651000976562
2024-01-06,157,139.21117,17.788833618164062
2024-01-06,188,186.44261,1.5573883056640625
2024-01-06,19,33.40946,-14.40945816040039
2024-01-06,145,112.18619,32.813812255859375
2024-01-06,24,20.861536,3.1384639739990234
2024-01-06,55,53.12378,1.876220703125
2024-01-06,34,36.86127,-2.8612709045410156
2024-01-06,132,142.13448,-10.134475708007812
2024-01-06,24,24.342785,-0.3427848815917969
2024-01-06,35,39.43687,-4.436870574951172
2024-01-06,122,96.82926,25.170738220214844
2024-01-06,34,39.48415,-5.484149932861328
2024-01-06,65,61.168274,3.83172607421875
2024-01-06,46,27.614908,18.38509178161621
2024-01-06,88,82.72932,5.270683288574219
2024-01-06,11,27.539268,-16.539268493652344
2024-01-06,70,68.98262,1.0173797607421875
2024-01-06,28,36.855965,-8.855964660644531
2024-01-06,25,25.689552,-0.6895523071289062
2024-01-06,104,94.84306,9.156936645507812
2024-01-06,38,36.06924,1.9307594299316406
2024-01-06,94,113.092255,-19.092254638671875
2024-01-06,32,30.966253,1.0337467193603516
2024-01-06,42,49.44059,-7.440589904785156
2024-01-06,102,92.72796,9.272041320800781
2024-01-06,67,44.401386,22.598613739013672
2024-01-06,68,75.59503,-7.59503173828125
2024-01-06,92,104.30828,-12.308280944824219
2024-01-06,81,100.38881,-19.388809204101562
2024-01-06,99,98.84612,0.15387725830078125
2024-01-06,75,58.333626,16.66637420654297
2024-01-06,80,89.916405,-9.916404724121094
2024-01-06,49,47.327805,1.6721954345703125
2024-01-06,31,50.087276,-19.087276458740234
2024-01-06,129,123.36125,5.6387481689453125
2024-01-06,26,35.285007,-9.28500747680664
2024-01-06,180,160.9146,19.085403442382812
2024-01-06,88,114.3195,-26.319503784179688
2024-01-06,49,55.681244,-6.681243896484375
2024-01-06,95,51.39525,43.60475158691406
2024-01-06,83,68.38716,14.612838745117188
2024-01-06,93,88.998886,4.0011138916015625
2024-01-06,110,87.43134,22.56865692138672
2024-01-06,38,42.16066,-4.1606597900390625
2024-01-06,7,18.11739,-11.117389678955078
2024-01-06,92,73.02717,18.97283172607422
2024-01-06,189,184.23128,4.7687225341796875
2024-01-06,57,64.64433,-7.6443328857421875
2024-01-06,75,56.948795,18.051204681396484
2024-01-06,108,116.964584,-8.964584350585938
2024-01-06,35,27.242752,7.7572479248046875
2024-01-06,90,90.19012,-0.19011688232421875
2024-01-06,62,84.8521,-22.852096557617188
2024-01-06,41,49.465538,-8.465538024902344
2024-01-06,64,64.88967,-0.8896713256835938
2024-01-06,34,30.023447,3.976552963256836
2024-01-06,45,43.98695,1.0130500793457031
2024-01-06,84,73.07028,10.929718017578125
2024-01-06,98,108.58901,-10.589012145996094
2024-01-06,80,71.56825,8.431747436523438
2024-01-06,50,52.31206,-2.312061309814453
2024-01-06,32,39.8883,-7.888301849365234
2024-01-06,82,74.070404,7.929595947265625
2024-01-06,113,133.62395,-20.623947143554688
2024-01-06,103,92.793335,10.2066650390625
2024-01-06,72,78.359924,-6.35992431640625
2024-01-06,28,25.937222,2.0627784729003906
2024-01-06,195,186.84813,8.151870727539062
2024-01-06,76,98.11811,-22.11811065673828
2024-01-06,209,197.0098,11.990203857421875
2024-01-06,49,51.445797,-2.4457969665527344
2024-01-06,67,75.3536,-8.353599548339844
2024-01-06,51,49.212543,1.7874565124511719
2024-01-06,42,37.094757,4.905242919921875
2024-01-06,35,37.8759,-2.8759002685546875
2024-01-06,102,114.276184,-12.27618408203125
2024-01-06,24,33.684895,-9.684894561767578
2024-01-06,139,162.2848,-23.284805297851562
2024-01-06,49,59.378593,-10.378593444824219
2024-01-06,58,43.729744,14.270256042480469
2024-01-06,42,44.26232,-2.2623214721679688
2024-01-06,71,50.76153,20.238468170166016
2024-01-06,81,78.752655,2.247344970703125
2024-01-06,45,72.99586,-27.99585723876953
2024-01-06,90,78.28752,11.712478637695312
2024-01-06,80,61.495846,18.504154205322266
2024-01-06,87,96.06669,-9.066688537597656
2024-01-06,100,100.61221,-0.612213134765625
2024-01-06,124,110.11083,13.889167785644531
2024-01-06,30,60.537693,-30.53769302368164
2024-01-06,46,34.796936,11.20306396484375
2024-01-06,77,82.157684,-5.157684326171875
2024-01-06,28,28.50222,-0.5022201538085938
2024-01-06,71,54.1371,16.862899780273438
2024-01-06,30,25.29402,4.70598030090332
2024-01-06,8,23.374435,-15.374435424804688
2024-01-06,155,139.3736,15.62640380859375
2024-01-06,42,46.65639,-4.656391143798828
2024-01-06,59,67.294556,-8.2945556640625
2024-01-07,71,67.91069,3.0893096923828125
2024-01-07,132,137.93553,-5.9355316162109375
2024-01-07,108,130.53816,-22.538162231445312
2024-01-07,49,48.149902,0.85009765625
2024-01-07,56,50.934242,5.065757751464844
2024-01-07,48,41.142513,6.857486724853516
2024-01-07,46,55.737247,-9.737247467041016
2024-01-07,56,54.083324,1.9166755676269531
2024-01-07,153,155.74586,-2.7458648681640625
2024-01-07,43,37.41392,5.586078643798828
2024-01-07,18,28.277784,-10.27778434753418
2024-01-07,108,82.12741,25.872589111328125
2024-01-07,28,19.986094,8.013906478881836
2024-01-07,109,100.31505,8.684951782226562
2024-01-07,10,11.447679,-1.447678565979004
2024-01-07,112,107.27249,4.727508544921875
2024-01-07,18,7.6374564,10.36254358291626
2024-01-07,56,62.41249,-6.4124908447265625
2024-01-07,36,29.157772,6.842227935791016
2024-01-07,15,19.922674,-4.922674179077148
2024-01-07,61,71.2437,-10.243698120117188
2024-01-07,25,17.125446,7.874553680419922
2024-01-07,72,79.84838,-7.848381042480469
2024-01-07,105,86.974724,18.02527618408203
2024-01-07,57,51.29204,5.707958221435547
2024-01-07,103,120.24757,-17.24756622314453
2024-01-07,49,37.511066,11.488933563232422
2024-01-07,104,103.95159,0.04840850830078125
2024-01-07,120,113.661896,6.338104248046875
2024-01-07,189,162.82335,26.176651000976562
2024-01-07,99,97.29054,1.7094573974609375
2024-01-07,18,42.630917,-24.630916595458984
2024-01-07,123,112.13268,10.867317199707031
2024-01-07,53,45.795128,7.204872131347656
2024-01-07,230,211.32831,18.67169189453125
2024-01-07,134,151.47093,-17.470932006835938
2024-01-07,21,27.527807,-6.527807235717773
2024-01-07,100,94.54037,5.459632873535156
2024-01-07,75,74.87164,0.12835693359375
2024-01-07,31,36.617496,-5.617496490478516
2024-01-07,8,19.381178,-11.38117790222168
2024-01-07,39,44.144276,-5.144275665283203
2024-01-07,34,38.9918,-4.991798400878906
2024-01-07,114,85.12627,28.873733520507812
2024-01-07,7,15.159861,-8.159860610961914
2024-01-07,34,22.045918,11.954082489013672
2024-01-07,79,72.03603,6.963966369628906
2024-01-07,93,80.58532,12.414680480957031
2024-01-07,40,58.561905,-18.561904907226562
2024-01-07,68,63.81632,4.183681488037109
2024-01-07,54,68.04839,-14.048393249511719
2024-01-07,41,44.36295,-3.3629493713378906
2024-01-07,140,116.95294,23.04705810546875
2024-01-07,78,82.44421,-4.444206237792969
2024-01-07,88,83.23532,4.764678955078125
2024-01-07,19,42.802135,-23.802135467529297
2024-01-07,20,24.091885,-4.091884613037109
2024-01-07,21,25.459307,-4.459306716918945
2024-01-07,86,79.35593,6.644073486328125
2024-01-07,102,126.33569,-24.335693359375
2024-01-07,75,88.5959,-13.595901489257812
2024-01-07,86,85.29125,0.7087478637695312
2024-01-07,39,43.017147,-4.017147064208984
2024-01-07,90,80.056175,9.943824768066406
2024-01-07,110,100.90744,9.092559814453125
2024-01-07,63,61.506306,1.4936943054199219
2024-01-07,77,71.13929,5.860710144042969
2024-01-07,46,30.968657,15.031343460083008
2024-01-07,110,122.56756,-12.567558288574219
2024-01-07,91,75.73826,15.261741638183594
2024-01-07,122,121.48546,0.5145416259765625
2024-01-07,75,63.66608,11.333919525146484
2024-01-07,89,81.315,7.68499755859375
2024-01-07,30,34.06735,-4.067348480224609
2024-01-07,35,27.124739,7.875261306762695
2024-01-07,88,52.93766,35.062339782714844
2024-01-07,106,118.87027,-12.870269775390625
2024-01-07,31,30.435226,0.5647735595703125
2024-01-07,161,145.71596,15.284042358398438
2024-01-07,22,30.418621,-8.418621063232422
2024-01-07,82,76.47318,5.526817321777344
2024-01-07,67,56.349453,10.65054702758789
2024-01-07,14,25.570122,-11.570121765136719
2024-01-07,73,55.147312,17.85268783569336
2024-01-07,83,66.828896,16.171104431152344
2024-01-07,115,83.23078,31.76921844482422
2024-01-07,53,66.25746,-13.257461547851562
2024-01-07,90,75.31273,14.687271118164062
2024-01-07,62,81.21017,-19.210166931152344
2024-01-07,116,83.26265,32.73735046386719
2024-01-07,33,47.568714,-14.568714141845703
2024-01-07,61,51.05512,9.944881439208984
2024-01-07,63,72.23992,-9.239921569824219
2024-01-07,15,22.503294,-7.503293991088867
2024-01-07,66,61.22967,4.770328521728516
2024-01-07,33,26.797876,6.202123641967773
2024-01-07,11,13.787475,-2.7874746322631836
2024-01-07,86,91.59098,-5.590980529785156
2024-01-07,37,27.309868,9.690132141113281
2024-01-07,34,25.756327,8.243673324584961
2024-01-08,28,34.545593,-6.54559326171875
2024-01-08,172,171.10475,0.8952484130859375
2024-01-08,108,92.24435,15.755653381347656
2024-01-08,79,69.12584,9.874160766601562
2024-01-08,74,61.893497,12.106502532958984
2024-01-08,26,15.753397,10.246603012084961
2024-01-08,90,74.36709,15.632911682128906
2024-01-08,48,42.13434,5.86566162109375
2024-01-08,139,131.71893,7.28106689453125
2024-01-08,24,32.759544,-8.759544372558594
2024-01-08,72,55.877373,16.12262725830078
2024-01-08,43,48.796764,-5.796764373779297
2024-01-08,25,39.062107,-14.06210708618164
2024-01-08,98,89.45643,8.543571472167969
2024-01-08,16,29.03206,-13.032060623168945
2024-01-08,76,110.75754,-34.757537841796875
2024-01-08,28,32.501225,-4.501224517822266
2024-01-08,76,70.03547,5.964530944824219
2024-01-08,33,31.668028,1.3319721221923828
2024-01-08,37,42.681046,-5.6810455322265625
2024-01-08,94,83.03076,10.96923828125
2024-01-08,20,34.16754,-14.16754150390625
2024-01-08,66,73.660034,-7.6600341796875
2024-01-08,45,42.519344,2.4806556701660156
2024-01-08,93,72.744415,20.255584716796875
2024-01-08,195,187.68124,7.318756103515625
2024-01-08,30,27.564955,2.4350452423095703
2024-01-08,73,62.976612,10.023387908935547
2024-01-08,91,66.23522,24.76477813720703
2024-01-08,134,140.34267,-6.3426666259765625
2024-01-08,79,76.05847,2.9415283203125
2024-01-08,58,63.0445,-5.044498443603516
2024-01-08,34,56.036873,-22.03687286376953
2024-01-08,37,39.00254,-2.0025405883789062
2024-01-08,100,89.44774,10.552261352539062
2024-01-08,184,181.16548,2.8345184326171875
2024-01-08,66,38.240067,27.759933471679688
2024-01-08,107,88.05872,18.94127655029297
2024-01-08,92,117.59052,-25.59052276611328
2024-01-08,42,47.060886,-5.060886383056641
2024-01-08,23,18.265392,4.734607696533203
2024-01-08,96,82.71047,13.289527893066406
2024-01-08,79,67.73963,11.260368347167969
2024-01-08,90,70.85083,19.149169921875
2024-01-08,35,31.761648,3.238351821899414
2024-01-08,10,22.157757,-12.157756805419922
2024-01-08,67,54.11615,12.88385009765625
2024-01-08,191,175.28142,15.718582153320312
2024-01-08,47,62.50764,-15.507640838623047
2024-01-08,56,70.99063,-14.990631103515625
2024-01-08,53,43.005497,9.994503021240234
2024-01-08,22,23.257156,-1.2571563720703125
2024-01-08,69,81.725525,-12.72552490234375
2024-01-08,25,30.373379,-5.373378753662109
2024-01-08,46,56.480774,-10.48077392578125
2024-01-08,76,85.21232,-9.212318420410156
2024-01-08,18,24.871616,-6.871616363525391
2024-01-08,23,30.770355,-7.770355224609375
2024-01-08,82,107.848785,-25.848785400390625
2024-01-08,119,109.166725,9.833274841308594
2024-01-08,106,99.762955,6.2370452880859375
2024-01-08,63,82.69094,-19.690940856933594
2024-01-08,50,49.189865,0.8101348876953125
2024-01-08,100,90.5453,9.454696655273438
2024-01-08,127,122.74955,4.250450134277344
2024-01-08,149,125.940025,23.059974670410156
2024-01-08,39,37.60071,1.3992881774902344
2024-01-08,6,18.429558,-12.429557800292969
2024-01-08,132,129.67708,2.3229217529296875
2024-01-08,127,134.24315,-7.2431488037109375
2024-01-08,161,149.0557,11.944305419921875
2024-01-08,36,42.449795,-6.449794769287109
2024-01-08,87,82.45603,4.543968200683594
2024-01-08,32,30.733885,1.2661151885986328
2024-01-08,46,43.32112,2.6788787841796875
2024-01-08,73,55.851456,17.148544311523438
2024-01-08,234,209.11365,24.8863525390625
2024-01-08,16,20.95326,-4.95326042175293
2024-01-08,168,173.90663,-5.9066314697265625
2024-01-08,39,33.848526,5.1514739990234375
2024-01-08,90,89.474754,0.5252456665039062
2024-01-08,65,49.200066,15.799934387207031
2024-01-08,31,29.580294,1.4197063446044922
2024-01-08,133,106.71378,26.286216735839844
2024-01-08,113,88.59674,24.40325927734375
2024-01-08,80,66.604965,13.395034790039062
2024-01-08,56,48.52874,7.471260070800781
2024-01-08,55,48.159298,6.840702056884766
2024-01-08,71,85.107414,-14.107414245605469
2024-01-08,59,60.583496,-1.58349609375
2024-01-08,40,45.288494,-5.288494110107422
2024-01-08,54,44.974236,9.025764465332031
2024-01-08,85,92.157486,-7.1574859619140625
2024-01-08,36,32.12733,3.872669219970703
2024-01-08,55,75.86226,-20.862258911132812
2024-01-08,18,23.76171,-5.761709213256836
2024-01-08,7,26.25637,-19.256370544433594
2024-01-08,79,62.74897,16.25102996826172
2024-01-08,52,45.972965,6.027034759521484
2024-01-08,14,20.960909,-6.960908889770508
2024-01-09,75,97.78075,-22.780746459960938
2024-01-09,73,84.83972,-11.8397216796875
2024-01-09,54,59.621674,-5.621673583984375
2024-01-09,105,108.8721,-3.872100830078125
2024-01-09,143,123.68209,19.317909240722656
2024-01-09,83,86.794136,-3.7941360473632812
2024-01-09,75,76.79201,-1.7920074462890625
2024-01-09,134,121.27183,12.728172302246094
2024-01-09,140,124.88931,15.110687255859375
2024-01-09,63,66.87633,-3.8763275146484375
2024-01-09,84,87.0743,-3.0743026733398438
2024-01-09,185,142.62651,42.37348937988281
2024-01-09,129,119.20366,9.796340942382812
2024-01-09,108,97.77564,10.224357604980469
2024-01-09,122,106.98956,15.01043701171875
2024-01-09,96,131.67154,-35.671539306640625
2024-01-09,99,103.193794,-4.193794250488281
2024-01-09,103,91.83844,11.16156005859375
2024-01-09,51,65.40044,-14.400436401367188
2024-01-09,59,67.94409,-8.944091796875
2024-01-09,93,134.75128,-41.75128173828125
2024-01-09,69,84.9541,-15.9541015625
2024-01-09,50,78.25937,-28.259368896484375
2024-01-09,142,141.56435,0.4356536865234375
2024-01-09,115,106.22061,8.779388427734375
2024-01-09,138,134.40643,3.59356689453125
2024-01-09,67,88.136314,-21.136314392089844
2024-01-09,145,123.79091,21.209091186523438
2024-01-09,150,138.25945,11.740554809570312
2024-01-09,147,137.33618,9.663818359375
2024-01-09,165,145.48918,19.510818481445312
2024-01-09,93,92.77669,0.2233123779296875
2024-01-09,151,146.30504,4.6949615478515625
2024-01-09,81,80.22795,0.7720489501953125
2024-01-09,135,139.2029,-4.2028961181640625
2024-01-09,237,223.9793,13.020706176757812
2024-01-09,50,84.234375,-34.234375
2024-01-09,86,80.69032,5.3096771240234375
2024-01-09,110,140.71892,-30.718917846679688
2024-01-09,90,89.30161,0.6983871459960938
2024-01-09,109,102.9568,6.0431976318359375
2024-01-09,90,76.70716,13.292839050292969
2024-01-09,94,96.2576,-2.257598876953125
2024-01-09,63,82.28491,-19.284912109375
2024-01-09,12,46.796097,-34.79609680175781
2024-01-09,91,98.99031,-7.9903106689453125
2024-01-09,105,92.506226,12.4937744140625
2024-01-09,93,80.668,12.332000732421875
2024-01-09,138,118.436104,19.56389617919922
2024-01-09,161,129.5477,31.452301025390625
2024-01-09,56,71.72554,-15.725540161132812
2024-01-09,139,105.44036,33.55963897705078
2024-01-09,162,150.94127,11.058731079101562
2024-01-09,127,107.919586,19.080413818359375
2024-01-09,150,138.95648,11.04351806640625
2024-01-09,73,84.09234,-11.092338562011719
2024-01-09,50,56.39985,-6.399848937988281
2024-01-09,53,57.69728,-4.6972808837890625
2024-01-09,140,175.12202,-35.12202453613281
2024-01-09,71,80.93781,-9.937812805175781
2024-01-09,128,110.813126,17.186874389648438
2024-01-09,80,90.15994,-10.159942626953125
2024-01-09,60,76.50523,-16.505233764648438
2024-01-09,94,106.20345,-12.203453063964844
2024-01-09,53,49.455986,3.5440139770507812
2024-01-09,150,128.03851,21.96148681640625
2024-01-09,116,111.857315,4.1426849365234375
2024-01-09,49,55.707726,-6.707725524902344
2024-01-09,82,104.00055,-22.00054931640625
2024-01-09,101,102.31053,-1.3105316162109375
2024-01-09,99,105.974144,-6.974143981933594
2024-01-09,147,124.16203,22.837966918945312
2024-01-09,111,120.442535,-9.442535400390625
2024-01-09,74,70.72832,3.2716827392578125
2024-01-09,78,87.14108,-9.141082763671875
2024-01-09,54,76.47903,-22.479026794433594
2024-01-09,111,111.45057,-0.45056915283203125
2024-01-09,48,64.75976,-16.75975799560547
2024-01-09,116,130.55775,-14.557754516601562
2024-01-09,48,75.262436,-27.262435913085938
2024-01-09,169,132.85155,36.14845275878906
2024-01-09,149,115.17386,33.826141357421875
2024-01-09,97,103.43767,-6.4376678466796875
2024-01-09,38,51.481358,-13.48135757446289
2024-01-09,130,107.39433,22.605667114257812
2024-01-09,93,104.00969,-11.009689331054688
2024-01-09,111,99.59272,11.407279968261719
2024-01-09,129,121.03183,7.968170166015625
2024-01-09,75,80.54571,-5.545707702636719
2024-01-09,114,103.66792,10.332077026367188
2024-01-09,95,96.07798,-1.0779800415039062
2024-01-09,91,83.822174,7.177825927734375
2024-01-09,59,63.303158,-4.303157806396484
2024-01-09,65,71.3165,-6.316497802734375
2024-01-09,101,91.63862,9.361381530761719
2024-01-09,106,110.94809,-4.948089599609375
2024-01-09,75,102.99213,-27.99212646484375
2024-01-09,61,73.62136,-12.621360778808594
2024-01-09,129,128.24904,0.7509613037109375
2024-01-09,125,116.44331,8.556686401367188
2024-01-10,98,81.029305,16.97069549560547
2024-01-10,147,136.49933,10.50067138671875
2024-01-10,124,113.679245,10.320755004882812
2024-01-10,100,98.81391,1.1860885620117188
2024-01-10,135,104.95432,30.045677185058594
2024-01-10,53,61.15868,-8.158679962158203
2024-01-10,131,112.26018,18.739822387695312
2024-01-10,87,90.72194,-3.7219390869140625
2024-01-10,103,112.08363,-9.083633422851562
2024-01-10,59,61.522594,-2.522594451904297
2024-01-10,43,51.012108,-8.012107849121094
2024-01-10,58,73.151,-15.1510009765625
2024-01-10,163,171.34665,-8.346649169921875
2024-01-10,134,124.84022,9.159782409667969
2024-01-10,89,96.5843,-7.584297180175781
2024-01-10,112,147.8184,-35.81840515136719
2024-01-10,66,73.6998,-7.699798583984375
2024-01-10,70,70.79992,-0.7999191284179688
2024-01-10,34,43.267532,-9.267532348632812
2024-01-10,65,60.258694,4.741306304931641
2024-01-10,78,68.37214,9.627861022949219
2024-01-10,134,110.72276,23.277236938476562
2024-01-10,148,120.25807,27.741928100585938
2024-01-10,150,101.07278,48.927223205566406
2024-01-10,74,74.1864,-0.1864013671875
2024-01-10,113,119.100075,-6.100074768066406
2024-01-10,137,110.23489,26.765106201171875
2024-01-10,73,96.768326,-23.768325805664062
2024-01-10,106,104.02674,1.9732589721679688
2024-01-10,74,85.1683,-11.168296813964844
2024-01-10,123,117.10711,5.892890930175781
2024-01-10,118,110.22401,7.775993347167969
2024-01-10,63,83.1541,-20.154098510742188
2024-01-10,51,56.466587,-5.466587066650391
2024-01-10,96,112.00571,-16.005706787109375
2024-01-10,102,106.8732,-4.873199462890625
2024-01-10,43,60.810673,-17.810672760009766
2024-01-10,82,75.52478,6.4752197265625
2024-01-10,121,124.8434,-3.8433990478515625
2024-01-10,49,47.586258,1.4137420654296875
2024-01-10,88,94.92792,-6.92791748046875
2024-01-10,92,86.47073,5.529266357421875
2024-01-10,131,138.90726,-7.907257080078125
2024-01-10,68,61.019337,6.980663299560547
2024-01-10,130,93.57709,36.42291259765625
2024-01-10,100,104.04569,-4.045692443847656
2024-01-10,166,138.1943,27.805694580078125
2024-01-10,118,126.192764,-8.192764282226562
2024-01-10,88,89.51261,-1.5126113891601562
2024-01-10,186,160.70895,25.291046142578125
2024-01-10,46,61.122997,-15.122997283935547
2024-01-10,67,71.1125,-4.1125030517578125
2024-01-10,117,116.31153,0.6884689331054688
2024-01-10,119,135.79881,-16.798812866210938
2024-01-10,100,106.10426,-6.1042633056640625
2024-01-10,139,133.76184,5.2381591796875
2024-01-10,69,78.704994,-9.704994201660156
2024-01-10,61,64.849556,-3.8495559692382812
2024-01-10,104,114.60519,-10.605186462402344
2024-01-10,109,109.57048,-0.5704803466796875
2024-01-10,128,113.88738,14.112617492675781
2024-01-10,132,110.04666,21.953338623046875
2024-01-10,96,103.71325,-7.713249206542969
2024-01-10,164,132.03978,31.960220336914062
2024-01-10,85,100.53677,-15.536773681640625
2024-01-10,154,134.79715,19.202850341796875
2024-01-10,125,122.346085,2.6539154052734375
2024-01-10,79,76.788765,2.2112350463867188
2024-01-10,125,131.90327,-6.9032745361328125
2024-01-10,215,180.79073,34.20927429199219
2024-01-10,130,117.666374,12.333625793457031
2024-01-10,121,107.8311,13.168899536132812
2024-01-10,161,158.22858,2.77142333984375
2024-01-10,69,73.892456,-4.8924560546875
2024-01-10,32,36.37814,-4.378139495849609
2024-01-10,111,115.769615,-4.769615173339844
2024-01-10,168,150.71944,17.280563354492188
2024-01-10,62,60.9132,1.0867996215820312
2024-01-10,82,94.957344,-12.957344055175781
2024-01-10,73,72.58345,0.4165496826171875
2024-01-10,53,69.015274,-16.015274047851562
2024-01-10,67,64.78387,2.2161331176757812
2024-01-10,115,98.24481,16.75518798828125
2024-01-10,68,66.63374,1.3662567138671875
2024-01-10,163,119.440094,43.559906005859375
2024-01-10,116,115.829475,0.17052459716796875
2024-01-10,154,142.6529,11.34710693359375
2024-01-10,78,89.21275,-11.212753295898438
2024-01-10,105,118.26247,-13.262466430664062
2024-01-10,84,76.78222,7.217781066894531
2024-01-10,45,51.29567,-6.2956695556640625
2024-01-10,96,98.5019,-2.5018997192382812
2024-01-10,121,117.859825,3.1401748657226562
2024-01-10,95,99.48963,-4.489631652832031
2024-01-10,43,74.15275,-31.152748107910156
2024-01-10,154,156.93729,-2.937286376953125
2024-01-10,82,96.1236,-14.12359619140625
2024-01-10,83,83.038506,-0.03850555419921875
2024-01-10,39,51.92407,-12.924068450927734
2024-01-10,83,81.712585,1.28741455078125
2024-01-11,141,131.90471,9.095291137695312
2024-01-11,111,106.67198,4.3280181884765625
2024-01-11,168,178.74289,-10.742889404296875
2024-01-11,149,129.46193,19.538070678710938
2024-01-11,90,94.321365,-4.3213653564453125
2024-01-11,85,84.785164,0.21483612060546875
2024-01-11,81,78.446465,2.5535354614257812
2024-01-11,165,133.42615,31.5738525390625
2024-01-11,201,180.60066,20.399337768554688
2024-01-11,43,53.932438,-10.932437896728516
2024-01-11,128,107.86287,20.137130737304688
2024-01-11,133,111.56488,21.43511962890625
2024-01-11,74,73.31006,0.68994140625
2024-01-11,55,53.89689,1.1031112670898438
2024-01-11,64,52.060593,11.939407348632812
2024-01-11,88,106.868256,-18.868255615234375
2024-01-11,56,90.99272,-34.99272155761719
2024-01-11,125,109.949486,15.050514221191406
2024-01-11,56,52.28685,3.7131500244140625
2024-01-11,109,97.45238,11.547622680664062
2024-01-11,143,134.52148,8.478515625
2024-01-11,110,96.4031,13.596900939941406
2024-01-11,193,174.31276,18.687240600585938
2024-01-11,111,97.295265,13.704734802246094
2024-01-11,81,90.20224,-9.202239990234375
2024-01-11,90,91.868576,-1.8685760498046875
2024-01-11,50,73.68742,-23.687423706054688
2024-01-11,189,143.45042,45.54957580566406
2024-01-11,109,127.69744,-18.69744110107422
2024-01-11,118,123.559074,-5.559074401855469
2024-01-11,201,186.86905,14.130950927734375
2024-01-11,65,70.57868,-5.578681945800781
2024-01-11,4,31.062986,-27.062986373901367
2024-01-11,117,108.93701,8.06298828125
2024-01-11,90,94.948135,-4.9481353759765625
2024-01-11,132,122.46068,9.539321899414062
2024-01-11,79,94.33804,-15.338043212890625
2024-01-11,98,92.48211,5.517890930175781
2024-01-11,88,75.03614,12.963859558105469
2024-01-11,90,81.354576,8.645423889160156
2024-01-11,164,151.84929,12.150711059570312
2024-01-11,130,130.36288,-0.362884521484375
2024-01-11,136,151.2446,-15.244598388671875
2024-01-11,224,184.33678,39.66322326660156
2024-01-11,141,131.34424,9.65576171875
2024-01-11,140,123.72275,16.277252197265625
2024-01-11,76,80.825066,-4.825065612792969
2024-01-11,107,104.71756,2.282440185546875
2024-01-11,175,168.64755,6.352447509765625
2024-01-11,124,147.42935,-23.429351806640625
2024-01-11,157,151.63527,5.3647308349609375
2024-01-11,87,78.36247,8.637527465820312
2024-01-11,83,111.93245,-28.932449340820312
2024-01-11,66,57.21278,8.787220001220703
2024-01-11,111,110.34827,0.6517333984375
2024-01-11,59,96.03129,-37.031288146972656
2024-01-11,120,106.76658,13.233421325683594
2024-01-11,69,82.91893,-13.918930053710938
2024-01-11,185,159.98552,25.014480590820312
2024-01-11,181,163.98409,17.015914916992188
2024-01-11,199,170.67159,28.328414916992188
2024-01-11,83,67.13998,15.860023498535156
2024-01-11,87,117.48992,-30.48992156982422
2024-01-11,188,178.72513,9.274871826171875
2024-01-11,91,95.90125,-4.901252746582031
2024-01-11,105,96.068504,8.931495666503906
2024-01-11,98,135.34724,-37.34724426269531
2024-01-11,103,99.49535,3.5046463012695312
2024-01-11,142,140.39035,1.609649658203125
2024-01-11,159,141.37305,17.626953125
2024-01-11,262,220.56056,41.43943786621094
2024-01-11,190,182.25636,7.7436370849609375
2024-01-11,144,131.70299,12.297012329101562
2024-01-11,101,99.82831,1.17169189453125
2024-01-11,67,70.38534,-3.3853378295898438
2024-01-11,94,93.31261,0.6873931884765625
2024-01-11,95,124.250824,-29.250823974609375
2024-01-11,75,94.77071,-19.770713806152344
2024-01-11,102,102.08146,-0.08145904541015625
2024-01-11,73,73.89704,-0.8970413208007812
2024-01-11,141,114.58532,26.41468048095703
2024-01-11,83,74.09516,8.904838562011719
2024-01-11,4,43.246056,-39.246055603027344
2024-01-11,152,145.72182,6.2781829833984375
2024-01-11,85,77.61539,7.384613037109375
2024-01-11,96,82.08067,13.919326782226562
2024-01-11,126,110.83281,15.167190551757812
2024-01-11,236,168.4509,67.54910278320312
2024-01-11,115,103.31292,11.687080383300781
2024-01-11,122,119.90517,2.0948333740234375
2024-01-11,111,116.971725,-5.9717254638671875
2024-01-11,73,59.074665,13.925334930419922
2024-01-11,121,110.634834,10.365165710449219
2024-01-11,46,51.8251,-5.825099945068359
2024-01-11,109,103.81058,5.189422607421875
2024-01-11,97,95.85597,1.1440277099609375
2024-01-11,92,96.428345,-4.4283447265625
2024-01-11,78,67.445175,10.554824829101562
2024-01-11,84,83.93463,0.06536865234375
2024-01-11,80,74.37339,5.626609802246094
2024-01-12,83,89.646576,-6.646575927734375
2024-01-12,131,136.65076,-5.6507568359375
2024-01-12,105,114.45256,-9.452560424804688
2024-01-12,140,145.76665,-5.7666473388671875
2024-01-12,91,76.14636,14.8536376953125
2024-01-12,110,110.9246,-0.9245986938476562
2024-01-12,181,137.60863,43.39137268066406
2024-01-12,143,126.29873,16.701271057128906
2024-01-12,112,120.689896,-8.689895629882812
2024-01-12,76,82.623116,-6.623115539550781
2024-01-12,58,74.76203,-16.76203155517578
2024-01-12,169,199.32037,-30.32037353515625
2024-01-12,36,42.02759,-6.027591705322266
2024-01-12,171,153.42003,17.579971313476562
2024-01-12,138,120.498985,17.501014709472656
2024-01-12,66,73.85399,-7.8539886474609375
2024-01-12,113,108.06824,4.9317626953125
2024-01-12,100,115.81467,-15.814666748046875
2024-01-12,123,108.05611,14.943893432617188
2024-01-12,73,68.34787,4.652130126953125
2024-01-12,63,92.33083,-29.330833435058594
2024-01-12,117,111.37908,5.620918273925781
2024-01-12,47,81.70543,-34.70542907714844
2024-01-12,98,154.22491,-56.22491455078125
2024-01-12,103,99.49785,3.5021514892578125
2024-01-12,117,109.96461,7.035392761230469
2024-01-12,43,56.07176,-13.071758270263672
2024-01-12,106,100.094765,5.905235290527344
2024-01-12,116,123.147316,-7.147315979003906
2024-01-12,174,163.30148,10.698516845703125
2024-01-12,61,73.37411,-12.374107360839844
2024-01-12,122,131.66821,-9.668212890625
2024-01-12,152,110.789185,41.2108154296875
2024-01-12,98,96.841835,1.1581649780273438
2024-01-12,130,129.22536,0.7746429443359375
2024-01-12,113,108.98352,4.0164794921875
2024-01-12,132,115.98224,16.01776123046875
2024-01-12,175,180.32985,-5.3298492431640625
2024-01-12,182,152.1666,29.833404541015625
2024-01-12,77,71.71308,5.286918640136719
2024-01-12,161,135.5081,25.491897583007812
2024-01-12,140,117.28116,22.718841552734375
2024-01-12,102,120.97686,-18.97686004638672
2024-01-12,173,161.25871,11.741287231445312
2024-01-12,140,103.844604,36.1553955078125
2024-01-12,85,87.665596,-2.6655960083007812
2024-01-12,152,138.45232,13.547683715820312
2024-01-12,75,115.10208,-40.102081298828125
2024-01-12,106,80.14504,25.854957580566406
2024-01-12,116,120.13492,-4.134918212890625
2024-01-12,72,63.99131,8.008689880371094
2024-01-12,102,109.8208,-7.82080078125
2024-01-12,88,103.93056,-15.930557250976562
2024-01-12,112,113.3663,-1.366302490234375
2024-01-12,142,148.49283,-6.492828369140625
2024-01-12,167,150.53362,16.466384887695312
2024-01-12,94,86.6925,7.307502746582031
2024-01-12,77,82.50811,-5.508110046386719
2024-01-12,150,137.60735,12.392654418945312
2024-01-12,127,124.71425,2.2857513427734375
2024-01-12,85,103.368095,-18.36809539794922
2024-01-12,61,79.083374,-18.0833740234375
2024-01-12,39,58.977272,-19.977272033691406
2024-01-12,147,140.65884,6.341156005859375
2024-01-12,93,96.49923,-3.4992294311523438
2024-01-12,100,106.695625,-6.695625305175781
2024-01-12,107,100.913536,6.086463928222656
2024-01-12,47,58.756783,-11.756782531738281
2024-01-12,101,119.755005,-18.7550048828125
2024-01-12,106,94.725266,11.274734497070312
2024-01-12,8,53.638107,-45.63810729980469
2024-01-12,98,116.86336,-18.863357543945312
2024-01-12,76,75.3774,0.6225967407226562
2024-01-12,86,86.16567,-0.16567230224609375
2024-01-12,21,28.4118,-7.411800384521484
2024-01-12,40,42.188416,-2.18841552734375
2024-01-12,74,75.9334,-1.9334030151367188
2024-01-12,71,85.54085,-14.540847778320312
2024-01-12,46,51.318142,-5.318141937255859
2024-01-12,70,62.159664,7.840335845947266
2024-01-12,142,144.07053,-2.070526123046875
2024-01-12,83,75.69752,7.302482604980469
2024-01-12,83,107.467735,-24.467735290527344
2024-01-12,204,171.65463,32.345367431640625
2024-01-12,123,113.70737,9.292633056640625
2024-01-12,120,127.60744,-7.6074371337890625
2024-01-12,105,98.44337,6.556632995605469
2024-01-12,134,110.29617,23.703826904296875
2024-01-12,219,196.32178,22.67822265625
2024-01-12,152,135.4298,16.570205688476562
2024-01-12,103,105.41461,-2.41461181640625
2024-01-12,83,98.98209,-15.982093811035156
2024-01-12,87,78.643166,8.356834411621094
2024-01-12,124,118.53323,5.466766357421875
2024-01-12,180,149.22293,30.777069091796875
2024-01-12,111,109.28594,1.7140579223632812
2024-01-12,60,69.71549,-9.715492248535156
2024-01-12,72,96.56524,-24.56523895263672
2024-01-12,82,83.21097,-1.210968017578125
2024-01-12,79,74.20649,4.793510437011719
2024-01-13,111,108.552216,2.447784423828125
2024-01-13,103,104.3109,-1.3108978271484375
2024-01-13,125,119.02839,5.971611022949219
2024-01-13,151,149.18011,1.81988525390625
2024-01-13,128,139.7985,-11.798492431640625
2024-01-13,81,88.655136,-7.6551361083984375
2024-01-13,60,77.908485,-17.908485412597656
2024-01-13,80,66.456375,13.543624877929688
2024-01-13,145,140.77917,4.2208251953125
2024-01-13,96,79.91524,16.084762573242188
2024-01-13,183,158.1383,24.8616943359375
2024-01-13,117,112.58059,4.419410705566406
2024-01-13,138,145.22543,-7.225433349609375
2024-01-13,91,99.85118,-8.851181030273438
2024-01-13,156,155.35156,0.6484375
2024-01-13,166,172.07054,-6.0705413818359375
2024-01-13,167,135.271,31.72900390625
2024-01-13,87,97.76695,-10.766952514648438
2024-01-13,120,109.27128,10.728721618652344
2024-01-13,47,56.895348,-9.895347595214844
2024-01-13,211,188.77307,22.2269287109375
2024-01-13,115,110.2895,4.710502624511719
2024-01-13,72,83.632484,-11.632484436035156
2024-01-13,72,110.60176,-38.60176086425781
2024-01-13,30,45.265938,-15.265937805175781
2024-01-13,85,116.36499,-31.364990234375
2024-01-13,56,76.68806,-20.68805694580078
2024-01-13,85,78.50359,6.496406555175781
2024-01-13,138,130.06255,7.9374542236328125
2024-01-13,124,131.36707,-7.3670654296875
2024-01-13,155,161.23744,-6.2374420166015625
2024-01-13,162,141.19205,20.807952880859375
2024-01-13,146,131.4618,14.538192749023438
2024-01-13,122,104.42581,17.574188232421875
2024-01-13,162,188.6679,-26.667892456054688
2024-01-13,173,172.05872,0.9412841796875
2024-01-13,99,86.888466,12.111534118652344
2024-01-13,84,100.51064,-16.510643005371094
2024-01-13,172,168.3094,3.6905975341796875
2024-01-13,88,88.14249,-0.142486572265625
2024-01-13,151,147.60745,3.392547607421875
2024-01-13,108,99.47146,8.528541564941406
2024-01-13,25,24.093328,0.9066715240478516
2024-01-13,217,180.85489,36.145111083984375
2024-01-13,107,95.617424,11.382575988769531
2024-01-13,90,93.02747,-3.0274734497070312
2024-01-13,158,152.80931,5.1906890869140625
2024-01-13,168,158.1598,9.840194702148438
2024-01-13,102,102.13007,-0.13007354736328125
2024-01-13,107,97.32857,9.671432495117188
2024-01-13,64,84.94028,-20.940277099609375
2024-01-13,69,89.70692,-20.70691680908203
2024-01-13,124,123.29394,0.7060623168945312
2024-01-13,92,96.594215,-4.594215393066406
2024-01-13,226,214.81276,11.187240600585938
2024-01-13,119,100.123985,18.876014709472656
2024-01-13,109,100.70625,8.293746948242188
2024-01-13,58,65.452156,-7.452156066894531
2024-01-13,117,108.974754,8.025245666503906
2024-01-13,125,122.45432,2.5456771850585938
2024-01-13,112,116.207825,-4.20782470703125
2024-01-13,102,95.877,6.1230010986328125
2024-01-13,59,68.078636,-9.078636169433594
2024-01-13,144,130.48798,13.51202392578125
2024-01-13,189,148.32773,40.672271728515625
2024-01-13,65,103.122734,-38.12273406982422
2024-01-13,210,170.37965,39.62034606933594
2024-01-13,66,69.943565,-3.9435653686523438
2024-01-13,118,112.10057,5.8994293212890625
2024-01-13,114,105.30391,8.696090698242188
2024-01-13,215,192.20595,22.794052124023438
2024-01-13,189,198.80968,-9.809677124023438
2024-01-13,85,98.23995,-13.239952087402344
2024-01-13,117,108.90724,8.092758178710938
2024-01-13,131,98.526115,32.47388458251953
2024-01-13,132,108.584366,23.415634155273438
2024-01-13,126,127.41663,-1.4166336059570312
2024-01-13,84,86.87185,-2.8718490600585938
2024-01-13,141,131.26236,9.737640380859375
2024-01-13,66,66.085815,-0.0858154296875
2024-01-13,149,153.11551,-4.115509033203125
2024-01-13,43,61.445786,-18.445785522460938
2024-01-13,95,89.0647,5.935302734375
2024-01-13,141,147.9546,-6.9546051025390625
2024-01-13,95,107.488625,-12.488624572753906
2024-01-13,87,130.31787,-43.31787109375
2024-01-13,196,189.86014,6.139862060546875
2024-01-13,132,123.72044,8.279556274414062
2024-01-13,170,159.60275,10.397247314453125
2024-01-13,94,80.0606,13.939399719238281
2024-01-13,177,158.67688,18.3231201171875
2024-01-13,102,113.97394,-11.97393798828125
2024-01-13,49,51.335983,-2.3359832763671875
2024-01-13,37,46.249134,-9.249134063720703
2024-01-13,111,96.847206,14.152793884277344
2024-01-13,164,151.08107,12.918930053710938
2024-01-13,146,130.02776,15.972244262695312
2024-01-13,123,122.8969,0.1031036376953125
2024-01-13,113,91.74687,21.253128051757812
2024-01-13,116,118.65702,-2.6570205688476562
2024-01-14,74,84.459915,-10.459915161132812
2024-01-14,119,96.82453,22.17546844482422
2024-01-14,66,57.843254,8.156745910644531
2024-01-14,128,118.73983,9.260169982910156
2024-01-14,118,102.08793,15.912071228027344
2024-01-14,72,71.295364,0.7046356201171875
2024-01-14,185,165.61143,19.388565063476562
2024-01-14,100,98.93816,1.0618362426757812
2024-01-14,99,92.14856,6.8514404296875
2024-01-14,46,51.795322,-5.795322418212891
2024-01-14,81,88.95161,-7.951606750488281
2024-01-14,117,129.02916,-12.029159545898438
2024-01-14,63,61.681316,1.3186836242675781
2024-01-14,119,112.30346,6.696540832519531
2024-01-14,108,104.492836,3.5071640014648438
2024-01-14,172,168.01071,3.989288330078125
2024-01-14,33,45.747074,-12.747074127197266
2024-01-14,69,76.10128,-7.101280212402344
2024-01-14,60,67.43421,-7.434211730957031
2024-01-14,77,76.74081,0.25919342041015625
2024-01-14,78,79.16778,-1.1677780151367188
2024-01-14,145,127.36795,17.632049560546875
2024-01-14,76,76.055466,-0.0554656982421875
2024-01-14,111,115.92377,-4.92376708984375
2024-01-14,99,101.38663,-2.386627197265625
2024-01-14,113,128.19951,-15.199508666992188
2024-01-14,120,113.359825,6.640174865722656
2024-01-14,142,130.72119,11.27880859375
2024-01-14,111,99.983116,11.016883850097656
2024-01-14,152,149.46785,2.5321502685546875
2024-01-14,97,97.44939,-0.4493865966796875
2024-01-14,79,93.17769,-14.177688598632812
2024-01-14,146,138.87936,7.120635986328125
2024-01-14,72,70.03643,1.9635696411132812
2024-01-14,137,143.6017,-6.6016998291015625
2024-01-14,155,160.46431,-5.4643096923828125
2024-01-14,90,90.07889,-0.078887939453125
2024-01-14,113,123.892845,-10.892845153808594
2024-01-14,110,131.19485,-21.194854736328125
2024-01-14,89,89.85264,-0.8526382446289062
2024-01-14,126,122.78257,3.2174301147460938
2024-01-14,153,133.79251,19.207489013671875
2024-01-14,23,52.21665,-29.21664810180664
2024-01-14,187,161.17049,25.829513549804688
2024-01-14,122,109.827995,12.172004699707031
2024-01-14,46,56.9841,-10.984100341796875
2024-01-14,128,115.541435,12.458564758300781
2024-01-14,111,102.64083,8.359169006347656
2024-01-14,81,83.55083,-2.5508270263671875
2024-01-14,114,93.6285,20.371498107910156
2024-01-14,116,129.00595,-13.005950927734375
2024-01-14,58,63.59012,-5.590118408203125
2024-01-14,151,131.53119,19.46881103515625
2024-01-14,183,146.64359,36.356414794921875
2024-01-14,115,124.84458,-9.844581604003906
2024-01-14,123,155.55846,-32.55845642089844
2024-01-14,65,77.001045,-12.001045227050781
2024-01-14,67,67.904976,-0.9049758911132812
2024-01-14,85,100.17685,-15.176849365234375
2024-01-14,214,174.11964,39.88035583496094
2024-01-14,4,38.907906,-34.90790557861328
2024-01-14,211,160.29927,50.70072937011719
2024-01-14,72,69.76174,2.2382583618164062
2024-01-14,143,128.46768,14.532318115234375
2024-01-14,67,79.1758,-12.175796508789062
2024-01-14,73,85.2603,-12.260299682617188
2024-01-14,146,158.49121,-12.4912109375
2024-01-14,96,85.44304,10.556961059570312
2024-01-14,89,93.14042,-4.140419006347656
2024-01-14,51,57.41423,-6.4142303466796875
2024-01-14,120,104.94294,15.057060241699219
2024-01-14,128,131.74733,-3.7473297119140625
2024-01-14,101,86.37267,14.627326965332031
2024-01-14,104,94.15989,9.840110778808594
2024-01-14,144,122.76703,21.23297119140625
2024-01-14,48,58.0372,-10.037200927734375
2024-01-14,80,108.13845,-28.138450622558594
2024-01-14,59,62.868675,-3.8686752319335938
2024-01-14,10,45.298046,-35.29804611206055
2024-01-14,72,67.592735,4.407264709472656
2024-01-14,123,116.55384,6.446159362792969
2024-01-14,72,74.873604,-2.8736038208007812
2024-01-14,78,79.500465,-1.5004653930664062
2024-01-14,122,122.599884,-0.599884033203125
2024-01-14,149,120.18221,28.817787170410156
2024-01-14,63,66.5188,-3.518798828125
2024-01-14,143,140.9014,2.098602294921875
2024-01-14,101,107.17988,-6.179878234863281
2024-01-14,136,125.75026,10.249740600585938
2024-01-14,121,113.55291,7.447090148925781
2024-01-14,44,64.49861,-20.498611450195312
2024-01-14,57,58.571568,-1.5715675354003906
2024-01-14,112,118.00376,-6.003761291503906
2024-01-14,66,63.86174,2.1382598876953125
2024-01-14,109,127.041885,-18.041885375976562
2024-01-14,106,128.70206,-22.702056884765625
2024-01-14,87,110.91508,-23.915077209472656
2024-01-14,83,79.15768,3.8423233032226562
2024-01-14,71,81.08831,-10.088310241699219
2024-01-14,116,112.429245,3.5707550048828125
2024-01-15,114,105.63855,8.3614501953125
2024-01-15,123,126.53739,-3.5373916625976562
2024-01-15,107,93.86057,13.139427185058594
2024-01-15,89,90.69659,-1.6965866088867188
2024-01-15,51,42.102512,8.89748764038086
2024-01-15,75,80.052536,-5.0525360107421875
2024-01-15,78,80.71449,-2.7144927978515625
2024-01-15,96,96.03847,-0.0384674072265625
2024-01-15,97,104.773384,-7.773384094238281
2024-01-15,77,78.53749,-1.5374908447265625
2024-01-15,76,73.88372,2.1162796020507812
2024-01-15,54,60.404434,-6.4044342041015625
2024-01-15,77,80.187874,-3.1878738403320312
2024-01-15,105,104.74327,0.2567291259765625
2024-01-15,112,97.2344,14.765602111816406
2024-01-15,236,234.27873,1.7212677001953125
2024-01-15,100,95.24242,4.7575836181640625
2024-01-15,80,81.82015,-1.8201522827148438
2024-01-15,35,28.517008,6.482992172241211
2024-01-15,64,71.72258,-7.7225799560546875
2024-01-15,120,125.8069,-5.8069000244140625
2024-01-15,98,77.55817,20.44183349609375
2024-01-15,62,63.459225,-1.4592247009277344
2024-01-15,139,160.46243,-21.462432861328125
2024-01-15,63,68.91688,-5.916877746582031
2024-01-15,103,91.59795,11.402046203613281
2024-01-15,115,97.98199,17.01801300048828
2024-01-15,72,67.5016,4.4983978271484375
2024-01-15,71,76.94952,-5.949516296386719
2024-01-15,140,145.74649,-5.746490478515625
2024-01-15,225,210.12112,14.878875732421875
2024-01-15,124,108.72489,15.275108337402344
2024-01-15,111,97.8249,13.175102233886719
2024-01-15,72,72.71354,-0.7135391235351562
2024-01-15,170,131.14954,38.8504638671875
2024-01-15,88,112.94061,-24.94061279296875
2024-01-15,100,88.30856,11.691436767578125
2024-01-15,67,59.376472,7.623527526855469
2024-01-15,98,85.15275,12.847251892089844
2024-01-15,59,65.48873,-6.488731384277344
2024-01-15,101,85.332535,15.667465209960938
2024-01-15,75,97.07947,-22.0794677734375
2024-01-15,75,83.42886,-8.428863525390625
2024-01-15,168,188.12273,-20.122726440429688
2024-01-15,140,138.992,1.00799560546875
2024-01-15,80,85.09521,-5.095207214355469
2024-01-15,143,118.81228,24.187721252441406
2024-01-15,129,142.72197,-13.721969604492188
2024-01-15,131,137.84158,-6.841583251953125
2024-01-15,119,102.62893,16.371070861816406
2024-01-15,87,80.81937,6.180633544921875
2024-01-15,98,99.07801,-1.0780105590820312
2024-01-15,87,85.997284,1.002716064453125
2024-01-15,154,140.79536,13.204635620117188
2024-01-15,101,106.52435,-5.52435302734375
2024-01-15,100,108.50279,-8.502792358398438
2024-01-15,68,74.02693,-6.0269317626953125
2024-01-15,92,92.68423,-0.6842269897460938
2024-01-15,128,120.876495,7.123504638671875
2024-01-15,126,124.08289,1.9171066284179688
2024-01-15,192,143.76303,48.236968994140625
2024-01-15,197,159.02579,37.974212646484375
2024-01-15,53,55.85749,-2.8574905395507812
2024-01-15,168,158.97404,9.025955200195312
2024-01-15,105,91.98656,13.013442993164062
2024-01-15,92,101.29167,-9.291671752929688
2024-01-15,157,133.46169,23.538314819335938
2024-01-15,71,67.59006,3.409942626953125
2024-01-15,88,93.667984,-5.6679840087890625
2024-01-15,155,153.83719,1.162811279296875
2024-01-15,158,159.5756,-1.5756072998046875
2024-01-15,90,102.00913,-12.009132385253906
2024-01-15,59,54.40278,4.597221374511719
2024-01-15,54,47.294044,6.705955505371094
2024-01-15,127,103.13345,23.866546630859375
2024-01-15,51,68.62323,-17.62322998046875
2024-01-15,108,101.609344,6.390655517578125
2024-01-15,54,52.256634,1.7433662414550781
2024-01-15,121,122.51824,-1.5182418823242188
2024-01-15,64,77.61619,-13.616188049316406
2024-01-15,103,106.26434,-3.26434326171875
2024-01-15,187,158.78,28.220001220703125
2024-01-15,80,80.76923,-0.7692337036132812
2024-01-15,156,167.75645,-11.756454467773438
2024-01-15,104,102.48081,1.5191879272460938
2024-01-15,118,109.76465,8.2353515625
2024-01-15,95,90.166336,4.8336639404296875
2024-01-15,131,133.4027,-2.4026947021484375
2024-01-15,103,99.99803,3.0019683837890625
2024-01-15,108,115.971146,-7.9711456298828125
2024-01-15,194,154.97385,39.026153564453125
2024-01-15,132,124.70036,7.2996368408203125
2024-01-15,97,101.22826,-4.2282562255859375
2024-01-15,114,111.087105,2.9128952026367188
2024-01-15,94,75.9983,18.00170135498047
2024-01-15,103,136.70212,-33.702117919921875
2024-01-15,101,92.33236,8.667640686035156
2024-01-15,96,92.1857,3.814300537109375
2024-01-15,25,20.355862,4.644138336181641
2024-01-15,73,96.047676,-23.04767608642578
2024-01-16,31,44.403996,-13.403995513916016
2024-01-16,153,165.20627,-12.206268310546875
2024-01-16,145,144.16524,0.8347625732421875
2024-01-16,64,59.03992,4.960079193115234
2024-01-16,132,120.51294,11.487060546875
2024-01-16,60,69.97371,-9.973709106445312
2024-01-16,184,163.02449,20.975509643554688
2024-01-16,122,121.25033,0.7496719360351562
2024-01-16,248,210.68959,37.31040954589844
2024-01-16,66,63.609375,2.390625
2024-01-16,50,64.14008,-14.140083312988281
2024-01-16,87,92.83167,-5.831672668457031
2024-01-16,152,131.5324,20.467605590820312
2024-01-16,76,71.803,4.196998596191406
2024-01-16,97,84.42442,12.575576782226562
2024-01-16,110,108.9399,1.0600967407226562
2024-01-16,81,88.184296,-7.184295654296875
2024-01-16,103,84.15426,18.845741271972656
2024-01-16,54,54.51814,-0.5181388854980469
2024-01-16,69,58.329823,10.670177459716797
2024-01-16,129,106.941696,22.058303833007812
2024-01-16,127,143.21729,-16.21728515625
2024-01-16,95,88.756935,6.243064880371094
2024-01-16,208,168.63625,39.36375427246094
2024-01-16,115,110.47729,4.522712707519531
2024-01-16,91,83.22986,7.7701416015625
2024-01-16,134,122.172966,11.827033996582031
2024-01-16,110,108.055824,1.9441757202148438
2024-01-16,123,111.2814,11.718597412109375
2024-01-16,103,108.41758,-5.417579650878906
2024-01-16,105,118.15715,-13.157150268554688
2024-01-16,89,85.08824,3.9117584228515625
2024-01-16,128,110.65772,17.34227752685547
2024-01-16,90,91.15582,-1.15582275390625
2024-01-16,92,99.09343,-7.0934295654296875
2024-01-16,159,197.69717,-38.697174072265625
2024-01-16,100,84.89459,15.10540771484375
2024-01-16,23,37.259457,-14.259456634521484
2024-01-16,82,79.78926,2.2107391357421875
2024-01-16,66,67.24384,-1.2438430786132812
2024-01-16,91,93.0169,-2.0168991088867188
2024-01-16,151,205.02534,-54.02534484863281
2024-01-16,127,125.24452,1.7554779052734375
2024-01-16,96,96.962654,-0.9626541137695312
2024-01-16,124,106.65916,17.340843200683594
2024-01-16,66,75.794365,-9.794364929199219
2024-01-16,131,118.41804,12.581962585449219
2024-01-16,120,126.941986,-6.941986083984375
2024-01-16,110,110.4961,-0.49610137939453125
2024-01-16,142,134.95723,7.0427703857421875
2024-01-16,66,100.94905,-34.94905090332031
2024-01-16,106,95.637405,10.362594604492188
2024-01-16,148,144.17802,3.8219757080078125
2024-01-16,144,134.36926,9.6307373046875
2024-01-16,88,85.611015,2.3889846801757812
2024-01-16,124,126.214294,-2.21429443359375
2024-01-16,70,66.72736,3.2726364135742188
2024-01-16,49,42.416824,6.5831756591796875
2024-01-16,114,111.51506,2.4849395751953125
2024-01-16,104,112.4422,-8.44219970703125
2024-01-16,117,105.64688,11.353118896484375
2024-01-16,11,64.50204,-53.502037048339844
2024-01-16,51,55.880333,-4.880332946777344
2024-01-16,121,108.9167,12.083297729492188
2024-01-16,117,126.04292,-9.042922973632812
2024-01-16,55,62.144188,-7.144187927246094
2024-01-16,158,149.08391,8.916091918945312
2024-01-16,140,126.90813,13.091873168945312
2024-01-16,169,155.06224,13.937759399414062
2024-01-16,64,79.69902,-15.699020385742188
2024-01-16,80,91.42801,-11.428009033203125
2024-01-16,90,85.36215,4.637847900390625
2024-01-16,122,126.555115,-4.55511474609375
2024-01-16,108,101.43946,6.560539245605469
2024-01-16,69,60.939438,8.060562133789062
2024-01-16,82,87.91114,-5.911140441894531
2024-01-16,116,118.727196,-2.7271957397460938
2024-01-16,77,77.00661,-0.0066070556640625
2024-01-16,83,77.004524,5.995475769042969
2024-01-16,49,53.59964,-4.599639892578125
2024-01-16,104,95.555984,8.444015502929688
2024-01-16,95,111.84617,-16.846168518066406
2024-01-16,74,87.34366,-13.343658447265625
2024-01-16,176,160.18007,15.819931030273438
2024-01-16,149,150.97081,-1.9708099365234375
2024-01-16,63,61.58364,1.4163589477539062
2024-01-16,195,177.75122,17.248779296875
2024-01-16,145,134.64919,10.350814819335938
2024-01-16,70,86.123924,-16.123924255371094
2024-01-16,126,129.27403,-3.2740325927734375
2024-01-16,89,110.328186,-21.32818603515625
2024-01-16,72,66.70503,5.2949676513671875
2024-01-16,104,120.87256,-16.87255859375
2024-01-16,86,89.03157,-3.0315704345703125
2024-01-16,111,104.3928,6.607200622558594
2024-01-16,148,166.67484,-18.674835205078125
2024-01-16,59,74.52239,-15.522392272949219
2024-01-16,115,95.91769,19.082313537597656
2024-01-16,64,68.175354,-4.17535400390625
2024-01-16,89,91.26472,-2.2647171020507812
2024-01-17,88,80.907745,7.092254638671875
2024-01-17,115,126.983055,-11.983055114746094
2024-01-17,88,88.07523,-0.07523345947265625
2024-01-17,84,96.90425,-12.904251098632812
2024-01-17,159,150.96545,8.0345458984375
2024-01-17,58,61.435757,-3.4357566833496094
2024-01-17,122,138.1227,-16.122695922851562
2024-01-17,88,108.54745,-20.547447204589844
2024-01-17,184,191.30258,-7.302581787109375
2024-01-17,94,98.20909,-4.2090911865234375
2024-01-17,94,105.047,-11.0469970703125
2024-01-17,127,125.41927,1.5807266235351562
2024-01-17,135,165.49944,-30.499435424804688
2024-01-17,52,69.55591,-17.555908203125
2024-01-17,99,88.56824,10.4317626953125
2024-01-17,110,117.255615,-7.255615234375
2024-01-17,123,109.20834,13.791656494140625
2024-01-17,148,136.65466,11.3453369140625
2024-01-17,100,98.791916,1.2080841064453125
2024-01-17,71,63.586407,7.413593292236328
2024-01-17,154,148.58609,5.413909912109375
2024-01-17,52,69.109,-17.10900115966797
2024-01-17,77,93.057594,-16.057594299316406
2024-01-17,87,76.54931,10.450691223144531
2024-01-17,113,114.84437,-1.8443679809570312
2024-01-17,21,21.651865,-0.6518650054931641
2024-01-17,99,116.27317,-17.273170471191406
2024-01-17,92,122.07048,-30.070480346679688
2024-01-17,184,184.91815,-0.91815185546875
2024-01-17,182,206.91243,-24.912429809570312
2024-01-17,96,88.01949,7.980506896972656
2024-01-17,72,88.45606,-16.45606231689453
2024-01-17,118,163.85815,-45.858154296875
2024-01-17,77,85.62062,-8.620620727539062
2024-01-17,99,97.404594,1.5954055786132812
2024-01-17,88,111.60804,-23.60803985595703
2024-01-17,108,92.16319,15.836807250976562
2024-01-17,95,93.94256,1.0574417114257812
2024-01-17,89,71.8839,17.11609649658203
2024-01-17,63,64.22905,-1.2290496826171875
2024-01-17,94,89.35214,4.647857666015625
2024-01-17,63,76.24664,-13.24664306640625
2024-01-17,44,48.46145,-4.461448669433594
2024-01-17,85,107.26426,-22.264259338378906
2024-01-17,84,88.68168,-4.681678771972656
2024-01-17,84,74.8147,9.185302734375
2024-01-17,75,117.51971,-42.51970672607422
2024-01-17,155,182.70183,-27.701828002929688
2024-01-17,161,151.22342,9.776580810546875
2024-01-17,98,144.71785,-46.71784973144531
2024-01-17,194,173.72511,20.274887084960938
2024-01-17,66,52.41631,13.583690643310547
2024-01-17,144,155.7896,-11.789596557617188
2024-01-17,75,84.05661,-9.056610107421875
2024-01-17,79,71.10771,7.8922882080078125
2024-01-17,105,113.64811,-8.648109436035156
2024-01-17,95,85.97938,9.020622253417969
2024-01-17,40,38.96942,1.03057861328125
2024-01-17,128,123.50243,4.497566223144531
2024-01-17,77,84.60906,-7.609062194824219
2024-01-17,78,82.16655,-4.1665496826171875
2024-01-17,107,125.30815,-18.308151245117188
2024-01-17,51,49.54775,1.4522514343261719
2024-01-17,136,142.08955,-6.0895538330078125
2024-01-17,103,113.64762,-10.647621154785156
2024-01-17,30,29.946762,0.0532379150390625
2024-01-17,81,138.44272,-57.442718505859375
2024-01-17,120,108.486176,11.513824462890625
2024-01-17,99,107.83661,-8.83660888671875
2024-01-17,89,119.33812,-30.338119506835938
2024-01-17,104,90.790924,13.209075927734375
2024-01-17,109,100.20958,8.790420532226562
2024-01-17,173,185.95656,-12.956558227539062
2024-01-17,70,73.59377,-3.5937728881835938
2024-01-17,65,61.59682,3.403179168701172
2024-01-17,69,68.19583,0.804168701171875
2024-01-17,140,125.545265,14.454734802246094
2024-01-17,82,82.67874,-0.678741455078125
2024-01-17,101,87.7274,13.272598266601562
2024-01-17,71,72.685326,-1.6853256225585938
2024-01-17,31,41.399002,-10.399002075195312
2024-01-17,47,76.15264,-29.15264129638672
2024-01-17,73,86.00794,-13.007942199707031
2024-01-17,125,121.540306,3.4596939086914062
2024-01-17,114,115.99368,-1.993682861328125
2024-01-17,108,105.566895,2.43310546875
2024-01-17,90,133.04196,-43.041961669921875
2024-01-17,133,174.80545,-41.805450439453125
2024-01-17,128,188.89983,-60.89982604980469
2024-01-17,175,195.38402,-20.384017944335938
2024-01-17,171,160.80556,10.194442749023438
2024-01-17,112,121.33282,-9.332817077636719
2024-01-17,229,207.88326,21.116744995117188
2024-01-17,36,41.739708,-5.739707946777344
2024-01-17,76,89.6706,-13.670600891113281
2024-01-17,101,118.15496,-17.15496063232422
2024-01-17,83,101.10774,-18.107742309570312
2024-01-17,184,151.5553,32.4447021484375
2024-01-17,69,65.55025,3.4497528076171875
2024-01-17,108,93.99744,14.0025634765625
2024-01-18,86,89.3572,-3.3572006225585938
2024-01-18,134,135.14383,-1.143829345703125
2024-01-18,110,121.42504,-11.425041198730469
2024-01-18,157,146.09383,10.906173706054688
2024-01-18,163,127.93764,35.06236267089844
2024-01-18,51,62.36082,-11.360820770263672
2024-01-18,62,111.66666,-49.666656494140625
2024-01-18,181,150.43898,30.561019897460938
2024-01-18,141,138.87437,2.1256256103515625
2024-01-18,71,77.68965,-6.6896514892578125
2024-01-18,86,97.995026,-11.995025634765625
2024-01-18,75,88.04418,-13.044181823730469
2024-01-18,61,70.37726,-9.37725830078125
2024-01-18,169,148.27405,20.7259521484375
2024-01-18,74,70.65702,3.3429794311523438
2024-01-18,171,155.49246,15.507537841796875
2024-01-18,147,119.93725,27.06275177001953
2024-01-18,151,136.60974,14.3902587890625
2024-01-18,96,89.66363,6.336372375488281
2024-01-18,119,114.03719,4.962806701660156
2024-01-18,139,130.47203,8.527969360351562
2024-01-18,73,92.407646,-19.40764617919922
2024-01-18,101,103.69178,-2.6917800903320312
2024-01-18,188,150.9099,37.09010314941406
2024-01-18,37,47.779896,-10.779895782470703
2024-01-18,72,73.5399,-1.5399017333984375
2024-01-18,49,88.48491,-39.48490905761719
2024-01-18,127,153.82172,-26.82171630859375
2024-01-18,150,166.3401,-16.340103149414062
2024-01-18,164,159.04855,4.951446533203125
2024-01-18,130,152.66124,-22.661239624023438
2024-01-18,105,140.04286,-35.04286193847656
2024-01-18,107,130.30463,-23.30462646484375
2024-01-18,184,187.5052,-3.5052032470703125
2024-01-18,125,118.30575,6.694252014160156
2024-01-18,173,169.72148,3.2785186767578125
2024-01-18,96,77.66358,18.33641815185547
2024-01-18,65,76.067024,-11.067024230957031
2024-01-18,137,121.39728,15.60272216796875
2024-01-18,85,83.03828,1.9617233276367188
2024-01-18,66,68.00022,-2.0002212524414062
2024-01-18,80,91.2778,-11.277801513671875
2024-01-18,68,88.369125,-20.369125366210938
2024-01-18,185,166.23401,18.7659912109375
2024-01-18,113,108.60739,4.392608642578125
2024-01-18,85,86.33096,-1.330963134765625
2024-01-18,99,87.20542,11.794578552246094
2024-01-18,50,76.31183,-26.31182861328125
2024-01-18,24,47.027348,-23.027347564697266
2024-01-18,122,127.92829,-5.928291320800781
2024-01-18,108,112.29767,-4.29766845703125
2024-01-18,91,100.91726,-9.917259216308594
2024-01-18,111,130.89845,-19.898452758789062
2024-01-18,172,166.96565,5.0343475341796875
2024-01-18,142,128.00209,13.997909545898438
2024-01-18,205,195.9595,9.040496826171875
2024-01-18,87,81.48456,5.51544189453125
2024-01-18,73,73.48793,-0.4879302978515625
2024-01-18,156,154.8558,1.144195556640625
2024-01-18,139,138.74411,0.255889892578125
2024-01-18,95,75.29546,19.70453643798828
2024-01-18,113,93.23788,19.762123107910156
2024-01-18,52,47.875526,4.124473571777344
2024-01-18,178,160.84721,17.152786254882812
2024-01-18,101,99.444534,1.5554656982421875
2024-01-18,101,97.646866,3.3531341552734375
2024-01-18,38,86.47007,-48.470069885253906
2024-01-18,46,51.381012,-5.381011962890625
2024-01-18,110,126.11805,-16.11804962158203
2024-01-18,161,151.37456,9.625442504882812
2024-01-18,181,172.64656,8.353439331054688
2024-01-18,144,148.10918,-4.1091766357421875
2024-01-18,107,124.37741,-17.377410888671875
2024-01-18,82,84.25976,-2.2597579956054688
2024-01-18,71,70.74458,0.2554168701171875
2024-01-18,110,105.130356,4.8696441650390625
2024-01-18,79,80.214806,-1.2148056030273438
2024-01-18,51,56.542492,-5.542491912841797
2024-01-18,152,131.54721,20.452789306640625
2024-01-18,87,85.14686,1.8531417846679688
2024-01-18,132,122.9413,9.058700561523438
2024-01-18,106,100.54327,5.456733703613281
2024-01-18,43,42.208084,0.7919158935546875
2024-01-18,108,98.43227,9.567733764648438
2024-01-18,115,118.473434,-3.4734344482421875
2024-01-18,83,82.90966,0.09033966064453125
2024-01-18,138,143.89694,-5.896942138671875
2024-01-18,132,155.07864,-23.078643798828125
2024-01-18,159,153.89584,5.104156494140625
2024-01-18,106,135.56062,-29.560623168945312
2024-01-18,93,116.924385,-23.92438507080078
2024-01-18,123,121.480064,1.5199356079101562
2024-01-18,155,171.37622,-16.376220703125
2024-01-18,107,100.00094,6.999061584472656
2024-01-18,109,118.38212,-9.382118225097656
2024-01-18,138,151.81575,-13.815750122070312
2024-01-18,149,141.681,7.319000244140625
2024-01-18,146,114.86256,31.13744354248047
2024-01-18,143,147.3071,-4.307098388671875
2024-01-18,169,149.94633,19.053665161132812
2024-01-19,90,85.778366,4.2216339111328125
2024-01-19,39,26.30906,12.690940856933594
2024-01-19,136,121.97755,14.022453308105469
2024-01-19,101,104.66367,-3.6636734008789062
2024-01-19,98,86.38365,11.616348266601562
2024-01-19,44,45.50629,-1.5062904357910156
2024-01-19,21,34.843357,-13.84335708618164
2024-01-19,83,55.701023,27.29897689819336
2024-01-19,100,101.096695,-1.0966949462890625
2024-01-19,31,38.710663,-7.710662841796875
2024-01-19,69,72.34218,-3.3421783447265625
2024-01-19,100,115.061935,-15.061935424804688
2024-01-19,105,98.62713,6.372871398925781
2024-01-19,109,117.23954,-8.239540100097656
2024-01-19,78,69.83364,8.166358947753906
2024-01-19,115,108.76599,6.2340087890625
2024-01-19,80,69.71481,10.285186767578125
2024-01-19,120,109.20799,10.792007446289062
2024-01-19,58,65.85684,-7.856842041015625
2024-01-19,65,63.3258,1.6741981506347656
2024-01-19,232,205.45253,26.547470092773438
2024-01-19,26,24.709192,1.2908077239990234
2024-01-19,100,94.470345,5.529655456542969
2024-01-19,152,134.45688,17.543121337890625
2024-01-19,115,122.37317,-7.3731689453125
2024-01-19,87,86.78243,0.21756744384765625
2024-01-19,61,58.013138,2.9868621826171875
2024-01-19,105,91.47772,13.52227783203125
2024-01-19,80,84.65837,-4.6583709716796875
2024-01-19,86,98.91944,-12.919441223144531
2024-01-19,103,91.916435,11.083564758300781
2024-01-19,68,82.13452,-14.134521484375
2024-01-19,168,122.8669,45.13310241699219
2024-01-19,108,90.19627,17.803726196289062
2024-01-19,123,115.09708,7.902923583984375
2024-01-19,32,57.36235,-25.362350463867188
2024-01-19,76,75.16154,0.8384628295898438
2024-01-19,112,98.35561,13.644386291503906
2024-01-19,57,85.221214,-28.221214294433594
2024-01-19,44,51.48157,-7.481571197509766
2024-01-19,115,124.49833,-9.498329162597656
2024-01-19,61,53.535892,7.464107513427734
2024-01-19,71,85.68855,-14.688552856445312
2024-01-19,91,114.58703,-23.58702850341797
2024-01-19,145,137.21394,7.7860565185546875
2024-01-19,72,73.20543,-1.2054290771484375
2024-01-19,81,100.18603,-19.18602752685547
2024-01-19,106,117.40883,-11.408828735351562
2024-01-19,128,110.14465,17.8553466796875
2024-01-19,116,125.34026,-9.340263366699219
2024-01-19,133,132.8662,0.1338043212890625
2024-01-19,87,100.805466,-13.805465698242188
2024-01-19,137,135.07181,1.928192138671875
2024-01-19,160,194.49835,-34.49835205078125
2024-01-19,93,96.08231,-3.0823135375976562
2024-01-19,57,71.95229,-14.952293395996094
2024-01-19,79,75.39312,3.6068801879882812
2024-01-19,92,101.46536,-9.465362548828125
2024-01-19,151,146.86563,4.134368896484375
2024-01-19,75,105.13891,-30.13890838623047
2024-01-19,116,99.65743,16.342567443847656
2024-01-19,41,49.957973,-8.95797348022461
2024-01-19,80,87.76802,-7.7680206298828125
2024-01-19,95,109.331345,-14.331344604492188
2024-01-19,148,128.26566,19.734344482421875
2024-01-19,80,82.04146,-2.0414581298828125
2024-01-19,103,103.12839,-0.128387451171875
2024-01-19,76,69.24588,6.754119873046875
2024-01-19,60,69.10704,-9.107040405273438
2024-01-19,119,111.94729,7.052711486816406
2024-01-19,101,79.310265,21.689735412597656
2024-01-19,66,85.67137,-19.671371459960938
2024-01-19,55,57.80902,-2.80902099609375
2024-01-19,78,80.4886,-2.4886016845703125
2024-01-19,29,28.107346,0.8926544189453125
2024-01-19,44,51.973186,-7.973186492919922
2024-01-19,127,114.33093,12.6690673828125
2024-01-19,48,59.150494,-11.150493621826172
2024-01-19,91,92.084946,-1.0849456787109375
2024-01-19,61,73.17663,-12.176628112792969
2024-01-19,105,113.94568,-8.9456787109375
2024-01-19,37,37.71871,-0.7187118530273438
2024-01-19,34,50.352146,-16.35214614868164
2024-01-19,86,88.73343,-2.733428955078125
2024-01-19,141,128.71646,12.283538818359375
2024-01-19,73,86.580414,-13.580413818359375
2024-01-19,51,65.468864,-14.468864440917969
2024-01-19,168,145.03531,22.964691162109375
2024-01-19,90,93.31876,-3.3187637329101562
2024-01-19,78,68.54204,9.457962036132812
2024-01-19,111,95.425865,15.574134826660156
2024-01-19,63,59.716637,3.2833633422851562
2024-01-19,92,86.0808,5.919197082519531
2024-01-19,78,86.22702,-8.227020263671875
2024-01-19,126,99.263245,26.73675537109375
2024-01-19,33,66.09111,-33.09111022949219
2024-01-19,99,94.16831,4.831687927246094
2024-01-19,151,132.72661,18.273391723632812
2024-01-19,88,93.21412,-5.214118957519531
2024-01-19,68,76.85856,-8.858558654785156
2024-01-20,141,145.25917,-4.2591705322265625
2024-01-20,120,143.86841,-23.868408203125
2024-01-20,109,117.62614,-8.626136779785156
2024-01-20,135,137.67621,-2.67620849609375
2024-01-20,174,190.66594,-16.665939331054688
2024-01-20,103,94.23184,8.768157958984375
2024-01-20,29,48.358955,-19.35895538330078
2024-01-20,126,97.436134,28.563865661621094
2024-01-20,174,154.68756,19.31243896484375
2024-01-20,92,86.66993,5.330070495605469
2024-01-20,114,113.496704,0.5032958984375
2024-01-20,139,136.04579,2.9542083740234375
2024-01-20,120,112.949,7.051002502441406
2024-01-20,186,202.72154,-16.721542358398438
2024-01-20,181,155.67351,25.326492309570312
2024-01-20,191,151.21342,39.78657531738281
2024-01-20,209,181.67819,27.321807861328125
2024-01-20,167,165.83,1.1699981689453125
2024-01-20,72,71.82685,0.17314910888671875
2024-01-20,66,67.858696,-1.8586959838867188
2024-01-20,155,160.915,-5.9149932861328125
2024-01-20,60,87.37322,-27.37322235107422
2024-01-20,38,71.02185,-33.0218505859375
2024-01-20,235,186.06075,48.93925476074219
2024-01-20,199,181.10925,17.8907470703125
2024-01-20,96,101.74993,-5.749931335449219
2024-01-20,101,96.28094,4.719062805175781
2024-01-20,118,126.22188,-8.221878051757812
2024-01-20,139,152.61632,-13.616317749023438
2024-01-20,86,73.72752,12.272476196289062
2024-01-20,136,143.847,-7.8470001220703125
2024-01-20,115,95.7002,19.29979705810547
2024-01-20,131,112.294426,18.70557403564453
2024-01-20,161,164.51636,-3.516357421875
2024-01-20,202,176.73352,25.2664794921875
2024-01-20,224,182.37112,41.628875732421875
2024-01-20,156,148.66754,7.33245849609375
2024-01-20,73,101.30565,-28.305648803710938
2024-01-20,158,145.51819,12.4818115234375
2024-01-20,92,84.87836,7.12164306640625
2024-01-20,45,57.912827,-12.912826538085938
2024-01-20,118,126.78937,-8.78936767578125
2024-01-20,60,83.435524,-23.435523986816406
2024-01-20,174,181.8142,-7.8141937255859375
2024-01-20,111,123.51116,-12.511161804199219
2024-01-20,79,77.46075,1.5392532348632812
2024-01-20,162,158.33606,3.6639404296875
2024-01-20,116,113.371735,2.628265380859375
2024-01-20,106,90.050766,15.949234008789062
2024-01-20,58,51.89824,6.1017608642578125
2024-01-20,166,164.04466,1.9553375244140625
2024-01-20,133,115.98479,17.015213012695312
2024-01-20,206,174.69542,31.304580688476562
2024-01-20,151,158.96338,-7.96337890625
2024-01-20,237,213.48256,23.517440795898438
2024-01-20,99,91.03782,7.962181091308594
2024-01-20,101,90.50344,10.496559143066406
2024-01-20,111,109.63644,1.3635635375976562
2024-01-20,147,139.25049,7.74951171875
2024-01-20,98,97.00947,0.9905319213867188
2024-01-20,115,141.07962,-26.079620361328125
2024-01-20,68,90.24316,-22.24315643310547
2024-01-20,70,72.516304,-2.5163040161132812
2024-01-20,201,175.10503,25.894973754882812
2024-01-20,198,191.71864,6.2813568115234375
2024-01-20,89,84.93313,4.066871643066406
2024-01-20,116,116.9183,-0.9182968139648438
2024-01-20,81,85.71648,-4.7164764404296875
2024-01-20,192,187.69583,4.304168701171875
2024-01-20,119,123.92523,-4.92523193359375
2024-01-20,101,93.93804,7.061958312988281
2024-01-20,159,159.68762,-0.6876220703125
2024-01-20,143,129.40926,13.590744018554688
2024-01-20,110,120.91084,-10.910842895507812
2024-01-20,55,62.19322,-7.193218231201172
2024-01-20,142,122.829216,19.17078399658203
2024-01-20,206,193.22057,12.779434204101562
2024-01-20,38,68.8067,-30.80670166015625
2024-01-20,117,104.268135,12.731864929199219
2024-01-20,83,84.6143,-1.6143035888671875
2024-01-20,95,123.13183,-28.13182830810547
2024-01-20,78,77.61853,0.3814697265625
2024-01-20,104,111.717995,-7.717994689941406
2024-01-20,158,154.75385,3.24615478515625
2024-01-20,192,191.1274,0.8726043701171875
2024-01-20,84,91.981766,-7.9817657470703125
2024-01-20,81,82.26765,-1.2676467895507812
2024-01-20,127,130.12263,-3.1226348876953125
2024-01-20,225,216.86546,8.134536743164062
2024-01-20,162,139.09837,22.901626586914062
2024-01-20,172,167.81982,4.18017578125
2024-01-20,105,100.00389,4.9961090087890625
2024-01-20,205,181.9639,23.036102294921875
2024-01-20,112,121.6881,-9.688102722167969
2024-01-20,140,143.62254,-3.6225433349609375
2024-01-20,122,126.925735,-4.9257354736328125
2024-01-20,156,148.96388,7.0361175537109375
2024-01-20,135,136.63168,-1.631683349609375
2024-01-20,72,75.41483,-3.4148330688476562
2024-01-20,117,105.944824,11.05517578125
2024-01-21,109,113.0934,-4.0933990478515625
2024-01-21,121,126.13168,-5.131683349609375
2024-01-21,96,93.00996,2.9900436401367188
2024-01-21,162,166.50601,-4.506011962890625
2024-01-21,197,187.13321,9.866790771484375
2024-01-21,75,68.82247,6.177528381347656
2024-01-21,93,94.51642,-1.51641845703125
2024-01-21,141,111.65235,29.34764862060547
2024-01-21,169,178.34865,-9.348648071289062
2024-01-21,69,73.62249,-4.622489929199219
2024-01-21,68,77.445206,-9.445205688476562
2024-01-21,154,133.67401,20.32598876953125
2024-01-21,132,123.02947,8.970527648925781
2024-01-21,128,137.55621,-9.55621337890625
2024-01-21,152,142.5434,9.45660400390625
2024-01-21,130,122.44747,7.552528381347656
2024-01-21,103,86.10676,16.89324188232422
2024-01-21,132,120.32378,11.676223754882812
2024-01-21,64,58.31543,5.6845703125
2024-01-21,104,106.82248,-2.822479248046875
2024-01-21,99,88.91028,10.0897216796875
2024-01-21,47,69.3835,-22.383499145507812
2024-01-21,82,88.79531,-6.795310974121094
2024-01-21,181,194.28223,-13.2822265625
2024-01-21,88,106.042435,-18.042434692382812
2024-01-21,84,85.93794,-1.9379425048828125
2024-01-21,47,84.96237,-37.962371826171875
2024-01-21,132,124.69649,7.3035125732421875
2024-01-21,157,172.36993,-15.36993408203125
2024-01-21,156,151.42747,4.5725250244140625
2024-01-21,118,119.11827,-1.1182708740234375
2024-01-21,45,45.17095,-0.17095184326171875
2024-01-21,82,76.25395,5.7460479736328125
2024-01-21,135,122.34756,12.652442932128906
2024-01-21,139,124.20949,14.790512084960938
2024-01-21,103,95.2123,7.787696838378906
2024-01-21,148,134.9759,13.024093627929688
2024-01-21,99,96.25192,2.748077392578125
2024-01-21,57,48.913033,8.086967468261719
2024-01-21,20,36.026703,-16.026702880859375
2024-01-21,52,59.273952,-7.273952484130859
2024-01-21,62,72.079155,-10.079154968261719
2024-01-21,30,26.051311,3.948688507080078
2024-01-21,88,120.61004,-32.61003875732422
2024-01-21,42,66.4329,-24.432899475097656
2024-01-21,63,60.3218,2.6781997680664062
2024-01-21,87,95.86537,-8.865371704101562
2024-01-21,107,100.10287,6.897132873535156
2024-01-21,133,137.61168,-4.6116790771484375
2024-01-21,77,67.365326,9.634674072265625
2024-01-21,75,82.28697,-7.2869720458984375
2024-01-21,92,82.09217,9.907829284667969
2024-01-21,112,96.21694,15.783058166503906
2024-01-21,218,211.7263,6.2736968994140625
2024-01-21,68,60.464336,7.535663604736328
2024-01-21,135,110.157234,24.84276580810547
2024-01-21,61,70.19074,-9.190742492675781
2024-01-21,68,73.30293,-5.3029327392578125
2024-01-21,107,96.21252,10.787483215332031
2024-01-21,97,98.61214,-1.6121368408203125
2024-01-21,63,56.712097,6.28790283203125
2024-01-21,42,92.9667,-50.966697692871094
2024-01-21,33,39.833813,-6.833812713623047
2024-01-21,122,127.19293,-5.19293212890625
2024-01-21,106,143.29828,-37.29827880859375
2024-01-21,87,79.18162,7.818382263183594
2024-01-21,52,108.45748,-56.457481384277344
2024-01-21,101,87.73641,13.263587951660156
2024-01-21,84,116.585915,-32.585914611816406
2024-01-21,165,159.585,5.4149932861328125
2024-01-21,116,105.47989,10.520111083984375
2024-01-21,79,77.39602,1.6039810180664062
2024-01-21,51,61.21859,-10.218589782714844
2024-01-21,110,104.138374,5.861625671386719
2024-01-21,67,64.71065,2.2893524169921875
2024-01-21,76,66.67227,9.327728271484375
2024-01-21,173,174.34682,-1.3468170166015625
2024-01-21,61,64.61573,-3.6157302856445312
2024-01-21,82,82.91181,-0.9118118286132812
2024-01-21,89,77.15945,11.840553283691406
2024-01-21,148,134.6767,13.32330322265625
2024-01-21,64,90.868546,-26.868545532226562
2024-01-21,68,66.90309,1.0969085693359375
2024-01-21,139,141.5867,-2.586700439453125
2024-01-21,196,204.94351,-8.943511962890625
2024-01-21,148,129.79366,18.206344604492188
2024-01-21,142,143.23288,-1.232879638671875
2024-01-21,162,147.45668,14.543319702148438
2024-01-21,148,152.8699,-4.869903564453125
2024-01-21,108,94.65789,13.342109680175781
2024-01-21,81,81.82142,-0.8214187622070312
2024-01-21,96,89.54553,6.4544677734375
2024-01-21,107,100.0811,6.9188995361328125
2024-01-21,98,89.38969,8.610313415527344
2024-01-21,159,146.54964,12.450363159179688
2024-01-21,112,99.483826,12.51617431640625
2024-01-21,118,133.46626,-15.466262817382812
2024-01-21,121,112.00207,8.997932434082031
2024-01-21,114,105.77847,8.221527099609375
2024-01-21,68,82.05979,-14.059791564941406
2024-01-22,218,201.5722,16.42779541015625
2024-01-22,147,133.78049,13.219512939453125
2024-01-22,182,165.31107,16.688934326171875
2024-01-22,91,108.30303,-17.30303192138672
2024-01-22,68,102.99191,-34.991912841796875
2024-01-22,116,143.40445,-27.404449462890625
2024-01-22,106,108.0561,-2.0560989379882812
2024-01-22,97,91.94899,5.0510101318359375
2024-01-22,183,199.87892,-16.878921508789062
2024-01-22,89,94.40957,-5.409568786621094
2024-01-22,100,100.44082,-0.44081878662109375
2024-01-22,69,63.783897,5.216102600097656
2024-01-22,91,81.93836,9.061637878417969
2024-01-22,193,221.16754,-28.16754150390625
2024-01-22,83,95.04573,-12.045730590820312
2024-01-22,159,143.9822,15.017807006835938
2024-01-22,226,214.12083,11.879165649414062
2024-01-22,132,136.36813,-4.368133544921875
2024-01-22,71,82.3379,-11.337898254394531
2024-01-22,54,55.393696,-1.3936958312988281
2024-01-22,51,97.77781,-46.777809143066406
2024-01-22,56,69.82814,-13.828140258789062
2024-01-22,168,133.88748,34.112518310546875
2024-01-22,108,109.914894,-1.9148941040039062
2024-01-22,79,81.76002,-2.7600173950195312
2024-01-22,88,92.589386,-4.589385986328125
2024-01-22,68,71.19422,-3.1942214965820312
2024-01-22,66,49.87304,16.12696075439453
2024-01-22,116,127.63221,-11.632209777832031
2024-01-22,180,149.60773,30.39227294921875
2024-01-22,146,136.28232,9.717681884765625
2024-01-22,94,112.48954,-18.489540100097656
2024-01-22,114,103.10348,10.896522521972656
2024-01-22,80,101.97166,-21.971656799316406
2024-01-22,111,110.684006,0.3159942626953125
2024-01-22,49,44.934483,4.065517425537109
2024-01-22,136,129.61078,6.38922119140625
2024-01-22,16,31.166374,-15.166374206542969
2024-01-22,173,155.56165,17.4383544921875
2024-01-22,106,144.1643,-38.164306640625
2024-01-22,119,152.31104,-33.31103515625
2024-01-22,100,102.34109,-2.3410873413085938
2024-01-22,105,124.74519,-19.745193481445312
2024-01-22,162,168.64853,-6.648529052734375
2024-01-22,128,150.16043,-22.160430908203125
2024-01-22,114,124.81033,-10.810333251953125
2024-01-22,65,62.70103,2.298969268798828
2024-01-22,122,127.520164,-5.520164489746094
2024-01-22,106,105.996216,0.0037841796875
2024-01-22,94,101.58783,-7.58782958984375
2024-01-22,141,140.81122,0.18878173828125
2024-01-22,94,98.23653,-4.2365264892578125
2024-01-22,174,163.44778,10.552215576171875
2024-01-22,86,78.474106,7.5258941650390625
2024-01-22,188,195.169,-7.16900634765625
2024-01-22,156,138.25023,17.749771118164062
2024-01-22,129,131.86966,-2.869659423828125
2024-01-22,102,112.08266,-10.082656860351562
2024-01-22,184,176.59322,7.4067840576171875
2024-01-22,119,172.38496,-53.38496398925781
2024-01-22,152,163.32935,-11.329345703125
2024-01-22,84,72.97613,11.023872375488281
2024-01-22,75,80.45352,-5.453521728515625
2024-01-22,120,133.97899,-13.978988647460938
2024-01-22,31,75.41424,-44.41423797607422
2024-01-22,157,138.89127,18.108734130859375
2024-01-22,69,88.33875,-19.33875274658203
2024-01-22,44,30.056978,13.943021774291992
2024-01-22,97,111.76609,-14.766090393066406
2024-01-22,86,108.79773,-22.7977294921875
2024-01-22,168,153.30856,14.691436767578125
2024-01-22,107,108.26813,-1.26812744140625
2024-01-22,158,143.05553,14.944473266601562
2024-01-22,103,102.190834,0.8091659545898438
2024-01-22,71,76.589554,-5.5895538330078125
2024-01-22,81,78.473175,2.526824951171875
2024-01-22,177,180.5811,-3.5811004638671875
2024-01-22,159,133.456,25.54400634765625
2024-01-22,157,131.90259,25.097412109375
2024-01-22,157,156.8098,0.1902008056640625
2024-01-22,177,185.80774,-8.8077392578125
2024-01-22,109,97.434135,11.565864562988281
2024-01-22,183,168.84009,14.159912109375
2024-01-22,144,145.70593,-1.7059326171875
2024-01-22,133,112.80678,20.193222045898438
2024-01-22,123,128.13249,-5.1324920654296875
2024-01-22,80,79.91741,0.08258819580078125
2024-01-22,193,154.72652,38.27348327636719
2024-01-22,137,162.54999,-25.54998779296875
2024-01-22,160,157.70355,2.29644775390625
2024-01-22,81,63.911488,17.088512420654297
2024-01-22,123,122.81842,0.18157958984375
2024-01-22,143,133.55316,9.44683837890625
2024-01-22,63,76.7654,-13.765403747558594
2024-01-22,86,72.634636,13.365364074707031
2024-01-22,126,132.41704,-6.4170379638671875
2024-01-22,124,136.1856,-12.185592651367188
2024-01-22,260,224.5252,35.47479248046875
2024-01-22,149,136.92622,12.073776245117188
2024-01-22,112,145.0468,-33.04679870605469
2024-01-23,68,74.53334,-6.5333404541015625
2024-01-23,71,71.111275,-0.11127471923828125
2024-01-23,101,110.82144,-9.821441650390625
2024-01-23,35,43.558258,-8.558258056640625
2024-01-23,81,74.17119,6.8288116455078125
2024-01-23,125,105.68863,19.311370849609375
2024-01-23,11,31.803785,-20.80378532409668
2024-01-23,83,69.15855,13.841453552246094
2024-01-23,95,99.81305,-4.81304931640625
2024-01-23,74,75.47913,-1.4791336059570312
2024-01-23,145,131.29057,13.709426879882812
2024-01-23,121,151.91246,-30.912460327148438
2024-01-23,99,112.09467,-13.094673156738281
2024-01-23,86,86.49357,-0.49356842041015625
2024-01-23,118,104.44574,13.55426025390625
2024-01-23,115,114.82418,0.17581939697265625
2024-01-23,100,88.91199,11.0880126953125
2024-01-23,123,131.40321,-8.403213500976562
2024-01-23,53,60.86602,-7.866020202636719
2024-01-23,83,64.399895,18.60010528564453
2024-01-23,87,97.85272,-10.85272216796875
2024-01-23,57,66.544846,-9.544845581054688
2024-01-23,110,111.387825,-1.3878250122070312
2024-01-23,123,117.25736,5.742637634277344
2024-01-23,95,94.5049,0.4951019287109375
2024-01-23,80,74.490166,5.509834289550781
2024-01-23,104,88.42457,15.575431823730469
2024-01-23,157,159.87256,-2.87255859375
2024-01-23,61,72.11492,-11.114921569824219
2024-01-23,98,95.85652,2.1434783935546875
2024-01-23,69,83.04678,-14.046783447265625
2024-01-23,91,112.30317,-21.30316925048828
2024-01-23,138,135.11813,2.881866455078125
2024-01-23,95,113.3022,-18.302200317382812
2024-01-23,108,102.996056,5.003944396972656
2024-01-23,106,104.25063,1.7493667602539062
2024-01-23,68,75.299355,-7.299354553222656
2024-01-23,67,78.52767,-11.527671813964844
2024-01-23,125,131.22864,-6.2286376953125
2024-01-23,39,43.56315,-4.563148498535156
2024-01-23,89,102.04759,-13.047592163085938
2024-01-23,94,92.65731,1.3426895141601562
2024-01-23,150,142.7259,7.2740936279296875
2024-01-23,93,97.303444,-4.303443908691406
2024-01-23,74,67.272064,6.727935791015625
2024-01-23,179,149.46269,29.537307739257812
2024-01-23,65,64.09778,0.9022216796875
2024-01-23,88,92.020325,-4.02032470703125
2024-01-23,121,113.73535,7.2646484375
2024-01-23,96,98.31051,-2.3105087280273438
2024-01-23,102,98.44778,3.5522232055664062
2024-01-23,109,98.82755,10.172447204589844
2024-01-23,57,44.88085,12.119148254394531
2024-01-23,115,134.30746,-19.307464599609375
2024-01-23,112,101.082245,10.917755126953125
2024-01-23,111,98.341125,12.65887451171875
2024-01-23,101,95.42159,5.578407287597656
2024-01-23,100,101.00627,-1.0062713623046875
2024-01-23,103,127.39508,-24.39508056640625
2024-01-23,142,148.48438,-6.484375
2024-01-23,65,88.7734,-23.773399353027344
2024-01-23,79,75.135254,3.86474609375
2024-01-23,77,80.9403,-3.9402999877929688
2024-01-23,162,148.97418,13.02581787109375
2024-01-23,80,80.7327,-0.732696533203125
2024-01-23,119,106.09253,12.907470703125
2024-01-23,86,101.01381,-15.013809204101562
2024-01-23,72,84.88479,-12.884788513183594
2024-01-23,99,96.049576,2.9504241943359375
2024-01-23,138,121.77114,16.228858947753906
2024-01-23,131,108.126335,22.87366485595703
2024-01-23,99,99.62513,-0.6251296997070312
2024-01-23,153,154.2925,-1.2924957275390625
2024-01-23,90,89.68844,0.31156158447265625
2024-01-23,61,58.59058,2.4094200134277344
2024-01-23,84,86.55025,-2.5502471923828125
2024-01-23,28,39.05016,-11.050159454345703
2024-01-23,39,45.83921,-6.839210510253906
2024-01-23,90,88.61836,1.3816375732421875
2024-01-23,59,68.50053,-9.500526428222656
2024-01-23,49,64.92067,-15.920669555664062
2024-01-23,100,102.63367,-2.6336669921875
2024-01-23,59,59.293686,-0.2936859130859375
2024-01-23,146,115.40055,30.599449157714844
2024-01-23,108,105.824066,2.175933837890625
2024-01-23,134,125.79656,8.203437805175781
2024-01-23,65,65.76667,-0.7666702270507812
2024-01-23,139,111.68327,27.316726684570312
2024-01-23,59,49.486008,9.513992309570312
2024-01-23,102,94.28696,7.713043212890625
2024-01-23,104,80.80996,23.190040588378906
2024-01-23,110,97.53626,12.463737487792969
2024-01-23,101,91.60185,9.398147583007812
2024-01-23,51,53.64411,-2.6441116333007812
2024-01-23,104,95.01729,8.982711791992188
2024-01-23,149,139.75043,9.24957275390625
2024-01-23,30,76.95271,-46.95271301269531
2024-01-23,144,153.25224,-9.252243041992188
2024-01-23,51,67.58116,-16.581161499023438
2024-01-23,97,101.557686,-4.557685852050781
2024-01-24,98,87.365845,10.6341552734375
2024-01-24,150,158.56628,-8.5662841796875
2024-01-24,238,190.52055,47.47944641113281
2024-01-24,126,102.84648,23.153518676757812
2024-01-24,127,121.31334,5.6866607666015625
2024-01-24,28,51.53007,-23.530071258544922
2024-01-24,86,85.0568,0.9431991577148438
2024-01-24,106,125.81974,-19.819740295410156
2024-01-24,153,172.51996,-19.51995849609375
2024-01-24,149,137.31873,11.6812744140625
2024-01-24,40,44.17727,-4.177268981933594
2024-01-24,126,126.12028,-0.12027740478515625
2024-01-24,84,106.861336,-22.86133575439453
2024-01-24,172,148.83324,23.166763305664062
2024-01-24,90,84.667305,5.332695007324219
2024-01-24,146,155.07137,-9.071365356445312
2024-01-24,100,81.24839,18.751609802246094
2024-01-24,145,131.294,13.70599365234375
2024-01-24,153,128.72226,24.277740478515625
2024-01-24,82,82.68908,-0.6890792846679688
2024-01-24,89,94.36157,-5.361572265625
2024-01-24,80,94.57217,-14.572166442871094
2024-01-24,60,49.910915,10.08908462524414
2024-01-24,128,115.79408,12.205917358398438
2024-01-24,77,90.62243,-13.622428894042969
2024-01-24,165,159.01535,5.984649658203125
2024-01-24,99,93.800835,5.199165344238281
2024-01-24,130,162.74901,-32.74900817871094
2024-01-24,284,241.23772,42.76228332519531
2024-01-24,169,159.88986,9.110137939453125
2024-01-24,119,105.635574,13.364425659179688
2024-01-24,119,110.41081,8.589187622070312
2024-01-24,134,156.62721,-22.627212524414062
2024-01-24,87,87.64666,-0.6466598510742188
2024-01-24,79,69.40897,9.591026306152344
2024-01-24,72,113.397835,-41.39783477783203
2024-01-24,99,103.292534,-4.292533874511719
2024-01-24,103,110.15503,-7.155029296875
2024-01-24,176,167.0488,8.951202392578125
2024-01-24,49,63.624424,-14.62442398071289
2024-01-24,64,61.506393,2.4936065673828125
2024-01-24,126,127.54813,-1.548126220703125
2024-01-24,167,132.99413,34.00587463378906
2024-01-24,92,96.26201,-4.2620086669921875
2024-01-24,85,93.12312,-8.123123168945312
2024-01-24,105,99.2533,5.746696472167969
2024-01-24,56,61.801945,-5.801944732666016
2024-01-24,187,202.89986,-15.899856567382812
2024-01-24,193,177.92232,15.077682495117188
2024-01-24,228,191.78648,36.21351623535156
2024-01-24,81,86.25692,-5.256919860839844
2024-01-24,111,107.73292,3.2670822143554688
2024-01-24,70,103.08653,-33.08653259277344
2024-01-24,104,97.07942,6.9205780029296875
2024-01-24,154,152.50426,1.4957427978515625
2024-01-24,82,114.49292,-32.492919921875
2024-01-24,79,72.73893,6.261070251464844
2024-01-24,59,65.531876,-6.5318756103515625
2024-01-24,128,141.85683,-13.856826782226562
2024-01-24,115,102.44464,12.55535888671875
2024-01-24,115,102.75871,12.241287231445312
2024-01-24,110,98.18213,11.81787109375
2024-01-24,116,112.04266,3.95733642578125
2024-01-24,140,132.9063,7.0937042236328125
2024-01-24,101,109.67215,-8.672149658203125
2024-01-24,121,133.92892,-12.928924560546875
2024-01-24,76,62.35943,13.640571594238281
2024-01-24,78,87.03645,-9.036453247070312
2024-01-24,176,161.86552,14.134475708007812
2024-01-24,129,144.45064,-15.450637817382812
2024-01-24,82,68.54845,13.451553344726562
2024-01-24,87,90.658394,-3.6583938598632812
2024-01-24,94,91.08821,2.9117889404296875
2024-01-24,65,67.188416,-2.18841552734375
2024-01-24,69,64.54926,4.450736999511719
2024-01-24,65,67.32917,-2.3291702270507812
2024-01-24,169,144.93564,24.064361572265625
2024-01-24,52,53.99094,-1.9909400939941406
2024-01-24,69,63.44446,5.555538177490234
2024-01-24,73,71.80156,1.1984405517578125
2024-01-24,236,193.9511,42.04890441894531
2024-01-24,70,59.478386,10.521614074707031
2024-01-24,150,132.13641,17.86358642578125
2024-01-24,145,136.60594,8.394058227539062
2024-01-24,64,67.63076,-3.6307601928710938
2024-01-24,167,168.78098,-1.780975341796875
2024-01-24,56,62.67435,-6.674350738525391
2024-01-24,146,172.61166,-26.611663818359375
2024-01-24,140,145.01268,-5.0126800537109375
2024-01-24,153,129.49458,23.505416870117188
2024-01-24,74,85.88245,-11.8824462890625
2024-01-24,60,71.71794,-11.717941284179688
2024-01-24,163,166.4887,-3.4886932373046875
2024-01-24,111,106.34987,4.6501312255859375
2024-01-24,136,117.5564,18.443603515625
2024-01-24,83,97.6357,-14.635696411132812
2024-01-24,93,103.75014,-10.750137329101562
2024-01-24,139,121.86166,17.138343811035156
2024-01-24,89,99.99899,-10.998992919921875
2024-01-24,121,117.18258,3.8174209594726562
2024-01-25,137,141.6133,-4.6132965087890625
2024-01-25,91,112.522606,-21.522605895996094
2024-01-25,215,166.99431,48.00569152832031
2024-01-25,89,87.76625,1.2337493896484375
2024-01-25,169,172.7034,-3.703399658203125
2024-01-25,147,174.69005,-27.690048217773438
2024-01-25,105,122.63384,-17.63384246826172
2024-01-25,110,122.270096,-12.270095825195312
2024-01-25,210,192.08635,17.913650512695312
2024-01-25,79,90.535095,-11.53509521484375
2024-01-25,92,95.72007,-3.7200698852539062
2024-01-25,112,99.936935,12.063064575195312
2024-01-25,174,154.6879,19.312103271484375
2024-01-25,67,69.6569,-2.6568984985351562
2024-01-25,170,153.57011,16.429885864257812
2024-01-25,156,140.82257,15.17742919921875
2024-01-25,100,114.56167,-14.561668395996094
2024-01-25,189,160.43405,28.565948486328125
2024-01-25,115,124.44962,-9.449623107910156
2024-01-25,48,51.887253,-3.8872528076171875
2024-01-25,49,88.907814,-39.907814025878906
2024-01-25,54,71.0929,-17.09290313720703
2024-01-25,78,111.045265,-33.045265197753906
2024-01-25,109,106.559906,2.440093994140625
2024-01-25,133,133.47162,-0.47161865234375
2024-01-25,226,225.49312,0.5068817138671875
2024-01-25,155,145.00275,9.99725341796875
2024-01-25,120,152.71347,-32.713470458984375
2024-01-25,135,142.37724,-7.3772430419921875
2024-01-25,115,133.50406,-18.504058837890625
2024-01-25,80,76.556465,3.4435348510742188
2024-01-25,86,92.64857,-6.648567199707031
2024-01-25,114,120.76024,-6.7602386474609375
2024-01-25,87,95.25377,-8.253768920898438
2024-01-25,121,124.80697,-3.8069686889648438
2024-01-25,132,127.01136,4.988639831542969
2024-01-25,98,126.4003,-28.400299072265625
2024-01-25,120,104.56086,15.439140319824219
2024-01-25,131,133.15836,-2.158355712890625
2024-01-25,56,84.37636,-28.376358032226562
2024-01-25,73,80.988075,-7.988075256347656
2024-01-25,73,105.59736,-32.59735870361328
2024-01-25,100,127.71003,-27.71002960205078
2024-01-25,162,135.68983,26.310165405273438
2024-01-25,147,147.73375,-0.7337493896484375
2024-01-25,103,124.75281,-21.7528076171875
2024-01-25,145,143.47136,1.5286407470703125
2024-01-25,109,117.38784,-8.387840270996094
2024-01-25,180,169.12558,10.874420166015625
2024-01-25,90,121.50174,-31.501739501953125
2024-01-25,106,117.73076,-11.730758666992188
2024-01-25,85,81.70112,3.2988815307617188
2024-01-25,220,234.96074,-14.960739135742188
2024-01-25,115,111.406746,3.5932540893554688
2024-01-25,188,189.76114,-1.761138916015625
2024-01-25,151,155.54301,-4.5430145263671875
2024-01-25,64,82.44793,-18.44792938232422
2024-01-25,102,99.50967,2.4903335571289062
2024-01-25,154,167.59938,-13.599380493164062
2024-01-25,158,160.73073,-2.7307281494140625
2024-01-25,135,140.30072,-5.30072021484375
2024-01-25,105,130.35797,-25.35797119140625
2024-01-25,68,72.03587,-4.0358734130859375
2024-01-25,95,98.51029,-3.5102920532226562
2024-01-25,105,113.81112,-8.811119079589844
2024-01-25,191,186.46631,4.53369140625
2024-01-25,152,145.01279,6.987213134765625
2024-01-25,96,96.88301,-0.8830108642578125
2024-01-25,189,175.35776,13.642242431640625
2024-01-25,140,158.48643,-18.486434936523438
2024-01-25,153,137.81586,15.18414306640625
2024-01-25,120,115.87524,4.124763488769531
2024-01-25,212,182.48555,29.514450073242188
2024-01-25,57,55.538116,1.461883544921875
2024-01-25,73,68.37937,4.620628356933594
2024-01-25,85,84.973885,0.02611541748046875
2024-01-25,134,143.90417,-9.9041748046875
2024-01-25,96,89.881195,6.118804931640625
2024-01-25,112,120.105484,-8.105484008789062
2024-01-25,44,63.66487,-19.664871215820312
2024-01-25,209,168.68994,40.31005859375
2024-01-25,101,112.056244,-11.056243896484375
2024-01-25,62,67.912994,-5.912994384765625
2024-01-25,143,130.77063,12.2293701171875
2024-01-25,145,171.2781,-26.278106689453125
2024-01-25,141,151.19379,-10.19378662109375
2024-01-25,37,49.31575,-12.315750122070312
2024-01-25,148,160.09845,-12.09844970703125
2024-01-25,112,140.73209,-28.732086181640625
2024-01-25,76,108.10352,-32.10352325439453
2024-01-25,85,76.94429,8.055709838867188
2024-01-25,4,19.372833,-15.372833251953125
2024-01-25,151,157.41275,-6.412750244140625
2024-01-25,66,66.13287,-0.13287353515625
2024-01-25,103,84.451645,18.548355102539062
2024-01-25,98,89.19233,8.807670593261719
2024-01-25,117,156.37325,-39.37324523925781
2024-01-25,175,164.70319,10.29681396484375
2024-01-25,97,119.7924,-22.792396545410156
2024-01-25,63,101.247246,-38.24724578857422
2024-01-26,72,84.80687,-12.806869506835938
2024-01-26,144,180.43205,-36.43205261230469
2024-01-26,95,66.808846,28.19115447998047
2024-01-26,67,62.865837,4.134162902832031
2024-01-26,166,149.27206,16.727935791015625
2024-01-26,67,81.85841,-14.858413696289062
2024-01-26,99,99.00516,-0.005157470703125
2024-01-26,112,97.34709,14.652908325195312
2024-01-26,119,117.460526,1.5394744873046875
2024-01-26,91,92.23598,-1.2359771728515625
2024-01-26,106,108.89971,-2.8997116088867188
2024-01-26,125,127.65209,-2.6520919799804688
2024-01-26,104,94.72679,9.273208618164062
2024-01-26,116,120.75594,-4.755943298339844
2024-01-26,148,123.751205,24.248794555664062
2024-01-26,113,92.69319,20.306808471679688
2024-01-26,77,61.50528,15.494720458984375
2024-01-26,116,89.83484,26.1651611328125
2024-01-26,153,135.26794,17.7320556640625
2024-01-26,69,66.939384,2.0606155395507812
2024-01-26,102,106.91825,-4.918251037597656
2024-01-26,111,149.5706,-38.57060241699219
2024-01-26,159,136.55627,22.4437255859375
2024-01-26,122,113.72729,8.272712707519531
2024-01-26,175,159.34914,15.650863647460938
2024-01-26,121,127.1163,-6.116302490234375
2024-01-26,75,82.06501,-7.065010070800781
2024-01-26,104,95.97432,8.025680541992188
2024-01-26,135,108.995384,26.004615783691406
2024-01-26,120,123.001976,-3.0019760131835938
2024-01-26,78,69.687485,8.312515258789062
2024-01-26,49,83.23607,-34.23606872558594
2024-01-26,120,126.0067,-6.0066986083984375
2024-01-26,121,104.03525,16.964752197265625
2024-01-26,206,174.47871,31.521286010742188
2024-01-26,101,101.18477,-0.1847686767578125
2024-01-26,81,82.17487,-1.1748733520507812
2024-01-26,179,150.13353,28.866470336914062
2024-01-26,146,161.14464,-15.144638061523438
2024-01-26,119,111.20046,7.799537658691406
2024-01-26,81,83.37914,-2.3791427612304688
2024-01-26,57,88.29557,-31.295570373535156
2024-01-26,110,101.10448,8.895523071289062
2024-01-26,189,152.6876,36.31239318847656
2024-01-26,86,67.21478,18.78521728515625
2024-01-26,120,112.70416,7.29583740234375
2024-01-26,83,86.878525,-3.8785247802734375
2024-01-26,135,126.13454,8.865463256835938
2024-01-26,94,69.91803,24.08197021484375
2024-01-26,18,15.192514,2.807485580444336
2024-01-26,91,84.54806,6.451942443847656
2024-01-26,93,89.6657,3.3342971801757812
2024-01-26,52,55.52036,-3.5203590393066406
2024-01-26,128,126.16899,1.8310089111328125
2024-01-26,146,130.66548,15.334518432617188
2024-01-26,157,129.79504,27.2049560546875
2024-01-26,118,109.16333,8.836669921875
2024-01-26,114,101.91627,12.083732604980469
2024-01-26,114,114.0536,-0.05359649658203125
2024-01-26,69,69.86952,-0.8695220947265625
2024-01-26,86,87.53467,-1.53466796875
2024-01-26,108,140.08911,-32.089111328125
2024-01-26,106,100.70739,5.292610168457031
2024-01-26,216,192.13919,23.860809326171875
2024-01-26,151,162.46503,-11.46502685546875
2024-01-26,140,115.58947,24.41053009033203
2024-01-26,94,120.48556,-26.485557556152344
2024-01-26,109,96.57059,12.429412841796875
2024-01-26,168,138.69124,29.308761596679688
2024-01-26,103,91.30911,11.690887451171875
2024-01-26,88,76.29378,11.706222534179688
2024-01-26,81,100.07381,-19.073806762695312
2024-01-26,146,150.65909,-4.659088134765625
2024-01-26,85,88.37297,-3.3729705810546875
2024-01-26,89,93.46929,-4.469291687011719
2024-01-26,91,86.52875,4.47125244140625
2024-01-26,135,128.03264,6.9673614501953125
2024-01-26,69,75.447334,-6.447334289550781
2024-01-26,258,221.64825,36.35174560546875
2024-01-26,74,71.92237,2.0776290893554688
2024-01-26,152,121.96549,30.034507751464844
2024-01-26,84,109.61519,-25.615188598632812
2024-01-26,80,86.05798,-6.0579833984375
2024-01-26,167,168.09163,-1.0916290283203125
2024-01-26,248,203.21962,44.78038024902344
2024-01-26,76,112.25981,-36.25981140136719
2024-01-26,99,127.44568,-28.4456787109375
2024-01-26,122,113.44437,8.555633544921875
2024-01-26,62,57.543343,4.456657409667969
2024-01-26,29,32.244434,-3.244434356689453
2024-01-26,118,112.39172,5.6082763671875
2024-01-26,65,90.475815,-25.475814819335938
2024-01-26,127,154.01244,-27.012435913085938
2024-01-26,65,71.766815,-6.766815185546875
2024-01-26,151,145.97989,5.020111083984375
2024-01-26,69,66.24995,2.7500534057617188
2024-01-26,75,77.45617,-2.4561691284179688
2024-01-26,135,141.04366,-6.0436553955078125
2024-01-26,89,103.33755,-14.337547302246094
2024-01-26,134,129.02466,4.975341796875
2024-01-27,99,86.646355,12.353645324707031
2024-01-27,125,133.8962,-8.896194458007812
2024-01-27,69,59.723377,9.276622772216797
2024-01-27,114,123.354256,-9.354255676269531
2024-01-27,183,192.75798,-9.757980346679688
2024-01-27,80,70.482895,9.517105102539062
2024-01-27,157,147.92325,9.076751708984375
2024-01-27,102,102.29302,-0.29302215576171875
2024-01-27,198,191.23857,6.7614288330078125
2024-01-27,68,54.77895,13.221050262451172
2024-01-27,79,82.30874,-3.3087387084960938
2024-01-27,159,138.81007,20.189926147460938
2024-01-27,69,87.84229,-18.84229278564453
2024-01-27,178,161.23434,16.765655517578125
2024-01-27,144,152.08939,-8.089385986328125
2024-01-27,62,47.93382,14.066181182861328
2024-01-27,131,120.168335,10.8316650390625
2024-01-27,156,175.20256,-19.202560424804688
2024-01-27,77,86.69345,-9.693450927734375
2024-01-27,79,77.58298,1.417022705078125
2024-01-27,150,152.83633,-2.836334228515625
2024-01-27,196,184.14961,11.850387573242188
2024-01-27,143,126.15051,16.8494873046875
2024-01-27,111,152.66582,-41.66581726074219
2024-01-27,132,150.33061,-18.330612182617188
2024-01-27,167,157.4839,9.516098022460938
2024-01-27,174,161.70905,12.29095458984375
2024-01-27,173,162.23946,10.760543823242188
2024-01-27,148,135.59924,12.4007568359375
2024-01-27,159,136.26341,22.736587524414062
2024-01-27,66,58.506004,7.493995666503906
2024-01-27,81,74.07701,6.9229888916015625
2024-01-27,117,102.0953,14.904701232910156
2024-01-27,148,129.16028,18.8397216796875
2024-01-27,179,194.8215,-15.821502685546875
2024-01-27,110,111.28539,-1.2853927612304688
2024-01-27,99,102.104416,-3.1044158935546875
2024-01-27,218,183.54329,34.45671081542969
2024-01-27,79,106.491585,-27.49158477783203
2024-01-27,72,74.73567,-2.7356719970703125
2024-01-27,125,117.63553,7.364471435546875
2024-01-27,112,161.2037,-49.203704833984375
2024-01-27,84,85.85344,-1.8534393310546875
2024-01-27,134,132.01303,1.986968994140625
2024-01-27,109,145.97232,-36.972320556640625
2024-01-27,122,119.20023,2.7997665405273438
2024-01-27,162,146.90657,15.093429565429688
2024-01-27,149,137.11452,11.885482788085938
2024-01-27,164,152.74596,11.254043579101562
2024-01-27,137,129.39658,7.603424072265625
2024-01-27,101,102.91251,-1.9125137329101562
2024-01-27,107,92.22033,14.779670715332031
2024-01-27,152,164.40282,-12.402816772460938
2024-01-27,65,70.39563,-5.3956298828125
2024-01-27,183,194.99669,-11.996688842773438
2024-01-27,88,81.20151,6.798492431640625
2024-01-27,117,104.55188,12.4481201171875
2024-01-27,16,47.55747,-31.55746841430664
2024-01-27,66,98.312515,-32.31251525878906
2024-01-27,114,116.36571,-2.3657073974609375
2024-01-27,120,136.46515,-16.46514892578125
2024-01-27,170,170.41377,-0.4137725830078125
2024-01-27,73,79.11409,-6.1140899658203125
2024-01-27,158,161.80687,-3.8068695068359375
2024-01-27,222,182.29414,39.70585632324219
2024-01-27,87,78.24313,8.756866455078125
2024-01-27,218,197.26828,20.731719970703125
2024-01-27,83,79.265594,3.734405517578125
2024-01-27,175,170.41452,4.585479736328125
2024-01-27,131,133.88815,-2.888153076171875
2024-01-27,55,49.519146,5.480854034423828
2024-01-27,51,50.81179,0.18820953369140625
2024-01-27,151,123.69542,27.304580688476562
2024-01-27,112,98.97848,13.021522521972656
2024-01-27,131,130.1616,0.8383941650390625
2024-01-27,77,78.37298,-1.3729782104492188
2024-01-27,68,53.5456,14.454399108886719
2024-01-27,84,87.89113,-3.8911285400390625
2024-01-27,59,60.123627,-1.123626708984375
2024-01-27,68,66.41191,1.5880889892578125
2024-01-27,68,77.03066,-9.030662536621094
2024-01-27,83,118.21475,-35.214752197265625
2024-01-27,92,76.542816,15.457183837890625
2024-01-27,69,77.25913,-8.259132385253906
2024-01-27,111,132.73021,-21.730209350585938
2024-01-27,142,125.61392,16.386077880859375
2024-01-27,92,96.67681,-4.676811218261719
2024-01-27,119,114.67756,4.322441101074219
2024-01-27,92,88.12705,3.8729476928710938
2024-01-27,108,97.67501,10.324989318847656
2024-01-27,89,91.15009,-2.1500930786132812
2024-01-27,66,62.329533,3.6704673767089844
2024-01-27,175,157.34749,17.652511596679688
2024-01-27,67,68.27868,-1.2786788940429688
2024-01-27,120,129.57512,-9.575119018554688
2024-01-27,48,37.335773,10.664226531982422
2024-01-27,111,100.28234,10.717658996582031
2024-01-27,136,153.09651,-17.096511840820312
2024-01-27,63,67.42226,-4.4222564697265625
2024-01-27,38,38.09286,-0.09286117553710938
2024-01-28,139,117.88857,21.111427307128906
2024-01-28,114,124.961845,-10.961845397949219
2024-01-28,192,184.77779,7.2222137451171875
2024-01-28,108,103.05746,4.942543029785156
2024-01-28,83,105.28531,-22.285308837890625
2024-01-28,127,130.6835,-3.683502197265625
2024-01-28,92,97.5181,-5.518096923828125
2024-01-28,118,124.38308,-6.383079528808594
2024-01-28,164,164.19347,-0.1934661865234375
2024-01-28,82,81.82832,0.1716766357421875
2024-01-28,95,90.355286,4.64471435546875
2024-01-28,65,61.63,3.3699989318847656
2024-01-28,57,107.95439,-50.95439147949219
2024-01-28,59,73.50065,-14.500648498535156
2024-01-28,80,95.56832,-15.568321228027344
2024-01-28,140,112.62345,27.376548767089844
2024-01-28,144,155.752,-11.751998901367188
2024-01-28,245,246.76897,-1.7689666748046875
2024-01-28,80,71.35438,8.645622253417969
2024-01-28,103,85.58835,17.411651611328125
2024-01-28,151,130.17639,20.8236083984375
2024-01-28,104,105.27322,-1.2732162475585938
2024-01-28,170,153.4989,16.5010986328125
2024-01-28,124,135.67038,-11.670379638671875
2024-01-28,101,110.8462,-9.846199035644531
2024-01-28,167,147.85722,19.142776489257812
2024-01-28,60,79.38379,-19.3837890625
2024-01-28,124,149.7582,-25.758193969726562
2024-01-28,131,134.04536,-3.0453643798828125
2024-01-28,112,138.07664,-26.076644897460938
2024-01-28,121,124.25986,-3.259857177734375
2024-01-28,87,84.632835,2.3671646118164062
2024-01-28,130,140.9154,-10.9154052734375
2024-01-28,37,54.720276,-17.72027587890625
2024-01-28,58,75.86544,-17.865440368652344
2024-01-28,61,70.312004,-9.312004089355469
2024-01-28,124,131.22694,-7.2269439697265625
2024-01-28,147,127.67287,19.327133178710938
2024-01-28,117,115.16731,1.8326873779296875
2024-01-28,134,126.64446,7.355537414550781
2024-01-28,103,88.60114,14.398857116699219
2024-01-28,111,114.500565,-3.5005645751953125
2024-01-28,164,150.40242,13.597579956054688
2024-01-28,175,174.49986,0.5001373291015625
2024-01-28,29,39.45582,-10.455818176269531
2024-01-28,111,97.337944,13.662055969238281
2024-01-28,123,121.875206,1.1247940063476562
2024-01-28,74,88.51689,-14.516891479492188
2024-01-28,103,100.41189,2.5881118774414062
2024-01-28,104,112.49833,-8.498329162597656
2024-01-28,106,101.675385,4.324615478515625
2024-01-28,112,94.80701,17.1929931640625
2024-01-28,121,117.72048,3.2795181274414062
2024-01-28,138,134.40088,3.59912109375
2024-01-28,126,157.8093,-31.809295654296875
2024-01-28,65,57.28026,7.7197418212890625
2024-01-28,131,142.87996,-11.879959106445312
2024-01-28,97,91.68506,5.31494140625
2024-01-28,188,164.45293,23.547073364257812
2024-01-28,161,156.53528,4.4647216796875
2024-01-28,175,143.40378,31.596221923828125
2024-01-28,97,107.1031,-10.103103637695312
2024-01-28,126,134.5363,-8.536300659179688
2024-01-28,136,125.72973,10.270271301269531
2024-01-28,153,137.3326,15.667404174804688
2024-01-28,223,189.84048,33.159515380859375
2024-01-28,156,143.26074,12.7392578125
2024-01-28,73,78.285545,-5.285545349121094
2024-01-28,82,115.32882,-33.328819274902344
2024-01-28,122,133.73187,-11.73187255859375
2024-01-28,55,56.547237,-1.5472373962402344
2024-01-28,146,150.1776,-4.1775970458984375
2024-01-28,146,174.41356,-28.413558959960938
2024-01-28,126,120.49847,5.501533508300781
2024-01-28,88,107.79981,-19.79981231689453
2024-01-28,87,80.88085,6.119148254394531
2024-01-28,116,168.19014,-52.19013977050781
2024-01-28,89,106.51667,-17.51667022705078
2024-01-28,58,72.43035,-14.430351257324219
2024-01-28,75,70.06494,4.93505859375
2024-01-28,128,133.84932,-5.8493194580078125
2024-01-28,115,121.60418,-6.604179382324219
2024-01-28,113,114.55291,-1.5529098510742188
2024-01-28,147,136.79701,10.202987670898438
2024-01-28,98,137.80676,-39.8067626953125
2024-01-28,112,99.900444,12.099555969238281
2024-01-28,96,115.52412,-19.52411651611328
2024-01-28,133,146.94844,-13.948440551757812
2024-01-28,98,120.30424,-22.304237365722656
2024-01-28,87,109.80616,-22.80615997314453
2024-01-28,112,105.47001,6.529991149902344
2024-01-28,96,95.486015,0.5139846801757812
2024-01-28,116,122.397194,-6.397193908691406
2024-01-28,85,89.40066,-4.400657653808594
2024-01-28,193,174.80688,18.193115234375
2024-01-28,65,57.883137,7.116863250732422
2024-01-28,106,119.10738,-13.107383728027344
2024-01-28,115,125.46188,-10.461883544921875
2024-01-28,77,83.77902,-6.779022216796875
2024-01-28,130,134.55608,-4.5560760498046875
2024-01-29,112,102.74487,9.255126953125
2024-01-29,64,58.64453,5.35546875
2024-01-29,198,170.88258,27.117416381835938
2024-01-29,76,89.41313,-13.413131713867188
2024-01-29,123,127.169395,-4.169395446777344
2024-01-29,113,107.42152,5.578483581542969
2024-01-29,173,133.31734,39.68266296386719
2024-01-29,109,90.16389,18.83611297607422
2024-01-29,133,138.11784,-5.1178436279296875
2024-01-29,68,69.558075,-1.558074951171875
2024-01-29,65,56.17467,8.825328826904297
2024-01-29,174,155.94904,18.05096435546875
2024-01-29,109,106.03117,2.9688262939453125
2024-01-29,77,78.6114,-1.6113967895507812
2024-01-29,86,92.340675,-6.340675354003906
2024-01-29,99,84.146225,14.853775024414062
2024-01-29,108,120.34711,-12.34710693359375
2024-01-29,103,103.504326,-0.5043258666992188
2024-01-29,105,106.16606,-1.1660614013671875
2024-01-29,72,70.22153,1.778472900390625
2024-01-29,57,54.899937,2.1000633239746094
2024-01-29,69,81.07684,-12.07684326171875
2024-01-29,102,124.02086,-22.020858764648438
2024-01-29,139,136.04568,2.954315185546875
2024-01-29,68,64.771286,3.2287139892578125
2024-01-29,100,113.50188,-13.501876831054688
2024-01-29,129,105.123535,23.87646484375
2024-01-29,111,99.77021,11.229789733886719
2024-01-29,85,79.95081,5.049186706542969
2024-01-29,120,111.16016,8.83984375
2024-01-29,152,144.16719,7.8328094482421875
2024-01-29,77,64.78683,12.213172912597656
2024-01-29,80,83.3531,-3.3531036376953125
2024-01-29,90,79.98046,10.019538879394531
2024-01-29,122,126.24586,-4.245857238769531
2024-01-29,137,115.91711,21.08289337158203
2024-01-29,79,74.61017,4.38983154296875
2024-01-29,85,113.57406,-28.574058532714844
2024-01-29,118,116.84733,1.1526718139648438
2024-01-29,43,49.82289,-6.8228912353515625
2024-01-29,55,52.445366,2.5546340942382812
2024-01-29,116,111.682205,4.3177947998046875
2024-01-29,87,94.70244,-7.7024383544921875
2024-01-29,100,115.51808,-15.518081665039062
2024-01-29,66,88.50553,-22.505531311035156
2024-01-29,88,98.79541,-10.79541015625
2024-01-29,113,98.3369,14.663101196289062
2024-01-29,166,134.68645,31.313552856445312
2024-01-29,138,117.964645,20.035354614257812
2024-01-29,94,99.976,-5.9759979248046875
2024-01-29,114,111.937584,2.0624160766601562
2024-01-29,43,35.01548,7.984519958496094
2024-01-29,109,106.31905,2.6809463500976562
2024-01-29,96,97.83656,-1.8365631103515625
2024-01-29,81,122.28357,-41.2835693359375
2024-01-29,111,101.51412,9.485877990722656
2024-01-29,77,79.95256,-2.9525604248046875
2024-01-29,79,79.429436,-0.42943572998046875
2024-01-29,81,75.30301,5.696990966796875
2024-01-29,109,106.76384,2.2361602783203125
2024-01-29,171,145.6459,25.354095458984375
2024-01-29,137,124.14929,12.8507080078125
2024-01-29,74,85.79504,-11.795036315917969
2024-01-29,132,156.43434,-24.434341430664062
2024-01-29,56,68.875626,-12.875625610351562
2024-01-29,118,149.8652,-31.865203857421875
2024-01-29,89,89.268776,-0.26877593994140625
2024-01-29,83,83.37345,-0.37345123291015625
2024-01-29,42,33.26102,8.73897933959961
2024-01-29,115,117.98796,-2.9879608154296875
2024-01-29,97,93.209915,3.7900848388671875
2024-01-29,166,156.20926,9.790740966796875
2024-01-29,120,101.13975,18.860252380371094
2024-01-29,83,91.19121,-8.191207885742188
2024-01-29,66,74.94663,-8.946632385253906
2024-01-29,71,73.88908,-2.8890762329101562
2024-01-29,132,166.47415,-34.474151611328125
2024-01-29,97,101.576004,-4.5760040283203125
2024-01-29,120,112.96736,7.0326385498046875
2024-01-29,63,78.49743,-15.497428894042969
2024-01-29,118,118.29525,-0.29524993896484375
2024-01-29,118,103.73552,14.264480590820312
2024-01-29,100,110.25598,-10.2559814453125
2024-01-29,87,102.67627,-15.67626953125
2024-01-29,164,139.18495,24.815048217773438
2024-01-29,78,122.987404,-44.987403869628906
2024-01-29,133,124.17187,8.828132629394531
2024-01-29,169,148.51572,20.484283447265625
2024-01-29,67,76.63036,-9.630363464355469
2024-01-29,90,93.50308,-3.503082275390625
2024-01-29,51,66.54822,-15.5482177734375
2024-01-29,71,63.183723,7.816276550292969
2024-01-29,142,119.00929,22.990707397460938
2024-01-29,90,91.120766,-1.1207656860351562
2024-01-29,94,119.182526,-25.182525634765625
2024-01-29,109,108.09655,0.9034500122070312
2024-01-29,132,138.12428,-6.1242828369140625
2024-01-29,202,176.189,25.811004638671875
2024-01-29,63,58.456432,4.543567657470703
2024-01-29,105,104.87747,0.122528076171875
2024-01-30,111,98.98266,12.017341613769531
2024-01-30,119,105.721756,13.278244018554688
2024-01-30,137,134.73544,2.264556884765625
2024-01-30,84,84.274254,-0.27425384521484375
2024-01-30,29,28.91591,0.08408927917480469
2024-01-30,96,101.27531,-5.275306701660156
2024-01-30,80,82.979485,-2.9794845581054688
2024-01-30,53,52.775032,0.22496795654296875
2024-01-30,84,93.80899,-9.808990478515625
2024-01-30,69,70.05824,-1.0582427978515625
2024-01-30,44,51.089794,-7.089794158935547
2024-01-30,86,89.856674,-3.8566741943359375
2024-01-30,116,111.203735,4.7962646484375
2024-01-30,86,99.538864,-13.538864135742188
2024-01-30,83,68.82257,14.17742919921875
2024-01-30,90,88.78442,1.2155838012695312
2024-01-30,80,87.93958,-7.939582824707031
2024-01-30,70,84.669785,-14.669784545898438
2024-01-30,61,54.43499,6.565010070800781
2024-01-30,73,75.04304,-2.0430374145507812
2024-01-30,87,105.16791,-18.16790771484375
2024-01-30,78,88.98818,-10.988182067871094
2024-01-30,79,83.30533,-4.305328369140625
2024-01-30,73,80.26484,-7.264839172363281
2024-01-30,138,118.48139,19.51860809326172
2024-01-30,118,123.15355,-5.1535491943359375
2024-01-30,109,113.58868,-4.588676452636719
2024-01-30,96,114.794365,-18.79436492919922
2024-01-30,108,102.8423,5.1576995849609375
2024-01-30,107,113.213036,-6.213035583496094
2024-01-30,62,57.162697,4.837303161621094
2024-01-30,96,99.60974,-3.6097412109375
2024-01-30,129,130.96649,-1.96649169921875
2024-01-30,101,90.99589,10.004112243652344
2024-01-30,67,59.57421,7.425788879394531
2024-01-30,105,115.90267,-10.902671813964844
2024-01-30,72,53.636448,18.36355209350586
2024-01-30,149,137.52315,11.476852416992188
2024-01-30,118,125.4774,-7.4774017333984375
2024-01-30,82,78.556816,3.4431838989257812
2024-01-30,58,59.36138,-1.3613815307617188
2024-01-30,112,108.08495,3.9150466918945312
2024-01-30,103,99.842606,3.1573944091796875
2024-01-30,84,88.82622,-4.8262176513671875
2024-01-30,130,111.3044,18.695602416992188
2024-01-30,147,142.36476,4.6352386474609375
2024-01-30,114,107.52162,6.4783782958984375
2024-01-30,114,107.60025,6.399749755859375
2024-01-30,151,147.77858,3.2214202880859375
2024-01-30,132,152.29486,-20.29486083984375
2024-01-30,134,136.59895,-2.5989532470703125
2024-01-30,49,51.7412,-2.741199493408203
2024-01-30,121,122.31438,-1.3143768310546875
2024-01-30,157,159.11517,-2.11517333984375
2024-01-30,134,146.80594,-12.805938720703125
2024-01-30,124,115.61451,8.385490417480469
2024-01-30,118,112.3402,5.659797668457031
2024-01-30,90,93.38403,-3.384033203125
2024-01-30,132,133.78004,-1.7800445556640625
2024-01-30,96,103.990555,-7.9905548095703125
2024-01-30,123,123.93597,-0.9359664916992188
2024-01-30,57,65.320816,-8.320816040039062
2024-01-30,59,60.711353,-1.7113533020019531
2024-01-30,132,137.79655,-5.7965545654296875
2024-01-30,98,97.919235,0.0807647705078125
2024-01-30,98,84.90661,13.093391418457031
2024-01-30,154,147.86008,6.139923095703125
2024-01-30,69,72.07498,-3.074981689453125
2024-01-30,127,115.99926,11.000740051269531
2024-01-30,117,135.10547,-18.10546875
2024-01-30,96,86.609825,9.390174865722656
2024-01-30,91,92.08811,-1.0881118774414062
2024-01-30,34,50.178505,-16.178504943847656
2024-01-30,39,41.189606,-2.189605712890625
2024-01-30,40,45.959892,-5.959892272949219
2024-01-30,43,44.99598,-1.9959793090820312
2024-01-30,121,134.85054,-13.850540161132812
2024-01-30,66,77.32439,-11.324386596679688
2024-01-30,126,125.91544,0.08455657958984375
2024-01-30,93,83.55741,9.442588806152344
2024-01-30,99,105.13043,-6.13043212890625
2024-01-30,136,124.26038,11.739616394042969
2024-01-30,121,113.26564,7.7343597412109375
2024-01-30,115,124.44886,-9.448860168457031
2024-01-30,113,91.61282,21.387176513671875
2024-01-30,163,154.20195,8.798049926757812
2024-01-30,56,56.170605,-0.17060470581054688
2024-01-30,81,93.18385,-12.183853149414062
2024-01-30,94,99.306526,-5.306526184082031
2024-01-30,78,75.13648,2.8635177612304688
2024-01-30,74,66.28035,7.7196502685546875
2024-01-30,54,49.90848,4.091518402099609
2024-01-30,97,109.0857,-12.085700988769531
2024-01-30,120,122.55743,-2.5574264526367188
2024-01-30,122,108.92159,13.078407287597656
2024-01-30,64,58.99855,5.0014495849609375
2024-01-30,137,118.60489,18.395111083984375
2024-01-30,68,68.431946,-0.43194580078125
2024-01-30,84,94.32962,-10.329620361328125
2024-01-30,73,74.2497,-1.2497024536132812
